mut,subpool,drug,ic50,hill,r2,fit_status
E355A,S15,Asciminib,31.68443579,1.275532613,0.89900241,ok
E355A,S15,Imatinib,275.0193124,3.104799211,0.983611412,ok
E355C,S15,Asciminib,23.11020648,1.163331229,0.942740708,ok
E355C,S15,Imatinib,230.6282788,1.953957509,0.975728324,ok
E355D,S15,Asciminib,18.96776977,1.590217224,0.969728183,ok
E355D,S15,Imatinib,220.3854865,2.856427019,0.976224945,ok
E355F,S15,Asciminib,33.53701502,1.220244358,0.909632969,ok
E355F,S15,Imatinib,228.381907,2.998746421,0.967924619,ok
E355G,S15,Asciminib,30.10833244,1.254422049,0.870259006,ok
E355G,S15,Imatinib,320.1118681,2.656161194,0.923624239,ok
E355H,S15,Asciminib,19.20542243,1.251783878,0.956315193,ok
E355H,S15,Imatinib,249.3393127,2.748315626,0.971025261,ok
E355I,S15,Asciminib,185.6542657,0.447797374,0.619416525,ok
E355I,S15,Imatinib,262.68052,2.934552944,0.969820308,ok
E355K,S15,Asciminib,10001,0.02096439,-0.005776586,ic50_exceeds_range
E355K,S15,Imatinib,224.7781723,2.887427431,0.966862214,ok
E355L,S15,Asciminib,16.50538888,1.019660419,0.914415566,ok
E355L,S15,Imatinib,204.5926698,2.511935376,0.98151467,ok
E355M,S15,Asciminib,17.87693065,1.232194065,0.954027189,ok
E355M,S15,Imatinib,222.0809953,2.059920765,0.956497719,ok
E355N,S15,Asciminib,34.92667658,1.214525374,0.903211596,ok
E355N,S15,Imatinib,234.5429549,3.056678755,0.973935587,ok
E355P,S15,Asciminib,8.721736914,0.930371467,0.944693044,ok
E355P,S15,Imatinib,185.290057,2.005841131,0.988900104,ok
E355Q,S15,Asciminib,22.50661418,1.442391765,0.961648101,ok
E355Q,S15,Imatinib,269.3393757,3.042949357,0.965440472,ok
E355R,S15,Asciminib,68.80231088,0.803639164,0.740506508,ok
E355R,S15,Imatinib,248.1848335,3.177287437,0.949029869,ok
E355S,S15,Asciminib,23.8355493,1.425613922,0.943249196,ok
E355S,S15,Imatinib,269.7130995,2.900867358,0.967488681,ok
E355T,S15,Asciminib,18.6646354,1.200137416,0.937611061,ok
E355T,S15,Imatinib,249.1765973,2.835832837,0.980475831,ok
E355V,S15,Asciminib,31.53124656,1.144227776,0.871958258,ok
E355V,S15,Imatinib,239.0087902,2.252360433,0.973933619,ok
E355W,S15,Asciminib,32.37086088,1.691857603,0.934593188,ok
E355W,S15,Imatinib,220.8690699,2.620273127,0.979452833,ok
E355Y,S15,Asciminib,39.29185306,3.29098721,0.904870294,ok
E355Y,S15,Imatinib,223.9105272,3.305417517,0.94911358,ok
E466A,S29,Asciminib,25.51059139,1.377075983,0.878455115,ok
E466A,S29,Imatinib,320.5342971,3.166902041,0.954399855,ok
E466C,S29,Asciminib,18.26667234,1.079799124,0.933583901,ok
E466C,S29,Imatinib,283.0384305,3.088380093,0.973566407,ok
E466D,S29,Asciminib,21.28888405,1.095900223,0.971876886,ok
E466D,S29,Imatinib,281.5004492,3.155076027,0.955973664,ok
E466F,S29,Asciminib,32.55881396,1.580940141,0.924973539,ok
E466F,S29,Imatinib,309.3180037,3.510950981,0.935380277,ok
E466G,S29,Asciminib,34.57596098,4.731916717,0.757705216,ok
E466G,S29,Imatinib,418.2808607,3.624548122,0.878834428,ok
E466H,S29,Asciminib,37.04156487,1.005402818,0.891382733,ok
E466H,S29,Imatinib,366.3267814,3.393808494,0.904283562,ok
E466I,S29,Asciminib,13.6081988,0.919467535,0.967323113,ok
E466I,S29,Imatinib,267.4832415,2.784728816,0.981754446,ok
E466K,S29,Asciminib,7.934194363,1.111256487,0.907388241,ok
E466K,S29,Imatinib,187.4950715,1.909512329,0.980434936,ok
E466L,S29,Asciminib,23.67726969,1.450248738,0.818132116,ok
E466L,S29,Imatinib,255.9719815,2.920552026,0.840397964,ok
E466M,S29,Asciminib,18.25012351,0.969743463,0.950495912,ok
E466M,S29,Imatinib,285.8322392,2.926991613,0.973771693,ok
E466N,S29,Asciminib,17.79219401,0.941182622,0.978757338,ok
E466N,S29,Imatinib,312.9744121,3.158776541,0.951281627,ok
E466P,S29,Asciminib,29.12235837,1.590239504,0.932869253,ok
E466P,S29,Imatinib,286.9239875,2.865104762,0.974511311,ok
E466Q,S29,Asciminib,24.25759257,1.222737022,0.960654464,ok
E466Q,S29,Imatinib,250.8574353,2.818509372,0.959319204,ok
E466R,S29,Asciminib,46.57224987,1.687803659,0.846894003,ok
E466R,S29,Imatinib,365.3773222,4.241058099,0.740844455,ok
E466S,S29,Asciminib,8.249122876,5.562279462,0.9469337,ok
E466S,S29,Imatinib,228.823058,2.316073998,0.967275582,ok
E466T,S29,Asciminib,20.88196136,1.287115903,0.946044665,ok
E466T,S29,Imatinib,290.2568669,3.054832958,0.973929901,ok
E466V,S29,Asciminib,27.47123219,1.052657895,0.958355729,ok
E466V,S29,Imatinib,313.7505854,3.295416386,0.915407806,ok
E466W,S29,Asciminib,17.89455027,1.08668287,0.917997967,ok
E466W,S29,Imatinib,266.719971,2.799237007,0.972802798,ok
E466Y,S29,Asciminib,21.88039477,1.140206156,0.917614338,ok
E466Y,S29,Imatinib,303.2663791,3.304785398,0.944953491,ok
E470A,S29,Asciminib,16.682919,0.813659716,0.967276224,ok
E470A,S29,Imatinib,285.4161291,2.921356839,0.960759405,ok
E470C,S29,Asciminib,36.50793773,3.294017901,0.771258131,ok
E470C,S29,Imatinib,339.3505515,2.421186746,0.588814816,ok
E470D,S29,Asciminib,19.89626263,0.978226175,0.939418669,ok
E470D,S29,Imatinib,287.4119425,3.438236527,0.920718774,ok
E470F,S29,Asciminib,20.0596579,0.990536497,0.956033407,ok
E470F,S29,Imatinib,286.2973733,3.005894823,0.95116846,ok
E470G,S29,Asciminib,21.38893114,1.179343792,0.937423337,ok
E470G,S29,Imatinib,311.6100653,3.702348928,0.930554178,ok
E470H,S29,Asciminib,29.14713621,1.463479726,0.927573933,ok
E470H,S29,Imatinib,307.931751,3.045826395,0.956282183,ok
E470I,S29,Asciminib,34.95364343,0.923304486,0.945798865,ok
E470I,S29,Imatinib,300.4952406,3.282491764,0.969375844,ok
E470K,S29,Asciminib,24.11701342,1.191207262,0.943991924,ok
E470K,S29,Imatinib,333.6946885,3.635052317,0.925085213,ok
E470L,S29,Asciminib,24.22331389,0.744632012,0.896162536,ok
E470L,S29,Imatinib,234.1669376,2.128579913,0.976131832,ok
E470M,S29,Asciminib,29.71464116,1.413177425,0.886824912,ok
E470M,S29,Imatinib,318.7373593,3.033792186,0.935842948,ok
E470N,S29,Asciminib,20.15048971,1.077589682,0.952301617,ok
E470N,S29,Imatinib,289.7145006,3.068662874,0.953184526,ok
E470P,S29,Asciminib,143.1817465,1.219998258,0.945563891,ok
E470P,S29,Imatinib,276.5098642,3.288757429,0.963094696,ok
E470Q,S29,Asciminib,13.13435141,1.010760836,0.961364535,ok
E470Q,S29,Imatinib,268.6828387,2.961344605,0.960818945,ok
E470R,S29,Asciminib,20.10984745,1.061423893,0.910360608,ok
E470R,S29,Imatinib,292.3553068,3.100376909,0.960996429,ok
E470S,S29,Asciminib,31.87477712,1.045705639,0.965785519,ok
E470S,S29,Imatinib,292.6712517,2.867430408,0.966103068,ok
E470T,S29,Asciminib,37.52226928,1.135377863,0.903657607,ok
E470T,S29,Imatinib,298.3910438,3.011054699,0.978300496,ok
E470V,S29,Asciminib,31.05077905,1.519253516,0.938442317,ok
E470V,S29,Imatinib,315.7239932,3.15232975,0.97230573,ok
E470W,S29,Asciminib,38.14543488,1.273782399,0.898244504,ok
E470W,S29,Imatinib,278.3023589,3.381225524,0.950552276,ok
E470Y,S29,Asciminib,24.26153438,1.020892079,0.94295271,ok
E470Y,S29,Imatinib,272.4460717,2.902143333,0.976054609,ok
F359A,S15,Asciminib,32.29515522,2.049585458,0.840719448,ok
F359A,S15,Imatinib,338.1773064,3.299624783,0.931973034,ok
F359C,S15,Asciminib,27.8158343,1.080307681,0.905642779,ok
F359C,S15,Imatinib,264.1890437,2.253498566,0.980262688,ok
F359D,S15,Asciminib,9.309188979,2.229317011,0.935338334,ok
F359D,S15,Imatinib,154.6714616,1.736609544,0.992127151,ok
F359E,S15,Asciminib,11.99381114,1.198981904,0.937614809,ok
F359E,S15,Imatinib,185.8398718,2.305514885,0.97608899,ok
F359G,S15,Asciminib,36.22989835,2.843253651,0.882210902,ok
F359G,S15,Imatinib,340.1663932,2.847567422,0.958381691,ok
F359H,S15,Asciminib,9.924591701,4.122655389,0.940759055,ok
F359H,S15,Imatinib,193.059878,2.260203038,0.983960391,ok
F359I,S15,Asciminib,26.65200483,1.705617344,0.876325158,ok
F359I,S15,Imatinib,236.2547717,3.454289097,0.937385008,ok
F359K,S15,Asciminib,14.33125613,1.478825298,0.945134405,ok
F359K,S15,Imatinib,208.6956803,2.283679129,0.983169828,ok
F359L,S15,Asciminib,35.30233257,3.313544664,0.9608369,ok
F359L,S15,Imatinib,196.2417996,2.055979708,0.978999828,ok
F359M,S15,Asciminib,31.0915144,2.627043447,0.924182805,ok
F359M,S15,Imatinib,257.6136346,3.07607183,0.964805559,ok
F359N,S15,Asciminib,12.38295574,1.373565555,0.935954464,ok
F359N,S15,Imatinib,194.694221,2.458233857,0.981604113,ok
F359P,S15,Asciminib,10.40120489,1.252968035,0.938461802,ok
F359P,S15,Imatinib,199.9100442,2.177699625,0.991454983,ok
F359Q,S15,Asciminib,14.73738909,1.709240716,0.935655599,ok
F359Q,S15,Imatinib,181.5174419,2.187316584,0.979238134,ok
F359R,S15,Asciminib,10.13885619,24.96935382,0.940531238,ok
F359R,S15,Imatinib,247.0271214,2.892565346,0.952807633,ok
F359S,S15,Asciminib,9.974041767,26.87345329,0.940844249,ok
F359S,S15,Imatinib,191.9957255,2.26180642,0.9761675,ok
F359T,S15,Asciminib,29.98827559,1.758121888,0.918262756,ok
F359T,S15,Imatinib,261.0191371,3.231098151,0.973306584,ok
F359V,S15,Asciminib,38.01338004,1.978799006,0.86717904,ok
F359V,S15,Imatinib,322.9125056,3.100922666,0.970619082,ok
F359W,S15,Asciminib,10.07027962,27.02002892,0.93879222,ok
F359W,S15,Imatinib,219.6738163,2.56065867,0.96697677,ok
F359Y,S15,Asciminib,20.47868295,1.702320178,0.968278576,ok
F359Y,S15,Imatinib,258.3060418,2.796699695,0.984749442,ok
H361A,S15,Asciminib,13.67459993,1.41911645,0.942214678,ok
H361A,S15,Imatinib,215.3527496,2.737174645,0.965165679,ok
H361C,S15,Asciminib,9.916524408,5.696155874,0.9409037,ok
H361C,S15,Imatinib,191.3397609,2.308083165,0.975771276,ok
H361D,S15,Asciminib,10.12240508,1.15275843,0.952212734,ok
H361D,S15,Imatinib,182.6477556,2.204877367,0.991243293,ok
H361E,S15,Asciminib,8.493170339,1.193162639,0.914587261,ok
H361E,S15,Imatinib,168.3631301,1.970638673,0.990491208,ok
H361F,S15,Asciminib,9.590654263,1.294326637,0.930016115,ok
H361F,S15,Imatinib,137.1128009,1.770201409,0.985524779,ok
H361G,S15,Asciminib,9.413329816,1.196266657,0.934418295,ok
H361G,S15,Imatinib,185.6348373,2.317530671,0.98686405,ok
H361I,S15,Asciminib,9.362712511,1.334782987,0.913461676,ok
H361I,S15,Imatinib,169.6221482,1.965795081,0.978141195,ok
H361K,S15,Asciminib,10.14164457,1.081456858,0.942159723,ok
H361K,S15,Imatinib,175.812708,1.88595901,0.992625349,ok
H361L,S15,Asciminib,10.96506065,1.444312219,0.935260605,ok
H361L,S15,Imatinib,180.7150181,2.201263684,0.990455277,ok
H361M,S15,Asciminib,16.60420219,1.572601509,0.915926337,ok
H361M,S15,Imatinib,216.2899739,2.251285695,0.97790902,ok
H361N,S15,Asciminib,10.63582049,1.551539942,0.940080807,ok
H361N,S15,Imatinib,196.1871301,2.499699401,0.980937856,ok
H361P,S15,Asciminib,10.48166919,1.117922366,0.939741283,ok
H361P,S15,Imatinib,198.5820209,2.354753294,0.98689442,ok
H361Q,S15,Asciminib,12.63226123,1.343195067,0.953550942,ok
H361Q,S15,Imatinib,191.3585326,2.257568709,0.980484691,ok
H361R,S15,Asciminib,10.26307334,1.203712547,0.9387481,ok
H361R,S15,Imatinib,184.205719,2.144731788,0.990864165,ok
H361S,S15,Asciminib,0.001,0.047903783,-0.006815179,ok
H361S,S15,Imatinib,199.6266689,2.353152474,0.99032264,ok
H361T,S15,Asciminib,12.39635633,1.149120174,0.949086027,ok
H361T,S15,Imatinib,204.380988,2.450243864,0.967432418,ok
H361V,S15,Asciminib,13.74558468,1.363823596,0.947661518,ok
H361V,S15,Imatinib,192.374143,2.146396282,0.986911006,ok
H361W,S15,Asciminib,11.58719117,1.376466587,0.909530234,ok
H361W,S15,Imatinib,184.635351,2.325495961,0.971871948,ok
H361Y,S15,Asciminib,10.63702186,1.186234026,0.93195809,ok
H361Y,S15,Imatinib,182.98563,2.358378246,0.989363164,ok
I360A,S15,Asciminib,9.966820621,21.53918949,0.085512124,ok
I360A,S15,Imatinib,229.9195317,2.779902994,0.977667983,ok
I360C,S15,Asciminib,10.13883835,26.90948677,0.93423025,ok
I360C,S15,Imatinib,243.4044112,3.365169644,0.955307887,ok
I360D,S15,Asciminib,10.04394278,27.91907024,0.929538531,ok
I360D,S15,Imatinib,195.9428905,2.218807513,0.980196144,ok
I360E,S15,Asciminib,9.934514599,5.218120365,0.941307381,ok
I360E,S15,Imatinib,180.9228005,2.209798724,0.990179941,ok
I360F,S15,Asciminib,12.88387136,1.535934414,0.938653142,ok
I360F,S15,Imatinib,180.6630137,2.505295846,0.966693333,ok
I360G,S15,Asciminib,9.073394258,4.708633086,0.928389627,ok
I360G,S15,Imatinib,181.3996611,2.092088422,0.988392199,ok
I360H,S15,Asciminib,10.0458672,27.58332834,0.917850021,ok
I360H,S15,Imatinib,209.0504725,2.565343909,0.968266952,ok
I360K,S15,Asciminib,10.00353847,1.125835288,0.946135706,ok
I360K,S15,Imatinib,173.0280429,1.951712907,0.972569886,ok
I360L,S15,Asciminib,20.02349201,2.015854329,0.952749741,ok
I360L,S15,Imatinib,252.693057,3.245272889,0.959640762,ok
I360M,S15,Asciminib,10.40393783,1.292631397,0.943410437,ok
I360M,S15,Imatinib,174.9481148,2.33106892,0.983225773,ok
I360N,S15,Asciminib,13.93565104,1.37402626,0.937351782,ok
I360N,S15,Imatinib,185.7990803,2.164405285,0.983400989,ok
I360P,S15,Asciminib,9.686028252,5.111956358,0.921757499,ok
I360P,S15,Imatinib,188.4279154,2.24689556,0.985772151,ok
I360Q,S15,Asciminib,11.0622274,1.246944449,0.933902979,ok
I360Q,S15,Imatinib,172.5476105,2.126322296,0.984797109,ok
I360R,S15,Asciminib,15.87511939,1.575583253,0.9527865,ok
I360R,S15,Imatinib,219.4718875,2.844374822,0.967465359,ok
I360S,S15,Asciminib,10.93449062,1.42757721,0.928627804,ok
I360S,S15,Imatinib,176.5091682,2.320213642,0.983388527,ok
I360T,S15,Asciminib,12.14606236,1.333780018,0.933944426,ok
I360T,S15,Imatinib,182.8215961,2.247283324,0.981966367,ok
I360V,S15,Asciminib,15.02511146,1.690941707,0.962480986,ok
I360V,S15,Imatinib,216.7999068,2.638796458,0.966558715,ok
I360W,S15,Asciminib,10.08553178,20.60096673,0.946712455,ok
I360W,S15,Imatinib,176.9072476,2.22098515,0.983647375,ok
I360Y,S15,Asciminib,14.92083624,1.668406274,0.918763015,ok
I360Y,S15,Imatinib,202.0649619,2.35541323,0.975120349,ok
K356A,S15,Asciminib,19.65604431,1.586803699,0.939291749,ok
K356A,S15,Imatinib,237.8220633,2.705924095,0.977049433,ok
K356C,S15,Asciminib,13.64381842,1.389954354,0.941544856,ok
K356C,S15,Imatinib,208.989587,2.68031485,0.984172551,ok
K356D,S15,Asciminib,16.02076456,2.003482564,0.954680722,ok
K356D,S15,Imatinib,219.1955674,2.726165465,0.990715977,ok
K356E,S15,Asciminib,19.02540346,1.650118855,0.951223812,ok
K356E,S15,Imatinib,231.0811056,3.082414784,0.974889496,ok
K356F,S15,Asciminib,16.06872398,1.555539891,0.970389253,ok
K356F,S15,Imatinib,210.4716787,2.247566821,0.993150786,ok
K356G,S15,Asciminib,23.21684762,2.058632397,0.961649734,ok
K356G,S15,Imatinib,222.3283451,3.630388125,0.978298699,ok
K356H,S15,Asciminib,19.90264097,1.614888076,0.878749239,ok
K356H,S15,Imatinib,247.7681299,3.565756233,0.917378723,ok
K356I,S15,Asciminib,10.28034527,26.02532662,0.89704383,ok
K356I,S15,Imatinib,235.5823845,2.878185413,0.973238374,ok
K356L,S15,Asciminib,12.64602182,1.187830267,0.963768146,ok
K356L,S15,Imatinib,226.2691429,2.53461774,0.982280184,ok
K356M,S15,Asciminib,14.92855403,1.594106277,0.95649999,ok
K356M,S15,Imatinib,203.6887316,2.361331083,0.986382257,ok
K356N,S15,Asciminib,20.45009773,2.011992643,0.924881147,ok
K356N,S15,Imatinib,214.9257077,2.167473984,0.992594816,ok
K356P,S15,Asciminib,33.62945988,2.314365853,0.889220775,ok
K356P,S15,Imatinib,376.2517554,2.642177554,0.927361078,ok
K356Q,S15,Asciminib,25.06714817,2.090417011,0.905899963,ok
K356Q,S15,Imatinib,278.0061051,3.062049667,0.945322937,ok
K356R,S15,Asciminib,18.18792873,1.354429694,0.964316804,ok
K356R,S15,Imatinib,253.0497565,3.196623368,0.973398944,ok
K356S,S15,Asciminib,14.96476409,1.156045246,0.961549508,ok
K356S,S15,Imatinib,213.158629,2.206843724,0.993550562,ok
K356T,S15,Asciminib,16.2216205,1.930700269,0.933156347,ok
K356T,S15,Imatinib,256.1418756,3.02018313,0.961015657,ok
K356V,S15,Asciminib,19.94084566,2.100219395,0.929043387,ok
K356V,S15,Imatinib,210.1696553,2.565986734,0.984844278,ok
K356W,S15,Asciminib,16.12527346,1.641527144,0.950533048,ok
K356W,S15,Imatinib,224.3581547,3.052129684,0.983368585,ok
K356Y,S15,Asciminib,17.82647096,1.734343303,0.916280522,ok
K356Y,S15,Imatinib,255.6300559,2.99660076,0.962577108,ok
K357A,S15,Asciminib,15.14938089,1.583658062,0.949443804,ok
K357A,S15,Imatinib,238.0505158,3.015327762,0.980267483,ok
K357C,S15,Asciminib,10.40265996,25.48732045,0.900876744,ok
K357C,S15,Imatinib,232.61297,2.73657066,0.980503221,ok
K357D,S15,Asciminib,9.026686569,3.775194724,0.939366247,ok
K357D,S15,Imatinib,204.1143781,2.671418188,0.974851877,ok
K357E,S15,Asciminib,20.51418642,1.618479922,0.968469878,ok
K357E,S15,Imatinib,226.7317771,2.87518318,0.970142577,ok
K357F,S15,Asciminib,10.1208755,25.15359129,0.944472189,ok
K357F,S15,Imatinib,245.6894729,2.940129094,0.970516506,ok
K357G,S15,Asciminib,19.95455418,1.35990534,0.966606823,ok
K357G,S15,Imatinib,241.7422435,2.948845565,0.988044926,ok
K357H,S15,Asciminib,17.90713782,1.850403714,0.959201012,ok
K357H,S15,Imatinib,231.8192663,2.675374468,0.98570427,ok
K357I,S15,Asciminib,17.17985899,1.763586923,0.950590196,ok
K357I,S15,Imatinib,276.8447411,3.248670831,0.969428466,ok
K357L,S15,Asciminib,13.80488189,1.66826953,0.963590294,ok
K357L,S15,Imatinib,183.8456818,2.270735759,0.995072748,ok
K357M,S15,Asciminib,15.78653933,2.066632919,0.964436164,ok
K357M,S15,Imatinib,245.0791446,2.840275624,0.976341149,ok
K357N,S15,Asciminib,10.18558578,27.09785275,0.931407991,ok
K357N,S15,Imatinib,239.0102003,3.034286202,0.963482792,ok
K357P,S15,Asciminib,13.88250864,1.355142695,0.955756328,ok
K357P,S15,Imatinib,207.4976093,2.62024434,0.9505209,ok
K357Q,S15,Asciminib,14.18303426,1.355841791,0.941022001,ok
K357Q,S15,Imatinib,237.8805331,2.84210582,0.975477765,ok
K357R,S15,Asciminib,10.04584147,27.66602812,0.93435392,ok
K357R,S15,Imatinib,267.0541429,3.325093747,0.962251969,ok
K357S,S15,Asciminib,0.001,0.016998399,-0.002742107,ok
K357S,S15,Imatinib,224.7344358,2.967785468,0.969094594,ok
K357T,S15,Asciminib,16.28695536,1.963716404,0.959591742,ok
K357T,S15,Imatinib,243.6305749,3.039260177,0.958375433,ok
K357V,S15,Asciminib,12.93742282,1.162344965,0.94016945,ok
K357V,S15,Imatinib,253.9923377,2.810500288,0.969554943,ok
K357W,S15,Asciminib,15.36166523,1.968830952,0.946427029,ok
K357W,S15,Imatinib,217.5102595,2.578405264,0.978633014,ok
K357Y,S15,Asciminib,16.12057005,1.556244274,0.95735195,ok
K357Y,S15,Imatinib,228.1812784,2.793125949,0.985594879,ok
K467A,S29,Asciminib,22.92933874,1.241242689,0.949137444,ok
K467A,S29,Imatinib,311.5940628,3.453140641,0.962432569,ok
K467C,S29,Asciminib,19.01600924,1.3227624,0.937136598,ok
K467C,S29,Imatinib,311.7705474,3.677325137,0.961889607,ok
K467D,S29,Asciminib,30.36717036,1.580791457,0.959660724,ok
K467D,S29,Imatinib,299.1336483,3.564914944,0.947918354,ok
K467E,S29,Asciminib,36.37250194,1.301645563,0.907319834,ok
K467E,S29,Imatinib,258.3650623,2.627342465,0.965653667,ok
K467F,S29,Asciminib,50.0712424,1.307136417,0.928170417,ok
K467F,S29,Imatinib,263.7294577,3.090755166,0.960512939,ok
K467G,S29,Asciminib,45.19350554,1.993401447,0.935792032,ok
K467G,S29,Imatinib,283.0640558,3.450352391,0.941925062,ok
K467H,S29,Asciminib,29.94261728,0.918010023,0.95682438,ok
K467H,S29,Imatinib,283.6099401,3.435202551,0.9711569,ok
K467I,S29,Asciminib,16.56019196,0.811949849,0.96422485,ok
K467I,S29,Imatinib,268.7403888,2.972652285,0.945053931,ok
K467L,S29,Asciminib,33.7692721,2.130301222,0.94964281,ok
K467L,S29,Imatinib,312.7634274,3.693471867,0.928896957,ok
K467M,S29,Asciminib,32.21062669,2.001210306,0.909892219,ok
K467M,S29,Imatinib,303.7174345,3.35720358,0.924938333,ok
K467N,S29,Asciminib,27.90916431,1.550377561,0.973844842,ok
K467N,S29,Imatinib,288.3900439,2.94021969,0.984735417,ok
K467P,S29,Asciminib,20.5833241,1.050113438,0.938053619,ok
K467P,S29,Imatinib,259.0553221,3.418383308,0.949596625,ok
K467Q,S29,Asciminib,29.45728449,1.010489403,0.898287631,ok
K467Q,S29,Imatinib,288.518056,2.888830258,0.963296963,ok
K467R,S29,Asciminib,20.69478209,1.586566969,0.878377423,ok
K467R,S29,Imatinib,263.1821194,2.809682459,0.95624662,ok
K467S,S29,Asciminib,8.925970029,0.884504036,0.936673227,ok
K467S,S29,Imatinib,212.6936013,2.048996389,0.917378293,ok
K467T,S29,Asciminib,27.64564214,1.409671698,0.963221411,ok
K467T,S29,Imatinib,301.2948643,3.706647131,0.950515814,ok
K467V,S29,Asciminib,14.48856082,0.997104623,0.953993152,ok
K467V,S29,Imatinib,269.7510983,3.055519066,0.963075055,ok
K467W,S29,Asciminib,123.0161732,0.858528041,0.657373956,ok
K467W,S29,Imatinib,379.2856321,3.394487814,0.834259296,ok
K467Y,S29,Asciminib,47.35108384,1.617440404,0.932373947,ok
K467Y,S29,Imatinib,329.9736811,3.294345298,0.911569202,ok
L354A,S15,Asciminib,50.12791131,1.30988483,0.835820789,ok
L354A,S15,Imatinib,362.2833712,2.773262989,0.946438558,ok
L354C,S15,Asciminib,30.89058007,1.052387162,0.910174184,ok
L354C,S15,Imatinib,290.1835501,2.577151262,0.972152506,ok
L354D,S15,Asciminib,13.15019128,1.399675697,0.939300266,ok
L354D,S15,Imatinib,218.890534,2.80349473,0.972825099,ok
L354E,S15,Asciminib,10.15249915,1.101158127,0.953524815,ok
L354E,S15,Imatinib,205.0140446,2.446426195,0.974934657,ok
L354F,S15,Asciminib,50.85479348,1.114760303,0.811362203,ok
L354F,S15,Imatinib,250.1794911,3.43348467,0.929380248,ok
L354G,S15,Asciminib,27.63733553,1.160793106,0.87429659,ok
L354G,S15,Imatinib,265.697095,2.259804437,0.970523583,ok
L354H,S15,Asciminib,9.648131764,1.048619272,0.950880983,ok
L354H,S15,Imatinib,191.6328372,2.223162137,0.986015788,ok
L354I,S15,Asciminib,24.56439734,2.351181255,0.950738432,ok
L354I,S15,Imatinib,216.6554764,3.128204039,0.950382463,ok
L354K,S15,Asciminib,10.94724383,1.317637125,0.928637785,ok
L354K,S15,Imatinib,199.0115272,2.194426318,0.988720047,ok
L354M,S15,Asciminib,19.62206707,1.404454921,0.922814704,ok
L354M,S15,Imatinib,176.7711816,2.09736073,0.955277654,ok
L354N,S15,Asciminib,11.1667677,1.145753185,0.944630595,ok
L354N,S15,Imatinib,200.6406042,2.193074345,0.982101749,ok
L354P,S15,Asciminib,9.918176966,1.052618978,0.911718273,ok
L354P,S15,Imatinib,206.6876057,2.277662962,0.988818399,ok
L354Q,S15,Asciminib,14.12378856,1.338615878,0.925318082,ok
L354Q,S15,Imatinib,225.2730895,2.658715763,0.961229082,ok
L354R,S15,Asciminib,11.13600084,1.269885604,0.916128592,ok
L354R,S15,Imatinib,206.3822921,2.51367505,0.969401353,ok
L354S,S15,Asciminib,17.67954324,1.147035047,0.932434115,ok
L354S,S15,Imatinib,234.2069733,2.331516827,0.980502558,ok
L354T,S15,Asciminib,39.84005318,1.805625213,0.875930745,ok
L354T,S15,Imatinib,385.4110124,2.6734777,0.937799642,ok
L354V,S15,Asciminib,22.46411059,2.109736098,0.957549946,ok
L354V,S15,Imatinib,198.5912638,2.489581599,0.98202977,ok
L354W,S15,Asciminib,11.36984441,1.298667994,0.945625139,ok
L354W,S15,Imatinib,192.0836869,2.315758595,0.979958318,ok
L354Y,S15,Asciminib,10.69781818,1.104856972,0.949702526,ok
L354Y,S15,Imatinib,190.8867855,2.056907167,0.984556234,ok
L471A,S29,Asciminib,57.90897827,1.722991474,0.928830823,ok
L471A,S29,Imatinib,304.6244381,3.826044319,0.926488905,ok
L471C,S29,Asciminib,85.53455785,0.869055781,0.888373836,ok
L471C,S29,Imatinib,273.1981904,3.023968802,0.949848072,ok
L471D,S29,Asciminib,3632.08734,0.178486585,0.48818095,ok
L471D,S29,Imatinib,275.9169112,2.547578894,0.964605921,ok
L471E,S29,Asciminib,58.29998068,1.584467486,0.850911952,ok
L471E,S29,Imatinib,294.7344839,3.287988364,0.930774195,ok
L471F,S29,Asciminib,71.98482419,0.897637426,0.96678673,ok
L471F,S29,Imatinib,291.8057565,2.861927385,0.966120249,ok
L471G,S29,Asciminib,97.641678,1.477775949,0.874975853,ok
L471G,S29,Imatinib,306.5986576,3.618673806,0.907845572,ok
L471H,S29,Asciminib,70.83364622,1.114297544,0.942196758,ok
L471H,S29,Imatinib,290.4655835,3.207761204,0.960340907,ok
L471I,S29,Asciminib,44.32073341,1.71602289,0.938969316,ok
L471I,S29,Imatinib,289.0347654,3.29588972,0.924812017,ok
L471K,S29,Asciminib,59.43362868,1.551402774,0.934229522,ok
L471K,S29,Imatinib,261.3815013,3.157015264,0.966346076,ok
L471M,S29,Asciminib,34.10491551,1.170292672,0.924623358,ok
L471M,S29,Imatinib,277.645471,3.068167074,0.960892321,ok
L471N,S29,Asciminib,91.65030336,1.512446909,0.875318936,ok
L471N,S29,Imatinib,302.1617926,3.405826298,0.89461653,ok
L471P,S29,Asciminib,125.4663339,0.69587308,0.928571254,ok
L471P,S29,Imatinib,298.3105968,2.596234291,0.965460823,ok
L471Q,S29,Asciminib,55.78242306,1.411483342,0.923303948,ok
L471Q,S29,Imatinib,285.7582798,3.110350096,0.944449786,ok
L471R,S29,Asciminib,67.94165366,1.444311341,0.893219442,ok
L471R,S29,Imatinib,316.3198876,3.266313379,0.929501005,ok
L471S,S29,Asciminib,60.2838361,1.546283317,0.922809651,ok
L471S,S29,Imatinib,301.8543405,3.126180848,0.963938532,ok
L471T,S29,Asciminib,30.88818713,1.3594816,0.95346853,ok
L471T,S29,Imatinib,273.0952586,3.037435511,0.967524544,ok
L471V,S29,Asciminib,39.28486944,1.896165652,0.928871601,ok
L471V,S29,Imatinib,304.834432,3.354956677,0.918688092,ok
L471W,S29,Asciminib,48.47181427,1.135649601,0.922680864,ok
L471W,S29,Imatinib,258.4012555,3.162990377,0.968252956,ok
L471Y,S29,Asciminib,72.19599937,1.213739534,0.952622393,ok
L471Y,S29,Imatinib,271.3970987,3.019555326,0.972105809,ok
M472A,S29,Asciminib,45.28730917,1.41624685,0.891611138,ok
M472A,S29,Imatinib,330.1690278,3.111839551,0.939957422,ok
M472C,S29,Asciminib,30.51860381,1.631401805,0.94480101,ok
M472C,S29,Imatinib,352.9176542,3.775375816,0.933457703,ok
M472D,S29,Asciminib,31.16071486,0.755054489,0.897841916,ok
M472D,S29,Imatinib,255.1576034,2.70296651,0.947040773,ok
M472E,S29,Asciminib,33.77803258,0.850431519,0.933466058,ok
M472E,S29,Imatinib,267.3617889,2.516779987,0.951969456,ok
M472F,S29,Asciminib,32.75573884,0.850368243,0.868048275,ok
M472F,S29,Imatinib,303.3550451,2.363516841,0.970667409,ok
M472G,S29,Asciminib,18.61472087,0.942163085,0.91215404,ok
M472G,S29,Imatinib,338.2761092,2.46643148,0.955231182,ok
M472H,S29,Asciminib,13.97678848,0.553528605,0.775821911,ok
M472H,S29,Imatinib,258.0416246,2.648515249,0.955964456,ok
M472I,S29,Asciminib,35.87916626,1.435155734,0.93352428,ok
M472I,S29,Imatinib,462.8254931,3.666982712,0.891405658,ok
M472K,S29,Asciminib,22.84142482,0.918599075,0.941039388,ok
M472K,S29,Imatinib,227.81727,2.318168587,0.986146006,ok
M472L,S29,Asciminib,39.26274782,1.551550083,0.915754108,ok
M472L,S29,Imatinib,389.0413789,3.501601851,0.93792141,ok
M472N,S29,Asciminib,28.14268276,0.947558589,0.937699917,ok
M472N,S29,Imatinib,304.7181578,2.374830612,0.973362741,ok
M472P,S29,Asciminib,14.15198913,0.870873355,0.94994794,ok
M472P,S29,Imatinib,244.2518485,2.473348518,0.980106139,ok
M472Q,S29,Asciminib,29.05291416,1.430081684,0.963983748,ok
M472Q,S29,Imatinib,277.7279561,3.254484752,0.958024204,ok
M472R,S29,Asciminib,14.52159061,0.767820495,0.933675822,ok
M472R,S29,Imatinib,242.0142147,2.43907038,0.974048894,ok
M472S,S29,Asciminib,40.58107158,2.431046468,0.942238023,ok
M472S,S29,Imatinib,360.8678162,3.363453807,0.927776041,ok
M472T,S29,Asciminib,40.15426024,2.156127721,0.921242677,ok
M472T,S29,Imatinib,396.0094801,3.655231926,0.917164555,ok
M472V,S29,Asciminib,44.65915681,1.516372305,0.913840657,ok
M472V,S29,Imatinib,386.583675,3.653577438,0.910478205,ok
M472W,S29,Asciminib,14.15174977,0.678239186,0.913364397,ok
M472W,S29,Imatinib,222.952813,2.239530358,0.983107362,ok
M472Y,S29,Asciminib,8.136077676,0.502602288,0.864692906,ok
M472Y,S29,Imatinib,109.5910488,1.569752106,0.977796653,ok
N358A,S15,Asciminib,10001,0.028918098,-0.007115591,ic50_exceeds_range
N358A,S15,Imatinib,221.4248431,2.839399073,0.979489369,ok
N358C,S15,Asciminib,19.21141134,2.04701119,0.945132236,ok
N358C,S15,Imatinib,236.3356916,2.945259426,0.957198964,ok
N358D,S15,Asciminib,10.40926397,1.300972927,0.959735599,ok
N358D,S15,Imatinib,174.6083367,2.287495242,0.987297626,ok
N358E,S15,Asciminib,9.197969601,3.261152726,0.931162203,ok
N358E,S15,Imatinib,168.4401882,2.027733874,0.984773985,ok
N358F,S15,Asciminib,17.18475396,1.644269504,0.946108637,ok
N358F,S15,Imatinib,218.3687598,2.70293696,0.960385985,ok
N358G,S15,Asciminib,17.51661429,2.01855721,0.931242967,ok
N358G,S15,Imatinib,215.0408391,2.569216493,0.98224775,ok
N358H,S15,Asciminib,16.08709981,1.483480609,0.925862271,ok
N358H,S15,Imatinib,190.4691245,2.303478975,0.963924429,ok
N358I,S15,Asciminib,10.54827951,1.46717786,0.940776846,ok
N358I,S15,Imatinib,200.7324703,2.470873606,0.975965485,ok
N358K,S15,Asciminib,18.32013519,1.601932758,0.972282107,ok
N358K,S15,Imatinib,241.6758524,3.337442356,0.98002763,ok
N358L,S15,Asciminib,14.16079492,1.506164769,0.952673677,ok
N358L,S15,Imatinib,222.4791877,2.485872081,0.990702569,ok
N358M,S15,Asciminib,16.82871678,1.66922329,0.955073431,ok
N358M,S15,Imatinib,235.9248519,3.095181317,0.969615408,ok
N358P,S15,Asciminib,12.23913533,1.423399046,0.959116169,ok
N358P,S15,Imatinib,239.6946199,3.015162246,0.981230944,ok
N358Q,S15,Asciminib,10.07051467,27.33880107,0.906579937,ok
N358Q,S15,Imatinib,229.389761,2.842557629,0.971719216,ok
N358R,S15,Asciminib,15.39397154,1.652504276,0.957492283,ok
N358R,S15,Imatinib,229.3630831,2.939560527,0.975235621,ok
N358S,S15,Asciminib,9.981143768,28.71059083,0.930374632,ok
N358S,S15,Imatinib,244.2128662,3.004479848,0.967051308,ok
N358T,S15,Asciminib,13.29262183,1.516897673,0.955797652,ok
N358T,S15,Imatinib,204.6449099,2.519345479,0.979376537,ok
N358V,S15,Asciminib,9.430969038,3.311318788,0.935042166,ok
N358V,S15,Imatinib,215.4983606,3.042126604,0.961015595,ok
N358W,S15,Asciminib,21.31978005,2.054325881,0.898073874,ok
N358W,S15,Imatinib,245.9778359,3.405953636,0.948243721,ok
N358Y,S15,Asciminib,10.31953043,25.87807266,0.907205587,ok
N358Y,S15,Imatinib,240.7789671,3.116075199,0.918338627,ok
R473A,S29,Asciminib,26.67434767,1.409634586,0.944183803,ok
R473A,S29,Imatinib,296.863165,3.129710171,0.944433135,ok
R473C,S29,Asciminib,29.27854238,1.876008955,0.92949878,ok
R473C,S29,Imatinib,300.0118863,3.339421182,0.932607982,ok
R473D,S29,Asciminib,29.34378281,1.487139272,0.927042522,ok
R473D,S29,Imatinib,289.894723,3.503482791,0.966240897,ok
R473E,S29,Asciminib,14.73517426,1.609128185,0.928819975,ok
R473E,S29,Imatinib,266.5396802,2.559798058,0.969915628,ok
R473F,S29,Asciminib,16.32663504,0.976820037,0.954861648,ok
R473F,S29,Imatinib,218.4344784,2.470846729,0.981567214,ok
R473G,S29,Asciminib,27.51572459,1.017250872,0.942383679,ok
R473G,S29,Imatinib,312.989469,2.945469753,0.922905529,ok
R473H,S29,Asciminib,59.47906626,2.239489749,0.928515574,ok
R473H,S29,Imatinib,316.353664,3.551028576,0.857570288,ok
R473I,S29,Asciminib,24.07931907,1.03599014,0.88172249,ok
R473I,S29,Imatinib,248.2219621,3.202013489,0.966917671,ok
R473K,S29,Asciminib,18.76639416,1.164325817,0.959230702,ok
R473K,S29,Imatinib,307.3049645,3.282869545,0.916887687,ok
R473L,S29,Asciminib,17.4990036,1.030708296,0.944766721,ok
R473L,S29,Imatinib,281.4952638,3.184867705,0.96644008,ok
R473M,S29,Asciminib,26.97259387,1.356091703,0.9244964,ok
R473M,S29,Imatinib,285.3652405,3.149876677,0.965955524,ok
R473N,S29,Asciminib,23.20259715,1.011299053,0.957299397,ok
R473N,S29,Imatinib,285.0548119,2.992050147,0.946564762,ok
R473P,S29,Asciminib,12.85799116,0.699236935,0.94399322,ok
R473P,S29,Imatinib,251.2179909,2.546755394,0.970595321,ok
R473Q,S29,Asciminib,22.29503532,1.182610457,0.918593353,ok
R473Q,S29,Imatinib,268.8941856,3.084229173,0.9704746,ok
R473S,S29,Asciminib,26.32701516,1.209025976,0.917976658,ok
R473S,S29,Imatinib,324.071801,3.320678921,0.963259411,ok
R473T,S29,Asciminib,24.33695142,1.225061088,0.936770347,ok
R473T,S29,Imatinib,291.9184599,2.79009399,0.9704902,ok
R473V,S29,Asciminib,23.84798909,1.224991792,0.924049654,ok
R473V,S29,Imatinib,358.1741395,3.83792636,0.913391885,ok
R473W,S29,Asciminib,19.72852825,1.065191347,0.935245553,ok
R473W,S29,Imatinib,297.8615474,3.016464465,0.95817927,ok
R473Y,S29,Asciminib,33.36952508,3.985565524,0.942776497,ok
R473Y,S29,Imatinib,332.99333,4.875569332,0.891886341,ok
V468A,S29,Asciminib,23.78135088,1.071279607,0.915958524,ok
V468A,S29,Imatinib,258.9233818,3.034224469,0.971698065,ok
V468C,S29,Asciminib,22.31418781,1.459691544,0.956397992,ok
V468C,S29,Imatinib,284.5997778,3.361968318,0.964718878,ok
V468D,S29,Asciminib,1117.142263,0.906693932,0.755735914,ok
V468D,S29,Imatinib,271.3088949,3.426504717,0.883122724,ok
V468E,S29,Asciminib,244.5195244,0.479054351,0.854830343,ok
V468E,S29,Imatinib,245.396659,2.820229562,0.966917572,ok
V468F,S29,Asciminib,840.7124531,0.957853772,0.940240859,ok
V468F,S29,Imatinib,267.900529,3.059155351,0.966196524,ok
V468G,S29,Asciminib,40.94446997,1.160482431,0.955701483,ok
V468G,S29,Imatinib,286.5412161,3.464820806,0.960945562,ok
V468H,S29,Asciminib,1152.853558,0.579429915,0.725833539,ok
V468H,S29,Imatinib,300.5063517,3.75876068,0.971805733,ok
V468I,S29,Asciminib,18.44222609,1.625621871,0.927965128,ok
V468I,S29,Imatinib,278.2508339,4.038749092,0.922103842,ok
V468K,S29,Asciminib,2452.101982,0.97595791,0.721725137,ok
V468K,S29,Imatinib,309.0330111,3.455151646,0.947461179,ok
V468L,S29,Asciminib,49.00904049,1.953595332,0.935615126,ok
V468L,S29,Imatinib,326.8134188,3.497617894,0.945853723,ok
V468M,S29,Asciminib,65.44809182,1.433380549,0.949353759,ok
V468M,S29,Imatinib,263.1990892,3.024359839,0.970102096,ok
V468N,S29,Asciminib,223.5150483,1.156444549,0.838642394,ok
V468N,S29,Imatinib,295.1636306,3.930965946,0.953530608,ok
V468P,S29,Asciminib,11.09527632,0.8404055,0.920249873,ok
V468P,S29,Imatinib,312.5105971,3.141797552,0.956493218,ok
V468Q,S29,Asciminib,433.2600956,0.581268121,0.848680847,ok
V468Q,S29,Imatinib,295.6614098,2.694817306,0.972843787,ok
V468R,S29,Asciminib,10001,0.39009635,0.02379512,ic50_exceeds_range
V468R,S29,Imatinib,355.5272854,3.18961799,0.960115495,ok
V468S,S29,Asciminib,108.9082058,1.397455751,0.860667371,ok
V468S,S29,Imatinib,386.2863155,2.644178758,0.934822586,ok
V468T,S29,Asciminib,61.13350736,1.150768328,0.920399801,ok
V468T,S29,Imatinib,274.0673693,3.16555084,0.960291798,ok
V468W,S29,Asciminib,10001,0.474458824,0.532122931,ic50_exceeds_range
V468W,S29,Imatinib,343.9759195,3.342115045,0.92713785,ok
V468Y,S29,Asciminib,462.8688884,0.522615612,0.839316224,ok
V468Y,S29,Imatinib,292.998816,3.072200299,0.932539475,ok
Y469A,S29,Asciminib,46.42098155,2.227637933,0.872792956,ok
Y469A,S29,Imatinib,366.3399042,3.822579275,0.867316243,ok
Y469C,S29,Asciminib,38.51794497,1.824955538,0.936687217,ok
Y469C,S29,Imatinib,363.7393297,3.883389399,0.945976982,ok
Y469D,S29,Asciminib,38.49860618,2.310293464,0.897592138,ok
Y469D,S29,Imatinib,375.08015,4.176325524,0.895420242,ok
Y469E,S29,Asciminib,38.24546479,2.583152074,0.911078324,ok
Y469E,S29,Imatinib,338.4928704,3.298450438,0.946645293,ok
Y469F,S29,Asciminib,26.48031022,1.342256706,0.936642504,ok
Y469F,S29,Imatinib,333.3807617,3.813259858,0.931665134,ok
Y469G,S29,Asciminib,31.10926392,2.566838457,0.937622107,ok
Y469G,S29,Imatinib,330.2847261,4.105886326,0.909239363,ok
Y469H,S29,Asciminib,20.58812399,1.22232527,0.96656009,ok
Y469H,S29,Imatinib,311.7498995,3.308197026,0.972418338,ok
Y469I,S29,Asciminib,66.08324983,1.289221186,0.865621428,ok
Y469I,S29,Imatinib,315.4512899,3.008759874,0.950480272,ok
Y469K,S29,Asciminib,96.20867039,0.80760174,0.885188643,ok
Y469K,S29,Imatinib,295.3078813,2.730965159,0.946850484,ok
Y469L,S29,Asciminib,44.46425889,0.984968631,0.913442461,ok
Y469L,S29,Imatinib,262.3555253,2.699823651,0.973272921,ok
Y469M,S29,Asciminib,37.93754325,2.900153537,0.902311518,ok
Y469M,S29,Imatinib,350.7992539,3.276784624,0.75927049,ok
Y469N,S29,Asciminib,38.29739752,2.40628614,0.903171298,ok
Y469N,S29,Imatinib,333.8919661,3.154219979,0.956203992,ok
Y469P,S29,Asciminib,14.28981118,0.829341081,0.941878591,ok
Y469P,S29,Imatinib,233.395352,2.346319452,0.981589805,ok
Y469Q,S29,Asciminib,37.57725094,2.331245025,0.927129991,ok
Y469Q,S29,Imatinib,325.9257818,3.174126602,0.942312194,ok
Y469R,S29,Asciminib,76.16529526,1.167028253,0.884565912,ok
Y469R,S29,Imatinib,369.0192754,3.600490587,0.965428467,ok
Y469S,S29,Asciminib,39.27994772,2.710521604,0.894922957,ok
Y469S,S29,Imatinib,385.3253577,3.732959091,0.938637252,ok
Y469T,S29,Asciminib,55.17373478,1.473440289,0.937528434,ok
Y469T,S29,Imatinib,353.971438,3.17911197,0.961564042,ok
Y469V,S29,Asciminib,38.86343003,2.290268246,0.935266632,ok
Y469V,S29,Imatinib,316.8161428,3.199252599,0.968434923,ok
Y469W,S29,Asciminib,40.29104445,1.602430892,0.879925498,ok
Y469W,S29,Imatinib,381.8851625,3.413034128,0.902170779,ok