"","species","dr_mean","dr_ci_ul","dr_ci_ll","dr_sd_ul","dr_sd_ll","netgr_pred_model","netgr_pred_ci_ul","netgr_pred_mean","netgr_pred_ci_ll","netgr_pred_sd_ul","netgr_pred_sd_ll","netgr_pred_model_sd_ul","netgr_pred_model_sd_ll"
"1","D276G",0.0394,0.105480317965337,0,0.0531638657360496,0.0256361342639504,0.0257418387583982,0.0237606819022127,0.0100834796850243,-Inf,0.0142447732098102,0.00411454961064874,0.0317107688327738,0.0197729086840226
"2","E255K",0.5255,1.60423563990442,0,0.750189786149705,0.300810213850295,0.0512052973681712,0.0615645473100768,0.0460638182129843,-Inf,0.0510079297741185,0.0383156148352278,0.0589535007459276,0.0434570939904147
"3","E255V",0.932,2.12397101709731,0,1.14701295642024,0.716987043579761,0.0549992414620763,0.0654623258035025,0.0540219102181035,-Inf,0.0569050157500477,0.0503792012657375,0.0586419504144423,0.0513565325097102
"4","E355A",0.02255,0.0852281522892945,0,0.0356052288375195,0.00949477116248053,0.0241017269555896,0.0207996739750722,0.00233305259675765,-Inf,0.0086769059104003,-0.00968075049795718,0.0361155300503044,0.0120879238608748
"5","E355G",0.0813666666666667,0.151727554620131,0.0110057787132021,0.0960221320863204,0.0667112012470129,0.0349947477543113,0.0288101559690475,0.0201557001353982,-0.00762965009113071,0.0224558809511206,0.0173974665913584,0.037752981298351,0.0322365142102716
"6","E459K",0.0121866666666667,0.0278977997588405,0,0.0154591377004066,0.00891419563292677,0.0202220859290129,0.00528878534784905,-0.00621406695922635,-Inf,-0.00291048629928817,-0.0105570869165802,0.0245651058863668,0.015879065971659
"7","F317L",0.0358333333333333,0.106453196827962,0,0.0505427407539831,0.0211239259126836,0.0321163581969614,0.0238881964329107,0.00876560110996487,-Inf,0.0135425562626343,0.00142570900831212,0.0394562502986142,0.0247764660953087
"8","F359C",0.170166666666667,0.464126157209156,0,0.231395472523605,0.108937860809728,0.0444771573794523,0.0443389045392439,0.0304030981938121,-Inf,0.0346718468055683,0.0242086438385103,0.0506716117347542,0.0382827030241504
"9","F359I",0.0312333333333333,0.0822557136149313,0,0.0418607820707617,0.020605884595905,0.0311802963312629,0.0203066329818555,0.00685736974436291,-Inf,0.010924918345421,0.0010808530002186,0.0369568130754072,0.0254037795871186
"10","F359V",0.0372833333333333,0.10001196898883,0,0.0503490773483777,0.024217589318289,0.033358832912393,0.0230213137462776,0.00931654333730406,-Inf,0.0134892363229917,0.00332394335417761,0.0393514328955194,0.0273662329292665
"11","F486S",0.664333333333333,1.43012918706982,0,0.823840908911005,0.504825757755662,0.0533956551471867,0.0599689552888836,0.0493198437855909,-Inf,0.0523086411191201,0.0455063618973339,0.0572091370354437,0.0495821732589296
"12","G250E",0.517,1.46574644030953,0,0.6881390412167,0.3458609587833,0.0498865814484791,0.0603106198372179,0.0458373277156429,-Inf,0.0498088282406183,0.0402539105844928,0.0554699985796292,0.044303164317329
"13","H396P",0.702166666666667,1.48268828035843,0,0.864741469962462,0.539591863370871,0.0529583690596403,0.0604702339688028,0.0500891043579003,-Inf,0.0529816014530625,0.0464313578643948,0.0566161155531459,0.0493006225661347
"14","H396R",0.266,0.822071033160333,0,0.3818240044205,0.1501759955795,0.0414890250809361,0.0522787712135747,0.0366075143027717,-Inf,0.0416278403062141,0.0286673976554779,0.0494291417282299,0.0335489084336423
"15","L248V",0.267333333333333,0.839242391278738,0,0.386456239051195,0.148210427615471,0.0451543018149349,0.0525658929269539,0.0366769588918926,-Inf,0.0417953244300577,0.0284844137941998,0.0533468469126277,0.036961756717242
"16","M351T",0.0448666666666667,0.163290768483822,0,0.0695332162159382,0.0202001171173952,0.0343623358928991,0.0298302387273972,0.0118880534661164,-Inf,0.0179729068136176,0.000804626712486996,0.0454457626465285,0.0232789091392697
"17","Q252H",0.363666666666667,0.948188486139644,0,0.485416683778233,0.2419166495551,0.0492148631880428,0.0542610837298837,0.0409511446969837,-Inf,0.0449618386793758,0.0352894161739053,0.0548765917111211,0.0435531346649644
"18","T315I",0.757375,2.4350537129841,0,1.06000203943964,0.454747960560362,0.0521803272541696,0.0673606779862727,0.0511403226150419,-Inf,0.0558093171128025,0.0440553896341246,0.0592652602350869,0.0450953942732524
"19","Y253F",0.496666666666667,0.876846043277234,0.116487290056099,0.575854207774259,0.417479125559074,0.0488231510097852,0.0531746687318704,0.0452800532123508,0.0251392623589036,0.0473347116412862,0.0428677675749708,0.0512354366471652,0.0464108653724052
"20","Y253H",0.929,1.66400783995819,0.193992160041813,1.0820947419084,0.775905258091599,0.0548138802355524,0.0620726257486285,0.0539771313865514,0.0322230898209583,0.0560958158115095,0.0514760436619352,0.0573149679601686,0.0523127925109361
