"","species","dr_mean","dr_ci_ul","dr_ci_ll","dr_sd_ul","dr_sd_ll","netgr_pred_mean","netgr_pred_ci_ul","netgr_pred_ci_ll","netgr_pred_sd_ul","netgr_pred_sd_ll"
"1","D276G",0.0705744329378423,0.33556010450143,0,0.12576828365889,0.0153805822167946,0.0181793425033059,0.0398339695891651,-Inf,0.0262039710599776,-0.00298124250240074
"2","E255K",0.489094171352303,1.64929393458251,0,0.73075211519685,0.247436227507756,0.0450666634917258,0.0619492677485337,-Inf,0.0506433197161264,0.0356027444887434
"3","E255V",0.84181606458638,2.0991078660033,0,1.0686118703803,0.615020258792464,0.0526084202886997,0.0652987837326757,-Inf,0.0559216734559373,0.0482486101306638
"4","E355A",0.086562641513643,0.453236086228965,0,0.162937032821564,0.0101882502057215,0.0210154590585116,0.0440091371166205,-Inf,0.0298001186872598,-0.00870166893473622
"5","E355G",0.11464611888585,0.365445764140265,0,0.166885162979758,0.0624070747919431,0.0249179844153158,0.0410189250148883,-Inf,0.0301326479176291,0.0164711578894784
"6","E459K",0.052947624032168,0.341508345694682,0,0.113051920620811,0,0.0141881655575663,0.0400780116399264,-Inf,0.0247234987322855,-Inf
"7","F317L",0.0758498227099986,0.245329400198031,0,0.111150714433482,0.0405489309865153,0.0191805567976841,0.0354839794326197,-Inf,0.0244879415147093,0.010482696366442
"8","F359C",0.169967663179098,0.472890709525818,0,0.233063487573564,0.106871838784631,0.030386846158071,0.0445987364545391,-Inf,0.0347716057822839,0.0239427092946388
"9","F359I",0.0924182347852996,0.281733046048771,0,0.131850606243361,0.0529858633272379,0.0219245698105078,0.0374056208109346,-Inf,0.0268599198858931,0.0141981926293964
"10","F359V",0.0489830658539617,0.237168923582743,0,0.0881802876433753,0.00978584406454804,0.0131072133969407,0.0350141300832629,-Inf,0.021272613374233,-0.00926136695536956
"11","F486S",0.655895322278054,1.5075034230786,0,0.833276726001013,0.478513918555096,0.0491423045490454,0.0607007627821601,-Inf,0.0524668126680555,0.0447629169357954
"12","G250E",0.524159419199024,1.86895240932846,0,0.766739072926743,0.281579765471305,0.0460283415858532,0.0636858064579943,-Inf,0.0513109898993815,0.0373980623215189
"13","H396P",0.705512520751812,1.49006314225994,0,0.868926525860513,0.542098515643111,0.0501551283263629,0.0605391457835436,-Inf,0.0530486568401477,0.0464957287377744
"14","H396R",0.258873640340412,0.838591309087335,0,0.379623001165732,0.138124279515093,0.0362303442851953,0.0525551137792161,-Inf,0.0415475469317185,0.0275055357929993
"15","L248V",0.254669565431199,0.759674745663965,0,0.359857066199271,0.149482064663126,0.0360029389449269,0.0511824318953185,-Inf,0.040804883823501,0.028603071358934
"16","M351T",0.0989468848324627,0.475315657947367,0,0.177340715550902,0.0205530541140233,0.0228726098657219,0.0446697756581755,-Inf,0.0309766326371024,0.00104519818895432
"17","Q252H",0.359027852658887,1.00345891771476,0,0.49325636318484,0.224799342132934,0.0407728429236764,0.0550479576307985,-Inf,0.045184357866169,0.0342701793413639
"18","T315I",0.725943234409787,2.4360721913386,0,1.03442379108015,0.41746267773942,0.050551618656493,0.0673664858972918,-Inf,0.0554700631679883,0.0428672203705099
"19","WT",0.0365218562538223,0.361765943296096,0,0.0736273607388418,0,0.00902993894265035,0.0408783633090227,-Inf,0.0187675198172241,-Inf
"20","Y253F",0.441586468614112,0.746572478385503,0.136600458842721,0.505111987545013,0.378060949683211,0.0436474801914721,0.0509407975586454,0.0273514587107392,0.0455142344892158,0.041490279808159
"21","Y253H",0.90321364563439,1.43662215101478,0.369805140254,1.01431727341012,0.792110017858661,0.0535861644699652,0.0600318698554854,0.0411836241661975,0.0551974409602445,0.0517631252030929
