"","dose","species","species_enabler","netgr.916"
"1","1200nM","T243F","T243I",0.02507305
"2","1200nM","T243F","T243S",0.02507305
"3","1200nM","T243L","T243I",-0.002491772
"4","1200nM","T243M","T243I",-0.021546428
"5","1200nM","T243V","T243I",0.01854588
"6","1200nM","M244P","M244L",-0.018527256
"7","1200nM","M244Q","M244L",-0.022051266
"8","1200nM","H246A","H246D",-0.010423712
"9","1200nM","H246E","H246D",-0.016936485
"10","1200nM","H246G","H246D",0.02270638
"11","1200nM","H246V","H246D",-0.00370289
"12","1200nM","K247G","K247R",0.012383789
"13","1200nM","K247S","K247R",0.008832526
"14","1200nM","K247W","K247R",0.035000692
"15","1200nM","L248I","L248L",0.037692626
"16","1200nM","G250C","G250W",0.042122822
"17","1200nM","G250D","G250E",-0.001029548
"18","1200nM","G250K","G250R",0.013718315
"19","1200nM","G250K","G250E",0.013718315
"20","1200nM","G250M","G250V",0.013972047
"21","1200nM","G250M","G250R",0.013972047
"22","1200nM","G250Q","G250E",0.034569591
"23","1200nM","G250S","G250R",0.044315231
"24","1200nM","G250S","G250W",0.044315231
"25","1200nM","G250T","G250R",0.025416953
"26","1200nM","Q252G","Q252R",0.031003244
"27","1200nM","Q252W","Q252R",-0.006347892
"28","1200nM","G254K","G254R",-0.011575718
"29","1200nM","G254M","G254R",-0.016527394
"30","1200nM","G254S","G254R",-0.015670158
"31","1200nM","G254T","G254R",-0.010857531
"32","1200nM","E255H","E255D",0.031152186
"33","1200nM","E255H","E255Q",0.031152186
"34","1200nM","E255L","E255Q",0.04465599
"35","1200nM","E255M","E255K",0.03846277
"36","1200nM","E255N","E255K",0.039795092
"37","1200nM","E255N","E255D",0.039795092
"38","1200nM","E255P","E255Q",-0.00352598
"39","1200nM","E255R","E255K",0.032423272
"40","1200nM","E255R","E255Q",0.032423272
"41","1200nM","E255T","E255K",0.045962901
"42","1200nM","E255Y","E255D",0.04278474
"43","1200nM","V256P","V256A",-0.013655541
"44","1200nM","V256S","V256A",-0.012522963
"45","1200nM","V256T","V256A",-0.009956227
"46","1200nM","E258M","E258K",0.042385929
"47","1200nM","E258N","E258K",0.022853149
"48","1200nM","E258R","E258K",0.019342082
"49","1200nM","E258T","E258K",0.022389421
"50","1200nM","V260D","V260V",-0.007300666
"51","1200nM","V260F","V260V",0.016493568
"52","1200nM","V260I","V260V",0.01215419
"53","1200nM","V260I","V260M",0.01215419
"54","1200nM","V260K","V260M",0.012995481
"55","1200nM","V260R","V260M",-0.022051644
"56","1200nM","V260T","V260M",0.028319018
"57","1200nM","K263M","K263K",0.035197141
"58","1200nM","L266F","L266L",-0.021940854
"59","1200nM","L266F","L266L",-0.021940854
"60","1200nM","L266G","L266R",-0.00335998
"61","1200nM","L266H","L266L",-0.020647576
"62","1200nM","L266H","L266L",-0.020647576
"63","1200nM","L266I","L266L",-0.024659535
"64","1200nM","L266I","L266L",-0.024659535
"65","1200nM","L266S","L266L",0.008411558
"66","1200nM","L266S","L266L",0.008411558
"67","1200nM","L266W","L266L",-0.00617843
"68","1200nM","L266W","L266R",-0.00617843
"69","1200nM","L266W","L266L",-0.00617843
"70","1200nM","T267E","T267A",-0.018914474
"71","1200nM","T267G","T267A",-0.015360961
"72","1200nM","T267I","T267T",0.021746305
"73","1200nM","T267I","T267M",0.021746305
"74","1200nM","T267L","T267M",-0.013334931
"75","1200nM","T267V","T267A",0.023238621
"76","1200nM","T267V","T267M",0.023238621
"77","1200nM","V268D","V268V",-0.020054952
"78","1200nM","V268D","V268V",-0.020054952
"79","1200nM","V268F","V268V",-0.02087009
"80","1200nM","V268F","V268V",-0.02087009
"81","1200nM","V268I","V268V",0.001876952
"82","1200nM","V268I","V268V",0.001876952
"83","1200nM","A269E","A269A",-0.020489508
"84","1200nM","A269E","A269A",-0.020489508
"85","1200nM","V270F","V270L",-0.00849579599999999
"86","1200nM","V270I","V270M",0.016549384
"87","1200nM","V270K","V270M",-0.017457724
"88","1200nM","V270R","V270M",-0.016934425
"89","1200nM","V270S","V270L",-0.020463041
"90","1200nM","V270T","V270M",-0.010734532
"91","1200nM","V270W","V270L",0.00973433
"92","1200nM","L273P","L273L",0.0461781
"93","1200nM","L273Q","L273L",0.024913773
"94","1200nM","L273R","L273L",0.049410372
"95","1200nM","E275M","E275K",0.013586246
"96","1200nM","E275N","E275K",0.011890223
"97","1200nM","E275R","E275K",0.04162396
"98","1200nM","E275T","E275K",0.023944759
"99","1200nM","M278A","M278V",-0.015693726
"100","1200nM","M278E","M278V",-0.015496962
"101","1200nM","M278G","M278V",-0.015858001
"102","1200nM","E279H","E279Q",0.031308464
"103","1200nM","E279L","E279Q",0.017792468
"104","1200nM","E279P","E279Q",0.034612166
"105","1200nM","E279R","E279Q",0.03414637
"106","1200nM","V280I","V280V",0.027081522
"107","1200nM","V280I","V280V",0.027081522
"108","1200nM","A288I","A288V",-0.01599655
"109","1200nM","A288I","A288T",-0.01599655
"110","1200nM","A288K","A288T",0.024131268
"111","1200nM","A288L","A288V",-0.017519664
"112","1200nM","A288R","A288T",-0.021335745
"113","1200nM","I293H","I293L",-0.010745057
"114","1200nM","I293P","I293L",-0.015107969
"115","1200nM","I293R","I293L",-0.012249106
"116","1200nM","K294M","K294K",0.010172926
"117","1200nM","P296D","P296H",0.019994853
"118","1200nM","P296N","P296H",0.029342912
"119","1200nM","P296Q","P296H",0.02595945
"120","1200nM","P296Y","P296H",0.026825234
"121","1200nM","N297C","N297S",0.004180146
"122","1200nM","N297G","N297S",0.017224524
"123","1200nM","N297R","N297S",0.034446712
"124","1200nM","L298I","L298L",0.032817998
"125","1200nM","V299I","V299V",-0.011828313
"126","1200nM","L301M","L301L",-0.012334038
"127","1200nM","L301M","L301L",-0.012334038
"128","1200nM","L301Q","L301L",-0.002001077
"129","1200nM","L301Q","L301L",-0.002001077
"130","1200nM","L302C","L302F",0.009112821
"131","1200nM","L302S","L302F",-0.013982177
"132","1200nM","L302Y","L302F",-0.015417179
"133","1200nM","V304M","V304I",0.006008398
"134","1200nM","V304N","V304I",-0.004677236
"135","1200nM","V304S","V304I",-0.006230498
"136","1200nM","R307C","R307W",0.01556239
"137","1200nM","R307E","R307Q",-0.015915688
"138","1200nM","R307H","R307Q",-0.01191953
"139","1200nM","R307K","R307R",0.023288037
"140","1200nM","R307K","R307Q",0.023288037
"141","1200nM","R307M","R307R",0.004808016
"142","1200nM","R307T","R307R",-0.022802453
"143","1200nM","P309C","P309S",-0.012298223
"144","1200nM","P309I","P309L",-0.009958532
"145","1200nM","P309V","P309L",-0.003561765
"146","1200nM","P309Y","P309S",-0.008100409
"147","1200nM","P310H","P310P",-0.006370493
"148","1200nM","P310H","P310P",-0.006370493
"149","1200nM","P310M","P310L",-0.015774711
"150","1200nM","P310V","P310L",-0.011667191
"151","1200nM","Y312G","Y312C",0.002627689
"152","1200nM","Y312L","Y312H",-0.016167192
"153","1200nM","Y312P","Y312H",-0.009221921
"154","1200nM","Y312Q","Y312H",-0.013010014
"155","1200nM","Y312R","Y312H",-0.004644823
"156","1200nM","Y312R","Y312C",-0.004644823
"157","1200nM","Y312W","Y312C",-0.014473754
"158","1200nM","T315K","T315T",-0.004339479
"159","1200nM","T315K","T315T",-0.004339479
"160","1200nM","T315M","T315T",0.044638041
"161","1200nM","T315M","T315T",0.044638041
"162","1200nM","T315R","T315T",-0.014197334
"163","1200nM","T315R","T315T",-0.014197334
"164","1200nM","T319F","T319I",0.022533802
"165","1200nM","T319L","T319I",0.022348165
"166","1200nM","T319M","T319I",0.03127452
"167","1200nM","T319V","T319I",0.036949936
"168","1200nM","Y320G","Y320C",0.042490102
"169","1200nM","Y320I","Y320N",-0.011501307
"170","1200nM","Y320K","Y320N",0.026451693
"171","1200nM","Y320R","Y320C",0.001187802
"172","1200nM","Y320T","Y320N",-0.022553731
"173","1200nM","Y320W","Y320C",0.009192804
"174","1200nM","G321K","G321R",-0.002978022
"175","1200nM","G321M","G321R",-0.01537694
"176","1200nM","G321S","G321R",-0.008296888
"177","1200nM","G321T","G321R",-0.007969018
"178","1200nM","N322A","N322D",0.013094352
"179","1200nM","N322E","N322K",0.001243011
"180","1200nM","N322E","N322D",0.001243011
"181","1200nM","N322G","N322D",-0.020296637
"182","1200nM","N322Q","N322K",0.008449133
"183","1200nM","N322R","N322K",-0.021141246
"184","1200nM","N322V","N322D",-0.013893646
"185","1200nM","L323Q","L323L",-0.020091779
"186","1200nM","L323Q","L323L",-0.020091779
"187","1200nM","L324I","L324L",0.033328525
"188","1200nM","E329H","E329D",0.019116238
"189","1200nM","E329H","E329D",0.019116238
"190","1200nM","E329N","E329D",0.020352529
"191","1200nM","E329N","E329D",0.020352529
"192","1200nM","E329Y","E329D",0.013001218
"193","1200nM","E329Y","E329D",0.013001218
"194","1200nM","C330H","C330R",0.001103015
"195","1200nM","C330L","C330R",-0.020278659
"196","1200nM","C330P","C330R",-0.021638171
"197","1200nM","N331A","N331D",-0.013045566
"198","1200nM","N331A","N331T",-0.013045566
"199","1200nM","N331C","N331S",0.017345507
"200","1200nM","N331E","N331D",0.014690321
"201","1200nM","N331F","N331I",0.017430517
"202","1200nM","N331G","N331S",-0.014018463
"203","1200nM","N331G","N331D",-0.014018463
"204","1200nM","N331L","N331I",0.010886137
"205","1200nM","N331M","N331I",0.009055518
"206","1200nM","N331P","N331T",0.010913391
"207","1200nM","N331R","N331S",0.01596294
"208","1200nM","N331V","N331D",0.014748594
"209","1200nM","N331V","N331I",0.014748594
"210","1200nM","R332A","R332P",-0.016341569
"211","1200nM","R332C","R332W",0.011274467
"212","1200nM","R332E","R332Q",0.017882381
"213","1200nM","R332H","R332Q",0.004724203
"214","1200nM","R332K","R332R",0.007776013
"215","1200nM","R332K","R332Q",0.007776013
"216","1200nM","R332K","R332R",0.007776013
"217","1200nM","R332M","R332R",-0.006099328
"218","1200nM","R332M","R332R",-0.006099328
"219","1200nM","R332S","R332W",-0.019443808
"220","1200nM","R332S","R332R",-0.019443808
"221","1200nM","R332S","R332P",-0.019443808
"222","1200nM","R332S","R332R",-0.019443808
"223","1200nM","R332T","R332R",0.008423321
"224","1200nM","R332T","R332R",0.008423321
"225","1200nM","R332T","R332P",0.008423321
"226","1200nM","Q333A","Q333P",0.025444957
"227","1200nM","Q333S","Q333P",-0.018938913
"228","1200nM","Q333T","Q333P",-0.00463018
"229","1200nM","E334L","E334V",-0.00371174
"230","1200nM","E334M","E334V",-0.012610311
"231","1200nM","V338R","V338G",-0.004732873
"232","1200nM","V338W","V338G",0.016563839
"233","1200nM","L340I","L340L",0.020070662
"234","1200nM","L341F","L341L",0.005740595
"235","1200nM","L341F","L341L",0.005740595
"236","1200nM","L341H","L341L",0.003676834
"237","1200nM","L341H","L341L",0.003676834
"238","1200nM","L341I","L341L",0.00404599
"239","1200nM","L341I","L341L",0.00404599
"240","1200nM","L341S","L341L",-0.015442398
"241","1200nM","L341S","L341L",-0.015442398
"242","1200nM","L341W","L341L",-0.015201809
"243","1200nM","L341W","L341L",-0.015201809
"244","1200nM","M343A","M343V",0.021461601
"245","1200nM","M343E","M343V",0.000203084999999999
"246","1200nM","M343F","M343L",0.015991777
"247","1200nM","M343F","M343L",0.015991777
"248","1200nM","M343G","M343V",0.014639624
"249","1200nM","M343P","M343L",-0.015770548
"250","1200nM","M343P","M343L",-0.015770548
"251","1200nM","M343Q","M343L",0.005378376
"252","1200nM","M343Q","M343L",0.005378376
"253","1200nM","M343S","M343L",0.014329735
"254","1200nM","M343S","M343L",0.014329735
"255","1200nM","M343W","M343L",0.021067423
"256","1200nM","M343W","M343L",0.021067423
"257","1200nM","A344F","A344V",0.008658727
"258","1200nM","A344I","A344T",0.023309845
"259","1200nM","A344I","A344V",0.023309845
"260","1200nM","A344L","A344V",0.02455332
"261","1200nM","A344N","A344T",0.007081791
"262","1200nM","S348C","S348S",-0.017277048
"263","1200nM","S348C","S348S",-0.017277048
"264","1200nM","S348F","S348S",-0.01723856
"265","1200nM","S348F","S348S",-0.01723856
"266","1200nM","S348Y","S348S",-0.012683642
"267","1200nM","S348Y","S348S",-0.012683642
"268","1200nM","S349W","S349S",0.018213569
"269","1200nM","A350I","A350T",-0.014284667
"270","1200nM","A350N","A350T",-0.011156702
"271","1200nM","M351A","M351V",0.019869696
"272","1200nM","M351E","M351V",0.014294152
"273","1200nM","M351G","M351V",-0.004373178
"274","1200nM","Y353A","Y353S",-0.015243887
"275","1200nM","Y353P","Y353S",-0.012697932
"276","1200nM","Y353T","Y353S",-0.008618548
"277","1200nM","L364M","L364L",0.026824762
"278","1200nM","L364Q","L364L",-0.014579871
"279","1200nM","L370I","L370L",-0.005411474
"280","1200nM","V371M","V371V",-0.02594545
"281","1200nM","G372D","G372E",-0.004848922
"282","1200nM","G372K","G372E",0.027960811
"283","1200nM","G372K","G372R",0.027960811
"284","1200nM","G372M","G372R",-0.005944325
"285","1200nM","G372Q","G372E",0.013426528
"286","1200nM","G372S","G372R",0.013925911
"287","1200nM","G372T","G372R",0.022994087
"288","1200nM","E373H","E373D",0.027238097
"289","1200nM","E373N","E373D",0.01502277
"290","1200nM","E373R","E373G",0.024003797
"291","1200nM","E373W","E373G",0.004390543
"292","1200nM","E373Y","E373D",0.022094477
"293","1200nM","L376A","L376V",0.008232707
"294","1200nM","L376E","L376V",0.009723656
"295","1200nM","L376G","L376V",-0.00886478499999999
"296","1200nM","V377D","V377V",-0.018537408
"297","1200nM","V377D","V377V",-0.018537408
"298","1200nM","V377F","V377V",-0.018475381
"299","1200nM","V377F","V377V",-0.018475381
"300","1200nM","V377I","V377V",-0.002451231
"301","1200nM","V377I","V377V",-0.002451231
"302","1200nM","V377P","V377A",-0.019477772
"303","1200nM","V377S","V377A",-0.021600805
"304","1200nM","V377T","V377A",0.010674621
"305","1200nM","K378I","K378K",-0.021188464
"306","1200nM","V379M","V379V",0.016190835
"307","1200nM","A380E","A380A",-0.015625817
"308","1200nM","A380E","A380A",-0.015625817
"309","1200nM","G383P","G383A",-0.007491656
"310","1200nM","G383T","G383A",-0.005395822
"311","1200nM","L384F","L384L",0.006411346
"312","1200nM","L384F","L384L",0.006411346
"313","1200nM","L384F","L384L",0.006411346
"314","1200nM","L384H","L384L",-0.021017775
"315","1200nM","L384H","L384L",-0.021017775
"316","1200nM","L384H","L384L",-0.021017775
"317","1200nM","L384I","L384L",-0.016875538
"318","1200nM","L384I","L384L",-0.016875538
"319","1200nM","L384I","L384L",-0.016875538
"320","1200nM","L384S","L384L",-0.003410266
"321","1200nM","L384S","L384L",-0.003410266
"322","1200nM","L384S","L384L",-0.003410266
"323","1200nM","L384W","L384L",-0.015176044
"324","1200nM","L384W","L384L",-0.015176044
"325","1200nM","L384W","L384L",-0.015176044
"326","1200nM","L387I","L387L",0.009210995
"327","1200nM","M388A","M388V",-0.012805338
"328","1200nM","M388E","M388V",-0.011802074
"329","1200nM","M388G","M388V",-0.01125079
"330","1200nM","T389M","T389T",-0.01144242
"331","1200nM","T392F","T392I",0.024882277
"332","1200nM","T392L","T392I",-0.011884026
"333","1200nM","T392M","T392I",-0.005308539
"334","1200nM","T392V","T392I",-0.005026884
"335","1200nM","T394E","T394A",-0.022573824
"336","1200nM","T394G","T394A",-0.017776754
"337","1200nM","T394L","T394I",-0.000530489000000002
"338","1200nM","T394M","T394I",0.016752208
"339","1200nM","T394V","T394A",0.01577121
"340","1200nM","T394V","T394I",0.01577121
"341","1200nM","A395I","A395T",-0.020497343
"342","1200nM","A395N","A395T",-0.025638906
"343","1200nM","H396C","H396R",-0.0072319
"344","1200nM","H396G","H396R",0.012333192
"345","1200nM","H396S","H396R",0.021096184
"346","1200nM","A397E","A397A",0.011577605
"347","1200nM","A397E","A397A",0.011577605
"348","1200nM","G398C","G398G",-0.023997487
"349","1200nM","G398D","G398G",0.007902359
"350","1200nM","G398S","G398G",-0.003410825
"351","1200nM","T406C","T406S",0.006528351
"352","1200nM","T406F","T406S",-0.018962803
"353","1200nM","T406F","T406I",-0.018962803
"354","1200nM","T406L","T406I",-0.016805453
"355","1200nM","T406M","T406I",-0.022382819
"356","1200nM","T406V","T406I",-0.017012019
"357","1200nM","T406Y","T406S",-0.020577967
"358","1200nM","A407I","A407V",0.019404046
"359","1200nM","A407L","A407V",-0.023044255
"360","1200nM","P408Q","P408P",-0.027774856
"361","1200nM","P408Q","P408P",-0.027774856
"362","1200nM","E409M","E409K",-0.00543116
"363","1200nM","E409N","E409K",0.013425364
"364","1200nM","E409R","E409K",-0.019205835
"365","1200nM","E409T","E409K",-0.023110004
"366","1200nM","A412F","A412V",0.009605826
"367","1200nM","A412I","A412V",0.020077704
"368","1200nM","A412L","A412V",0.0151414
"369","1200nM","Y413I","Y413F",-0.016495974
"370","1200nM","Y413L","Y413F",0.013041801
"371","1200nM","Y413V","Y413F",-0.020556213
"372","1200nM","N414E","N414K",-0.021014423
"373","1200nM","N414F","N414I",0.014442207
"374","1200nM","N414L","N414I",0.020265154
"375","1200nM","N414M","N414K",0.010578112
"376","1200nM","N414M","N414I",0.010578112
"377","1200nM","N414Q","N414K",-0.019594632
"378","1200nM","N414R","N414K",0.026841575
"379","1200nM","N414V","N414I",-0.00769596400000001
"380","1200nM","I418H","I418L",0.02979805
"381","1200nM","I418P","I418L",0.032149695
"382","1200nM","I418R","I418L",0.038134302
"383","1200nM","S420I","S420T",-0.019797948
"384","1200nM","S420N","S420T",0.022684628
"385","1200nM","V422E","V422V",-0.023263105
"386","1200nM","V422E","V422V",-0.023263105
"387","1200nM","V422M","V422V",-0.000924184000000002
"388","1200nM","V422M","V422V",-0.000924184000000002
"389","1200nM","V422M","V422I",-0.000924184000000002
"390","1200nM","V422N","V422I",0.003693043
"391","1200nM","V422S","V422I",0.016533719
"392","1200nM","V422T","V422I",0.009968275
"393","1200nM","A424L","A424S",-0.004690882
"394","1200nM","L428P","L428L",-0.016778905
"395","1200nM","L428Q","L428L",0.003249443
"396","1200nM","L428R","L428L",-0.012916502
"397","1200nM","L429C","L429F",0.007896646
"398","1200nM","L429S","L429F",0.008207194
"399","1200nM","L429Y","L429F",0.023627798
"400","1200nM","I432A","I432V",0.013160642
"401","1200nM","I432D","I432V",-0.015048687
"402","1200nM","I432G","I432V",0.014649422
"403","1200nM","T434D","T434N",-0.020133505
"404","1200nM","T434F","T434I",-0.008056098
"405","1200nM","T434H","T434N",-0.026988864
"406","1200nM","T434K","T434N",-0.013757095
"407","1200nM","T434L","T434I",0.004412813
"408","1200nM","T434V","T434I",-0.01482504
"409","1200nM","T434Y","T434N",-0.0143326
"410","1200nM","Y435L","Y435H",-0.016753223
"411","1200nM","Y435P","Y435H",-0.010003346
"412","1200nM","Y435Q","Y435H",-0.00483251
"413","1200nM","Y435R","Y435H",-0.02017076
"414","1200nM","M437F","M437I",-0.018326143
"415","1200nM","M437N","M437I",-0.017763712
"416","1200nM","M437S","M437I",-0.0053829
"417","1200nM","S438L","S438S",0.009728339
"418","1200nM","S438L","S438S",0.009728339
"419","1200nM","S438W","S438S",0.000319592
"420","1200nM","S438W","S438S",0.000319592
"421","1200nM","P441M","P441L",0.024519782
"422","1200nM","P441V","P441L",0.026699602
"423","1200nM","G442I","G442V",-0.005509885
"424","1200nM","G442L","G442V",0.010061939
"425","1200nM","S446G","S446C",0.002207469
"426","1200nM","S446H","S446P",-0.000105340000000002
"427","1200nM","S446L","S446P",0.009405923
"428","1200nM","S446R","S446P",-0.008430401
"429","1200nM","S446R","S446C",-0.008430401
"430","1200nM","S446W","S446C",0.029581624
"431","1200nM","Q447M","Q447K",0.017085627
"432","1200nM","Q447N","Q447K",0.01115169
"433","1200nM","Q447T","Q447K",0.01491361
"434","1200nM","V448D","V448V",-0.019942934
"435","1200nM","V448D","V448V",-0.019942934
"436","1200nM","V448F","V448V",0.014701873
"437","1200nM","V448F","V448V",0.014701873
"438","1200nM","V448I","V448V",0.011855064
"439","1200nM","V448I","V448M",0.011855064
"440","1200nM","V448I","V448V",0.011855064
"441","1200nM","V448K","V448M",-0.024032872
"442","1200nM","V448R","V448M",0.001052662
"443","1200nM","V448T","V448M",-0.002479934
"444","1200nM","Y449G","Y449C",-0.027998979
"445","1200nM","Y449R","Y449C",-0.02093881
"446","1200nM","Y449W","Y449C",-0.023028461
"447","1200nM","E450H","E450D",0.034624016
"448","1200nM","E450N","E450D",0.021611337
"449","1200nM","E450Y","E450D",0.03615127
"450","1200nM","L451F","L451L",0.020635308
"451","1200nM","L451H","L451L",0.004000564
"452","1200nM","L451I","L451L",0.013447201
"453","1200nM","E453H","E453Q",0.031943621
"454","1200nM","E453L","E453Q",0.02542437
"455","1200nM","E453P","E453Q",-0.019248644
"456","1200nM","E453R","E453Q",0.030356353
"457","1200nM","E453R","E453G",0.030356353
"458","1200nM","E453W","E453G",0.029070903
"459","1200nM","D455K","D455E",0.022232084
"460","1200nM","D455Q","D455E",0.019508771
"461","1200nM","Y456G","Y456C",0.016496085
"462","1200nM","Y456R","Y456C",0.022658622
"463","1200nM","Y456W","Y456C",0.002486564
"464","1200nM","R457D","R457H",-0.021782465
"465","1200nM","R457N","R457H",0.021095125
"466","1200nM","R457Q","R457H",-0.01473675
"467","1200nM","R457Y","R457H",-0.019158976
"468","1200nM","E459H","E459Q",0.029052854
"469","1200nM","E459L","E459Q",0.017444414
"470","1200nM","E459M","E459K",0.02595319
"471","1200nM","E459N","E459K",0.032393453
"472","1200nM","E459P","E459Q",0.021654826
"473","1200nM","E459R","E459Q",0.039025614
"474","1200nM","E459R","E459K",0.039025614
"475","1200nM","E459T","E459K",0.02307064
"476","1200nM","R460D","R460H",0.017630823
"477","1200nM","R460F","R460C",0.014762893
"478","1200nM","R460N","R460H",-0.001283021
"479","1200nM","R460Q","R460H",0.006473647
"480","1200nM","R460W","R460C",0.02019925
"481","1200nM","R460Y","R460C",0.022940024
"482","1200nM","R460Y","R460H",0.022940024
"483","1200nM","G463H","E463D",0.022792712
"484","1200nM","G463N","E463D",0.012823278
"485","1200nM","G463Y","E463D",0.016917457
"486","1200nM","E466H","E466Q",0.014030589
"487","1200nM","E466L","E466Q",0.006527285
"488","1200nM","E466P","E466Q",0.017805794
"489","1200nM","E466R","E466Q",0.016526153
"490","1200nM","K467I","K467K",0.004939875
"491","1200nM","Y469G","Y469C",0.014096682
"492","1200nM","Y469L","Y469H",-0.029361894
"493","1200nM","Y469P","Y469H",-0.017310467
"494","1200nM","Y469Q","Y469H",0.018830282
"495","1200nM","Y469R","Y469H",-0.004040577
"496","1200nM","Y469R","Y469C",-0.004040577
"497","1200nM","Y469W","Y469C",0.02332768
"498","1200nM","M472A","M472T",-0.003846251
"499","1200nM","M472A","M472V",-0.003846251
"500","1200nM","M472E","M472V",0.006524133
"501","1200nM","M472F","M472L",-0.024786504
"502","1200nM","M472F","M472L",-0.024786504
"503","1200nM","M472G","M472V",-0.020330488
"504","1200nM","M472P","M472L",-0.021722652
"505","1200nM","M472P","M472L",-0.021722652
"506","1200nM","M472P","M472T",-0.021722652
"507","1200nM","M472Q","M472L",0.015172825
"508","1200nM","M472Q","M472L",0.015172825
"509","1200nM","M472S","M472T",0.006948481
"510","1200nM","M472S","M472L",0.006948481
"511","1200nM","M472S","M472L",0.006948481
"512","1200nM","M472W","M472L",-0.018606142
"513","1200nM","M472W","M472L",-0.018606142
"514","1200nM","R473A","R473G",0.02347388
"515","1200nM","R473E","R473Q",0.015176753
"516","1200nM","R473E","R473G",0.015176753
"517","1200nM","R473H","R473Q",0.018919284
"518","1200nM","R473I","R473R",0.003030036
"519","1200nM","R473K","R473Q",0.025366904
"520","1200nM","R473K","R473R",0.025366904
"521","1200nM","R473S","R473R",0.015918633
"522","1200nM","R473T","R473R",-0.007131697
"523","1200nM","R473V","R473G",-0.001061126
"524","1200nM","A474D","A474A",0.017736102
"525","1200nM","A474D","A474A",0.017736102
"526","1200nM","A474R","A474G",0.011355086
"527","1200nM","C475A","C475S",0.006958696
"528","1200nM","C475H","C475R",-0.020424656
"529","1200nM","C475L","C475R",0.000148018
"530","1200nM","C475P","C475S",0.000725008999999999
"531","1200nM","C475P","C475R",0.000725008999999999
"532","1200nM","C475T","C475S",0.0099203
"533","1200nM","Q477G","Q477R",0.007752557
"534","1200nM","Q477W","Q477R",0.002562364
"535","1200nM","W478P","W478R",0.008890168
"536","1200nM","W478Q","W478R",-0.003968621
"537","1200nM","P480C","P480S",0.020952312
"538","1200nM","P480F","P480L",0.00855023
"539","1200nM","P480F","P480S",0.00855023
"540","1200nM","P480I","P480L",0.015676422
"541","1200nM","P480I","P480T",0.015676422
"542","1200nM","P480N","P480T",0.024049238
"543","1200nM","P480V","P480L",0.010802683
"544","1200nM","P480Y","P480S",0.002907025
"545","1200nM","S481H","S481P",0.010280499
"546","1200nM","S481L","S481P",0.013073212
"547","1200nM","S481R","S481P",0.020549864
"548","1200nM","D482L","D482H",0.00831903
"549","1200nM","D482P","D482H",0.02328748
"550","1200nM","D482Q","D482H",0.016344737
"551","1200nM","D482R","D482H",0.018402509
"552","1200nM","R483C","R483W",-0.013754182
"553","1200nM","R483S","R483W",-0.009739321
"554","1200nM","S485I","S485T",0.026640934
"555","1200nM","S485L","S485S",0.017999939
"556","1200nM","S485N","S485T",0.016111668
"557","1200nM","F486H","F486L",0.030793673
"558","1200nM","F486P","F486L",0.040160117
"559","1200nM","F486R","F486L",-0.003825674
"560","1200nM","A487F","A487V",0.011274495
"561","1200nM","A487I","A487V",0.016564942
"562","1200nM","A487L","A487V",0.013494104
"563","1200nM","E488H","E488D",0.01466339
"564","1200nM","E488N","E488D",0.011786885
"565","1200nM","E488Y","E488D",0.015428054
"566","1200nM","I489A","I489V",0.0107668
"567","1200nM","I489D","I489V",-0.018088992
"568","1200nM","I489G","I489V",-0.020397182
"569","1200nM","H490C","H490Y",0.032391212
"570","1200nM","H490F","H490Y",0.002198371
"571","1200nM","H490S","H490Y",-0.031795902
"572","1200nM","A492I","A492T",0.013141791
"573","1200nM","A492N","A492T",0.02072501
"574","1200nM","M496G","M496V",-0.009527817
"575","1200nM","S501D","S501N",-0.00920535099999999
"576","1200nM","S501H","S501N",0.008035652
"577","1200nM","S501K","S501N",0.019915602
"578","1200nM","S501Y","S501N",-0.004177369
"579","1200nM","S503E","S503A",-0.019094031
"580","1200nM","S503G","S503A",0.023411129
"581","1200nM","S503V","S503A",0.015311272
"582","1200nM","E505I","E505K",0.009923321
"583","1200nM","E505N","E505K",0.018602889
"584","1200nM","E505R","E505K",-0.01891309
"585","1200nM","E505T","E505K",0.015578282
"586","1200nM","V506D","V506V",0.01858168
"587","1200nM","V506D","V506V",0.01858168
"588","1200nM","V506F","V506V",0.014250579
"589","1200nM","V506F","V506V",0.014250579
"590","1200nM","V506I","V506V",0.013836746
"591","1200nM","V506I","V506V",0.013836746
"592","1200nM","L510I","L510L",0.018319718
"593","1200nM","G511K","G511R",0.019224815
"594","1200nM","G511M","G511R",0.017829213
"595","1200nM","G511S","G511R",-0.001670367
"596","1200nM","G511T","G511R",0.022754443
