Collapsed,Mutation_type
T315I,Clinically resistant to imatinib
G250E,Clinically resistant to imatinib
E255K,Clinically resistant to imatinib
M351T,Clinically resistant to imatinib
Y253H,Clinically resistant to imatinib
M244V,Clinically resistant to imatinib
F317L,Clinically resistant to imatinib
F359V,Clinically resistant to imatinib
H396R,Clinically resistant to imatinib
E255V,Clinically resistant to imatinib
E355G,Clinically resistant to imatinib
Q252H,Clinically resistant to imatinib
E459K,Clinically resistant to imatinib
L248V,Clinically resistant to imatinib
Y253F,Clinically resistant to imatinib
D276G,Clinically resistant to imatinib
F359C,Clinically resistant to imatinib
L387M,Clinically resistant to imatinib
F359I,Clinically resistant to imatinib
F486S,Clinically resistant to imatinib
V379I,Clinically resistant to imatinib
L384M,Clinically resistant to imatinib
F311L,Clinically resistant to imatinib
E279K,Clinically resistant to imatinib
H396P,Clinically resistant to imatinib
E355A,Clinically resistant to imatinib
M388L,Clinically resistant to imatinib
F317V,Clinically resistant to imatinib
L387F,Clinically resistant to imatinib
S348L,Clinically resistant to imatinib
D325N,Clinically resistant to imatinib
E255D,Clinically resistant to imatinib
E275K,Clinically resistant to imatinib
F317C,Clinically resistant to imatinib
L248R,Clinically resistant to imatinib
T315V,Clinically resistant to imatinib