,mutant,conc,y_model,drug_effect,,,
1,D276G,0.2,0.53849018,0.008597028,,,
2,D276G,0.3,0.384840465,0.013262867,,,
3,D276G,0.4,0.286732987,0.017350054,,,
4,D276G,0.5,0.221949518,0.020907018,,,
5,D276G,0.6,0.177318276,0.024025125,,,
6,D276G,0.7,0.145343729,0.026786858,,,
7,D276G,0.8,0.121652384,0.029258161,,,
8,D276G,0.9,0.10359142,0.031490288,,,
9,D276G,1,0.089487246,0.033523044,,,
10,D276G,1.1,0.078245221,0.035387605,,,
11,D276G,1.2,0.069125971,0.037108677,,,
12,D276G,1.3,0.061615718,0.038706087,,,
13,D276G,1.4,0.055348411,0.040195935,,,
14,D276G,1.5,0.050057435,0.041591448,,,
15,D276G,1.6,0.045544763,0.042903606,,,
16,D276G,1.7,0.041660729,0.044141616,,,
17,D276G,1.8,0.038290443,0.045313263,,,
18,D276G,1.9,0.035344464,0.046425188,,,
19,D276G,2,0.032752277,0.047483094,,,
20,D276G,2.1,0.030457651,0.048491917,,,
21,D276G,2.2,0.02841527,0.049455953,,,
22,D276G,2.3,0.026588265,0.050378963,,,
23,D276G,2.4,0.024946379,0.051264259,,,
24,D276G,2.5,0.023464575,0.05211477,,,
25,D276G,2.6,0.022121988,0.052933101,,,
26,D276G,2.7,0.020901101,0.053721576,,,
27,D276G,2.8,0.01978712,0.054482279,,,
28,D276G,2.9,0.018767474,0.055217084,,,
29,D276G,3,0.017831421,0.055927683,,,
30,D276G,3.1,0.016969736,0.056615608,,,
31,D276G,3.2,0.016174455,0.057282252,,,
32,D276G,3.3,0.015438674,0.057928883,,,
33,D276G,3.4,0.014756382,0.058556661,,,
34,D276G,3.5,0.014122322,0.059166647,,,
35,D276G,3.6,0.013531882,0.059759816,,,
36,D276G,3.7,0.012980997,0.060337066,,,
37,D276G,3.8,0.012466078,0.060899223,,,
38,D276G,3.9,0.011983939,0.061447054,,,
39,D276G,4,0.011531749,0.061981267,,,
40,D276G,4.1,0.011106982,0.062502519,,,
41,D276G,4.2,0.010707377,0.063011422,,,
42,D276G,4.3,0.010330907,0.063508544,,,
43,D276G,4.4,0.009975751,0.063994417,,,
44,D276G,4.5,0.009640266,0.064469536,,,
45,D276G,4.6,0.009322968,0.064934365,,,
46,D276G,4.7,0.009022513,0.065389338,,,
47,D276G,4.8,0.008737683,0.065834864,,,
48,D276G,4.9,0.008467369,0.066271326,,,
49,D276G,5,0.008210561,0.066699083,,,
50,D276G,5.1,0.007966339,0.067118475,,,
51,D276G,5.2,0.00773386,0.067529822,,,
52,D276G,5.3,0.007512352,0.067933425,,,
53,D276G,5.4,0.007301109,0.068329571,,,
54,D276G,5.5,0.007099478,0.068718528,,,
55,D276G,5.6,0.006906863,0.069100552,,,
56,D276G,5.7,0.006722711,0.069475886,,,
57,D276G,5.8,0.006546514,0.069844758,,,
58,D276G,5.9,0.006377801,0.070207388,,,
59,D276G,6,0.006216136,0.070563982,,,
60,D276G,6.1,0.006061117,0.070914738,,,
61,D276G,6.2,0.005912369,0.071259843,,,
62,D276G,6.3,0.005769544,0.071599475,,,
63,D276G,6.4,0.005632319,0.071933806,,,
64,D276G,6.5,0.005500392,0.072262998,,,
65,D276G,6.6,0.005373484,0.072587206,,,
66,D276G,6.7,0.005251331,0.072906578,,,
67,D276G,6.8,0.00513369,0.073221257,,,
68,D276G,6.9,0.005020332,0.073531378,,,
69,D276G,7,0.004911042,0.073837071,,,
70,D276G,7.1,0.004805621,0.07413846,,,
71,D276G,7.2,0.004703879,0.074435664,,,
72,D276G,7.3,0.004605641,0.074728799,,,
73,D276G,7.4,0.00451074,0.075017973,,,
74,D276G,7.5,0.004419021,0.075303292,,,
75,D276G,7.6,0.004330338,0.075584858,,,
76,D276G,7.7,0.004244551,0.075862767,,,
77,D276G,7.8,0.004161531,0.076137113,,,
78,D276G,7.9,0.004081156,0.076407987,,,
79,D276G,8,0.004003308,0.076675475,,,
80,D276G,8.1,0.00392788,0.07693966,,,
81,D276G,8.2,0.003854767,0.077200623,,,
82,D276G,8.3,0.003783871,0.077458441,,,
83,D276G,8.4,0.0037151,0.077713189,,,
84,D276G,8.5,0.003648367,0.07796494,,,
85,D276G,8.6,0.003583587,0.078213763,,,
86,D276G,8.7,0.003520683,0.078459724,,,
87,D276G,8.8,0.00345958,0.07870289,,,
88,D276G,8.9,0.003400206,0.078943323,,,
89,D276G,9,0.003342494,0.079181083,,,
90,D276G,9.1,0.00328638,0.079416229,,,
91,D276G,9.2,0.003231804,0.079648818,,,
92,D276G,9.3,0.003178706,0.079878906,,,
93,D276G,9.4,0.003127031,0.080106544,,,
94,D276G,9.5,0.003076728,0.080331785,,,
95,D276G,9.6,0.003027746,0.080554678,,,
96,D276G,9.7,0.002980037,0.080775272,,,
97,D276G,9.8,0.002933555,0.080993615,,,
98,D276G,9.9,0.002888257,0.08120975,,,
99,D276G,10,0.002844102,0.081423722,,,
100,E255K,0.2,0.993781976,8.66E-05,,,
101,E255K,0.3,0.9807087,0.000270553,,,
102,E255K,0.4,0.957544492,0.000602543,,,
103,E255K,0.5,0.923121315,0.001111036,,,
104,E255K,0.6,0.877661709,0.001812417,,,
105,E255K,0.7,0.822735732,0.002710003,,,
106,E255K,0.8,0.760926439,0.003794703,,,
107,E255K,0.9,0.695302333,0.005047341,,,
108,E255K,1,0.628872264,0.006442043,,,
109,E255K,1.1,0.564176379,0.007949838,,,
110,E255K,1.2,0.50308021,0.009541745,,,
111,E255K,1.3,0.446752494,0.01119098,,,
112,E255K,1.4,0.395761613,0.012874212,,,
113,E255K,1.5,0.350222222,0.014572047,,,
114,E255K,1.6,0.309943224,0.016268974,,,
115,E255K,1.7,0.274551721,0.017952995,,,
116,E255K,1.8,0.243585147,0.019615121,,,
117,E255K,1.9,0.216553688,0.021248844,,,
118,E255K,2,0.192979004,0.022849637,,,
119,E255K,2.1,0.172415899,0.024414524,,,
120,E255K,2.2,0.154462544,0.025941717,,,
121,E255K,2.3,0.138763553,0.027430331,,,
122,E255K,2.4,0.12500886,0.028880148,,,
123,E255K,2.5,0.112930391,0.03029144,,,
124,E255K,2.6,0.10229774,0.031664829,,,
125,E255K,2.7,0.092913588,0.033001186,,,
126,E255K,2.8,0.084609291,0.034301544,,,
127,E255K,2.9,0.07724081,0.035567046,,,
128,E255K,3,0.07068511,0.036798894,,,
129,E255K,3.1,0.064837002,0.037998317,,,
130,E255K,3.2,0.059606438,0.039166551,,,
131,E255K,3.3,0.054916199,0.040304818,,,
132,E255K,3.4,0.050699937,0.041414314,,,
133,E255K,3.5,0.046900524,0.042496201,,,
134,E255K,3.6,0.043468651,0.043551601,,,
135,E255K,3.7,0.040361665,0.044581595,,,
136,E255K,3.8,0.037542576,0.045587217,,,
137,E255K,3.9,0.034979226,0.046569457,,,
138,E255K,4,0.032643592,0.04752926,,,
139,E255K,4.1,0.030511191,0.048467524,,,
140,E255K,4.2,0.028560584,0.049385107,,,
141,E255K,4.3,0.026772952,0.050282822,,,
142,E255K,4.4,0.025131735,0.051161443,,,
143,E255K,4.5,0.023622328,0.052021707,,,
144,E255K,4.6,0.022231825,0.052864312,,,
145,E255K,4.7,0.020948789,0.053689923,,,
146,E255K,4.8,0.01976307,0.05449917,,,
147,E255K,4.9,0.018665636,0.055292654,,,
148,E255K,5,0.017648438,0.056070944,,,
149,E255K,5.1,0.016704284,0.056834584,,,
150,E255K,5.2,0.01582674,0.057584088,,,
151,E255K,5.3,0.015010036,0.058319948,,,
152,E255K,5.4,0.014248987,0.059042631,,,
153,E255K,5.5,0.013538931,0.059752582,,,
154,E255K,5.6,0.012875663,0.060450227,,,
155,E255K,5.7,0.012255387,0.061135968,,,
156,E255K,5.8,0.011674669,0.061810192,,,
157,E255K,5.9,0.011130399,0.062473268,,,
158,E255K,6,0.010619755,0.063125547,,,
159,E255K,6.1,0.010140173,0.063767365,,,
160,E255K,6.2,0.009689319,0.064399043,,,
161,E255K,6.3,0.009265069,0.065020888,,,
162,E255K,6.4,0.008865481,0.065633195,,,
163,E255K,6.5,0.008488783,0.066236244,,,
164,E255K,6.6,0.008133353,0.066830305,,,
165,E255K,6.7,0.007797705,0.067415637,,,
166,E255K,6.8,0.007480475,0.067992486,,,
167,E255K,6.9,0.007180412,0.068561091,,,
168,E255K,7,0.006896365,0.069121678,,,
169,E255K,7.1,0.006627274,0.069674468,,,
170,E255K,7.2,0.006372163,0.07021967,,,
171,E255K,7.3,0.006130132,0.070757486,,,
172,E255K,7.4,0.005900348,0.071288111,,,
173,E255K,7.5,0.005682042,0.071811731,,,
174,E255K,7.6,0.005474503,0.072328526,,,
175,E255K,7.7,0.00527707,0.072838669,,,
176,E255K,7.8,0.005089134,0.073342327,,,
177,E255K,7.9,0.004910127,0.073839661,,,
178,E255K,8,0.00473952,0.074330824,,,
179,E255K,8.1,0.004576825,0.074815968,,,
180,E255K,8.2,0.004421586,0.075295235,,,
181,E255K,8.3,0.004273376,0.075768765,,,
182,E255K,8.4,0.004131801,0.076236692,,,
183,E255K,8.5,0.003996491,0.076699145,,,
184,E255K,8.6,0.003867102,0.07715625,,,
185,E255K,8.7,0.003743309,0.077608128,,,
186,E255K,8.8,0.003624813,0.078054896,,,
187,E255K,8.9,0.003511331,0.078496667,,,
188,E255K,9,0.003402599,0.078933551,,,
189,E255K,9.1,0.00329837,0.079365653,,,
190,E255K,9.2,0.00319841,0.079793076,,,
191,E255K,9.3,0.003102502,0.08021592,,,
192,E255K,9.4,0.003010442,0.080634281,,,
193,E255K,9.5,0.002922037,0.081048253,,,
194,E255K,9.6,0.002837107,0.081457925,,,
195,E255K,9.7,0.00275548,0.081863385,,,
196,E255K,9.8,0.002676997,0.082264719,,,
197,E255K,9.9,0.002601506,0.082662009,,,
198,E255K,10,0.002528866,0.083055336,,,
199,E255V,0.2,0.999999947,7.40E-10,,,
200,E255V,0.3,0.999999595,5.62E-09,,,
201,E255V,0.4,0.999998294,2.37E-08,,,
202,E255V,0.5,0.999994793,7.23E-08,,,
203,E255V,0.6,0.999987042,1.80E-07,,,
204,E255V,0.7,0.99997199,3.89E-07,,,
205,E255V,0.8,0.999945387,7.59E-07,,,
206,E255V,0.9,0.999901583,1.37E-06,,,
207,E255V,1,0.99983333,2.32E-06,,,
208,E255V,1.1,0.999731589,3.73E-06,,,
209,E255V,1.2,0.99958533,5.76E-06,,,
210,E255V,1.3,0.999381349,8.60E-06,,,
211,E255V,1.4,0.999104083,1.24E-05,,,
212,E255V,1.5,0.998735434,1.76E-05,,,
213,E255V,1.6,0.99825461,2.43E-05,,,
214,E255V,1.7,0.997637974,3.28E-05,,,
215,E255V,1.8,0.996858926,4.37E-05,,,
216,E255V,1.9,0.995887799,5.72E-05,,,
217,E255V,2,0.994691795,7.39E-05,,,
218,E255V,2.1,0.993234961,9.43E-05,,,
219,E255V,2.2,0.991478217,0.000118865,,,
220,E255V,2.3,0.989379439,0.000148297,,,
221,E255V,2.4,0.986893613,0.000183237,,,
222,E255V,2.5,0.983973073,0.000224399,,,
223,E255V,2.6,0.980567819,0.000272548,,,
224,E255V,2.7,0.976625947,0.000328494,,,
225,E255V,2.8,0.972094174,0.000393092,,,
226,E255V,2.9,0.96691849,0.000467237,,,
227,E255V,3,0.96104491,0.000551863,,,
228,E255V,3.1,0.954420357,0.000647932,,,
229,E255V,3.2,0.946993645,0.000756429,,,
230,E255V,3.3,0.93871656,0.000878357,,,
231,E255V,3.4,0.929545018,0.001014723,,,
232,E255V,3.5,0.919440279,0.00116653,,,
233,E255V,3.6,0.908370171,0.001334768,,,
234,E255V,3.7,0.896310301,0.001520397,,,
235,E255V,3.8,0.88324519,0.001724339,,,
236,E255V,3.9,0.869169301,0.001947463,,,
237,E255V,4,0.854087892,0.002190572,,,
238,E255V,4.1,0.838017661,0.00245439,,,
239,E255V,4.2,0.82098713,0.002739553,,,
240,E255V,4.3,0.803036732,0.003046595,,,
241,E255V,4.4,0.78421859,0.003375937,,,
242,E255V,4.5,0.764595964,0.003727885,,,
243,E255V,4.6,0.744242378,0.004102618,,,
244,E255V,4.7,0.723240457,0.004500188,,,
245,E255V,4.8,0.701680494,0.004920515,,,
246,E255V,4.9,0.679658825,0.005363394,,,
247,E255V,5,0.657276043,0.005828489,,,
248,E255V,5.1,0.634635144,0.006315348,,,
249,E255V,5.2,0.611839667,0.006823403,,,
250,E255V,5.3,0.588991884,0.007351984,,,
251,E255V,5.4,0.56619112,0.007900328,,,
252,E255V,5.5,0.543532247,0.008467587,,,
253,E255V,5.6,0.521104379,0.009052846,,,
254,E255V,5.7,0.498989815,0.009655133,,,
255,E255V,5.8,0.477263232,0.010273432,,,
256,E255V,5.9,0.455991127,0.010906693,,,
257,E255V,6,0.435231503,0.01155385,,,
258,E255V,6.1,0.415033777,0.012213825,,,
259,E255V,6.2,0.395438887,0.012885542,,,
260,E255V,6.3,0.376479567,0.013567938,,,
261,E255V,6.4,0.358180757,0.014259965,,,
262,E255V,6.5,0.340560121,0.014960606,,,
263,E255V,6.6,0.323628638,0.015668869,,,
264,E255V,6.7,0.307391237,0.016383805,,,
265,E255V,6.8,0.291847465,0.0171045,,,
266,E255V,6.9,0.276992145,0.017830085,,,
267,E255V,7,0.262816028,0.018559736,,,
268,E255V,7.1,0.249306412,0.019292675,,,
269,E255V,7.2,0.236447732,0.020028168,,,
270,E255V,7.3,0.22422209,0.020765531,,,
271,E255V,7.4,0.212609757,0.021504124,,,
272,E255V,7.5,0.201589611,0.022243351,,,
273,E255V,7.6,0.191139525,0.022982661,,,
274,E255V,7.7,0.18123672,0.023721545,,,
275,E255V,7.8,0.171858053,0.024459534,,,
276,E255V,7.9,0.162980277,0.025196196,,,
277,E255V,8,0.154580252,0.025931137,,,
278,E255V,8.1,0.146635123,0.026663999,,,
279,E255V,8.2,0.139122467,0.027394454,,,
280,E255V,8.3,0.132020408,0.028122205,,,
281,E255V,8.4,0.125307707,0.028846985,,,
282,E255V,8.5,0.118963834,0.029568552,,,
283,E255V,8.6,0.112969017,0.03028669,,,
284,E255V,8.7,0.107304272,0.031001206,,,
285,E255V,8.8,0.10195143,0.031711927,,,
286,E255V,8.9,0.096893141,0.032418702,,,
287,E255V,9,0.092112876,0.033121396,,,
288,E255V,9.1,0.087594917,0.033819893,,,
289,E255V,9.2,0.083324343,0.034514091,,,
290,E255V,9.3,0.079287014,0.035203902,,,
291,E255V,9.4,0.075469543,0.035889252,,,
292,E255V,9.5,0.071859274,0.036570078,,,
293,E255V,9.6,0.068444254,0.037246329,,,
294,E255V,9.7,0.065213202,0.037917963,,,
295,E255V,9.8,0.062155481,0.038584948,,,
296,E255V,9.9,0.059261069,0.03924726,,,
297,E255V,10,0.056520525,0.039904881,,,
298,E355A,0.2,0.920500225,0.001150528,,,
299,E355A,0.3,0.753174234,0.003936926,,,
300,E355A,0.4,0.542260363,0.008500125,,,
301,E355A,0.5,0.362516283,0.01409286,,,
302,E355A,0.6,0.237922469,0.019941811,,,
303,E355A,0.7,0.158278202,0.025602792,,,
304,E355A,0.8,0.108102475,0.030898273,,,
305,E355A,0.9,0.076022906,0.035787786,,,
306,E355A,1,0.054983114,0.040287905,,,
307,E355A,1.1,0.040791065,0.044434614,,,
308,E355A,1.2,0.030953672,0.048267551,,,
309,E355A,1.3,0.023960973,0.051824013,,,
310,E355A,1.4,0.018875906,0.055137069,,,
311,E355A,1.5,0.015101778,0.058235317,,,
312,E355A,1.6,0.012248968,0.061143244,,,
313,E355A,1.7,0.010056989,0.06388177,,,
314,E355A,1.8,0.008347837,0.066468789,,,
315,E355A,1.9,0.006997407,0.068919661,,,
316,E355A,2,0.005917571,0.071247627,,,
317,E355A,2.1,0.005044689,0.073464156,,,
318,E355A,2.2,0.004332092,0.075579232,,,
319,E355A,2.3,0.003745072,0.077601588,,,
320,E355A,2.4,0.003257482,0.079538902,,,
321,E355A,2.5,0.002849384,0.081397952,,,
322,E355A,2.6,0.002505412,0.083184751,,,
323,E355A,2.7,0.0022136,0.084904655,,,
324,E355A,2.8,0.001964541,0.086562451,,,
325,E355A,2.9,0.001750777,0.088162437,,,
326,E355A,3,0.001566344,0.089708483,,,
327,E355A,3.1,0.001406439,0.091204087,,,
328,E355A,3.2,0.001267164,0.09265242,,,
329,E355A,3.3,0.001145335,0.094056366,,,
330,E355A,3.4,0.001038336,0.095418552,,,
331,E355A,3.5,0.000944005,0.096741382,,,
332,E355A,3.6,0.000860542,0.098027058,,,
333,E355A,3.7,0.000786445,0.099277605,,,
334,E355A,3.8,0.000720452,0.100494884,,,
335,E355A,3.9,0.000661497,0.101680617,,,
336,E355A,4,0.000608679,0.102836392,,,
337,E355A,4.1,0.000561227,0.103963683,,,
338,E355A,4.2,0.000518486,0.105063858,,,
339,E355A,4.3,0.000479892,0.106138187,,,
340,E355A,4.4,0.00044496,0.107187855,,,
341,E355A,4.5,0.000413272,0.108213968,,,
342,E355A,4.6,0.000384463,0.109217557,,,
343,E355A,4.7,0.000358217,0.110199589,,,
344,E355A,4.8,0.000334261,0.111160969,,,
345,E355A,4.9,0.000312351,0.112102547,,,
346,E355A,5,0.000292277,0.113025121,,,
347,E355A,5.1,0.000273853,0.113929443,,,
348,E355A,5.2,0.000256914,0.11481622,,,
349,E355A,5.3,0.000241317,0.115686119,,,
350,E355A,5.4,0.000226931,0.116539769,,,
351,E355A,5.5,0.000213644,0.117377768,,,
352,E355A,5.6,0.000201353,0.118200676,,,
353,E355A,5.7,0.000189969,0.119009029,,,
354,E355A,5.8,0.000179409,0.119803332,,,
355,E355A,5.9,0.000169603,0.120584064,,,
356,E355A,6,0.000160483,0.121351681,,,
357,E355A,6.1,0.000151993,0.122106616,,,
358,E355A,6.2,0.000144079,0.122849282,,,
359,E355A,6.3,0.000136694,0.123580069,,,
360,E355A,6.4,0.000129795,0.124299353,,,
361,E355A,6.5,0.000123343,0.12500749,,,
362,E355A,6.6,0.000117303,0.125704819,,,
363,E355A,6.7,0.000111643,0.126391666,,,
364,E355A,6.8,0.000106335,0.127068341,,,
365,E355A,6.9,0.00010135,0.12773514,,,
366,E355A,7,9.67E-05,0.128392348,,,
367,E355A,7.1,9.23E-05,0.129040236,,,
368,E355A,7.2,8.81E-05,0.129679066,,,
369,E355A,7.3,8.42E-05,0.130309086,,,
370,E355A,7.4,8.05E-05,0.130930537,,,
371,E355A,7.5,7.70E-05,0.131543648,,,
372,E355A,7.6,7.38E-05,0.13214864,,,
373,E355A,7.7,7.07E-05,0.132745725,,,
374,E355A,7.8,6.77E-05,0.133335108,,,
375,E355A,7.9,6.49E-05,0.133916984,,,
376,E355A,8,6.23E-05,0.134491542,,,
377,E355A,8.1,5.98E-05,0.135058964,,,
378,E355A,8.2,5.74E-05,0.135619425,,,
379,E355A,8.3,5.52E-05,0.136173094,,,
380,E355A,8.4,5.31E-05,0.136720133,,,
381,E355A,8.5,5.10E-05,0.137260699,,,
382,E355A,8.6,4.91E-05,0.137794943,,,
383,E355A,8.7,4.73E-05,0.138323013,,,
384,E355A,8.8,4.55E-05,0.138845048,,,
385,E355A,8.9,4.39E-05,0.139361184,,,
386,E355A,9,4.23E-05,0.139871555,,,
387,E355A,9.1,4.08E-05,0.140376287,,,
388,E355A,9.2,3.93E-05,0.140875504,,,
389,E355A,9.3,3.80E-05,0.141369324,,,
390,E355A,9.4,3.67E-05,0.141857863,,,
391,E355A,9.5,3.54E-05,0.142341233,,,
392,E355A,9.6,3.42E-05,0.142819542,,,
393,E355A,9.7,3.31E-05,0.143292895,,,
394,E355A,9.8,3.20E-05,0.143761393,,,
395,E355A,9.9,3.09E-05,0.144225136,,,
396,E355A,10,2.99E-05,0.144684218,,,
397,E355G,0.2,0.858420342,0.002120297,,,
398,E355G,0.3,0.717659662,0.004607775,,,
399,E355G,0.4,0.578365988,0.007604839,,,
400,E355G,0.5,0.459496904,0.01080032,,,
401,E355G,0.6,0.365103772,0.013994079,,,
402,E355G,0.7,0.292392776,0.017078573,,,
403,E355G,0.8,0.236838179,0.020005252,,,
404,E355G,0.9,0.194249757,0.02275848,,,
405,E355G,1,0.161307678,0.025339468,,,
406,E355G,1.1,0.13553477,0.02775732,,,
407,E355G,1.2,0.115123551,0.030024297,,,
408,E355G,1.3,0.098761685,0.03215341,,,
409,E355G,1.4,0.085492789,0.034157267,,,
410,E355G,1.5,0.074614229,0.036047556,,,
411,E355G,1.6,0.065604522,0.03783487,,,
412,E355G,1.7,0.058072334,0.039528693,,,
413,E355G,1.8,0.051720687,0.041137465,,,
414,E355G,1.9,0.04632171,0.042668674,,,
415,E355G,2,0.041698691,0.044128966,,,
416,E355G,2.1,0.037713196,0.045524239,,,
417,E355G,2.2,0.034255736,0.04685974,,,
418,E355G,2.3,0.031238924,0.048140144,,,
419,E355G,2.4,0.028592425,0.049369631,,,
420,E355G,2.5,0.026259171,0.050551944,,,
421,E355G,2.6,0.024192512,0.051690446,,,
422,E355G,2.7,0.022354043,0.052788168,,,
423,E355G,2.8,0.02071194,0.053847846,,,
424,E355G,2.9,0.019239666,0.054871961,,,
425,E355G,3,0.017914962,0.055862764,,,
426,E355G,3.1,0.016719058,0.056822306,,,
427,E355G,3.2,0.015636038,0.057752457,,,
428,E355G,3.3,0.014652344,0.05865493,,,
429,E355G,3.4,0.013756372,0.059531294,,,
430,E355G,3.5,0.012938144,0.060382992,,,
431,E355G,3.6,0.012189049,0.061211353,,,
432,E355G,3.7,0.011501621,0.062017601,,,
433,E355G,3.8,0.010869368,0.062802871,,,
434,E355G,3.9,0.010286621,0.063568211,,,
435,E355G,4,0.009748412,0.064314596,,,
436,E355G,4.1,0.009250377,0.065042931,,,
437,E355G,4.2,0.008788668,0.065754058,,,
438,E355G,4.3,0.008359883,0.066448763,,,
439,E355G,4.4,0.007961005,0.067127779,,,
440,E355G,4.5,0.007589352,0.067791793,,,
441,E355G,4.6,0.007242534,0.068441447,,,
442,E355G,4.7,0.006918414,0.069077344,,,
443,E355G,4.8,0.006615079,0.069700049,,,
444,E355G,4.9,0.006330812,0.070310094,,,
445,E355G,5,0.006064067,0.07090798,,,
446,E355G,5.1,0.005813451,0.071494179,,,
447,E355G,5.2,0.005577706,0.072069134,,,
448,E355G,5.3,0.005355693,0.072633268,,,
449,E355G,5.4,0.005146377,0.073186976,,,
450,E355G,5.5,0.004948822,0.073730635,,,
451,E355G,5.6,0.004762173,0.0742646,,,
452,E355G,5.7,0.004585651,0.074789211,,,
453,E355G,5.8,0.004418546,0.075304786,,,
454,E355G,5.9,0.004260208,0.07581163,,,
455,E355G,6,0.004110041,0.076310032,,,
456,E355G,6.1,0.003967499,0.076800269,,,
457,E355G,6.2,0.003832081,0.0772826,,,
458,E355G,6.3,0.003703326,0.077757278,,,
459,E355G,6.4,0.003580808,0.078224538,,,
460,E355G,6.5,0.003464137,0.078684609,,,
461,E355G,6.6,0.003352949,0.079137708,,,
462,E355G,6.7,0.003246912,0.079584041,,,
463,E355G,6.8,0.003145715,0.080023808,,,
464,E355G,6.9,0.003049071,0.080457197,,,
465,E355G,7,0.002956716,0.080884391,,,
466,E355G,7.1,0.002868401,0.081305563,,,
467,E355G,7.2,0.002783897,0.08172088,,,
468,E355G,7.3,0.002702991,0.082130503,,,
469,E355G,7.4,0.002625484,0.082534585,,,
470,E355G,7.5,0.002551189,0.082933273,,,
471,E355G,7.6,0.002479935,0.083326708,,,
472,E355G,7.7,0.002411559,0.083715028,,,
473,E355G,7.8,0.002345909,0.084098363,,,
474,E355G,7.9,0.002282846,0.084476839,,,
475,E355G,8,0.002222236,0.084850577,,,
476,E355G,8.1,0.002163954,0.085219695,,,
477,E355G,8.2,0.002107886,0.085584304,,,
478,E355G,8.3,0.00205392,0.085944513,,,
479,E355G,8.4,0.002001956,0.086300428,,,
480,E355G,8.5,0.001951895,0.086652148,,,
481,E355G,8.6,0.001903647,0.086999771,,,
482,E355G,8.7,0.001857128,0.087343392,,,
483,E355G,8.8,0.001812255,0.087683101,,,
484,E355G,8.9,0.001768954,0.088018987,,,
485,E355G,9,0.001727152,0.088351134,,,
486,E355G,9.1,0.001686782,0.088679624,,,
487,E355G,9.2,0.00164778,0.089004536,,,
488,E355G,9.3,0.001610085,0.089325949,,,
489,E355G,9.4,0.001573641,0.089643936,,,
490,E355G,9.5,0.001538393,0.089958569,,,
491,E355G,9.6,0.00150429,0.090269918,,,
492,E355G,9.7,0.001471284,0.090578051,,,
493,E355G,9.8,0.001439329,0.090883033,,,
494,E355G,9.9,0.00140838,0.091184929,,,
495,E355G,10,0.001378398,0.0914838,,,
496,E459K,0.2,0.811661904,0.002898214,,,
497,E459K,0.3,0.580821326,0.007546001,,,
498,E459K,0.4,0.382503407,0.013347468,,,
499,E459K,0.5,0.24910225,0.019304053,,,
500,E459K,0.6,0.166084523,0.024934145,,,
501,E459K,0.7,0.114555755,0.030092967,,,
502,E459K,0.8,0.081756512,0.034777914,,,
503,E459K,0.9,0.060180784,0.039033364,,,
504,E459K,1,0.045512516,0.042913443,,,
505,E459K,1.1,0.035232645,0.046469197,,,
506,E459K,1.2,0.027829993,0.049745013,,,
507,E459K,1.3,0.02236986,0.052778344,,,
508,E459K,1.4,0.018256498,0.055600475,,,
509,E459K,1.5,0.01509939,0.058237513,,,
510,E459K,1.6,0.012635883,0.060711315,,,
511,E459K,1.7,0.010685157,0.063040273,,,
512,E459K,1.8,0.009120073,0.065239965,,,
513,E459K,1.9,0.007849512,0.067323665,,,
514,E459K,2,0.006807035,0.069302759,,,
515,E459K,2.1,0.005943427,0.071187074,,,
516,E459K,2.2,0.005221709,0.072985145,,,
517,E459K,2.3,0.004613732,0.074704421,,,
518,E459K,2.4,0.004097805,0.07635144,,,
519,E459K,2.5,0.003657037,0.077931974,,,
520,E459K,2.6,0.003278132,0.079451132,,,
521,E459K,2.7,0.002950532,0.080913468,,,
522,E459K,2.8,0.002665778,0.082323048,,,
523,E459K,2.9,0.002417035,0.083683522,,,
524,E459K,3,0.002198745,0.084998176,,,
525,E459K,3.1,0.002006349,0.086269981,,,
526,E459K,3.2,0.00183609,0.087501627,,,
527,E459K,3.3,0.001684847,0.088695563,,,
528,E459K,3.4,0.001550017,0.089854019,,,
529,E459K,3.5,0.001429414,0.090979036,,,
530,E459K,3.6,0.001321195,0.092072483,,,
531,E459K,3.7,0.001223796,0.093136078,,,
532,E459K,3.8,0.001135887,0.094171403,,,
533,E459K,3.9,0.001056331,0.095179919,,,
534,E459K,4,0.000984148,0.096162973,,,
535,E459K,4.1,0.000918498,0.097121819,,,
536,E459K,4.2,0.000858651,0.098057616,,,
537,E459K,4.3,0.000803974,0.098971445,,,
538,E459K,4.4,0.000753915,0.099864311,,,
539,E459K,4.5,0.000707994,0.100737153,,,
540,E459K,4.6,0.000665787,0.101590847,,,
541,E459K,4.7,0.000626923,0.102426215,,,
542,E459K,4.8,0.000591074,0.103244026,,,
543,E459K,4.9,0.000557951,0.104045001,,,
544,E459K,5,0.000527297,0.104829818,,,
545,E459K,5.1,0.000498884,0.105599117,,,
546,E459K,5.2,0.00047251,0.106353497,,,
547,E459K,5.3,0.000447993,0.107093526,,,
548,E459K,5.4,0.00042517,0.107819739,,,
549,E459K,5.5,0.000403897,0.108532642,,,
550,E459K,5.6,0.000384043,0.109232713,,,
551,E459K,5.7,0.000365491,0.109920407,,,
552,E459K,5.8,0.000348134,0.110596152,,,
553,E459K,5.9,0.000331877,0.111260357,,,
554,E459K,6,0.000316634,0.111913408,,,
555,E459K,6.1,0.000302325,0.112555674,,,
556,E459K,6.2,0.00028888,0.113187505,,,
557,E459K,6.3,0.000276233,0.113809234,,,
558,E459K,6.4,0.000264327,0.114421179,,,
559,E459K,6.5,0.000253106,0.115023644,,,
560,E459K,6.6,0.000242522,0.115616916,,,
561,E459K,6.7,0.00023253,0.116201273,,,
562,E459K,6.8,0.000223088,0.116776978,,,
563,E459K,6.9,0.00021416,0.117344284,,,
564,E459K,7,0.000205709,0.117903431,,,
565,E459K,7.1,0.000197705,0.118454651,,,
566,E459K,7.2,0.000190118,0.118998167,,,
567,E459K,7.3,0.00018292,0.119534189,,,
568,E459K,7.4,0.000176087,0.120062921,,,
569,E459K,7.5,0.000169597,0.12058456,,,
570,E459K,7.6,0.000163426,0.121099293,,,
571,E459K,7.7,0.000157557,0.1216073,,,
572,E459K,7.8,0.00015197,0.122108755,,,
573,E459K,7.9,0.000146648,0.122603825,,,
574,E459K,8,0.000141576,0.123092669,,,
575,E459K,8.1,0.00013674,0.123575443,,,
576,E459K,8.2,0.000132125,0.124052296,,,
577,E459K,8.3,0.000127718,0.124523371,,,
578,E459K,8.4,0.000123509,0.124988805,,,
579,E459K,8.5,0.000119486,0.125448734,,,
580,E459K,8.6,0.000115639,0.125903285,,,
581,E459K,8.7,0.000111958,0.126352583,,,
582,E459K,8.8,0.000108434,0.126796747,,,
583,E459K,8.9,0.000105059,0.127235894,,,
584,E459K,9,0.000101826,0.127670135,,,
585,E459K,9.1,9.87E-05,0.12809958,,,
586,E459K,9.2,9.58E-05,0.128524332,,,
587,E459K,9.3,9.29E-05,0.128944494,,,
588,E459K,9.4,9.02E-05,0.129360162,,,
589,E459K,9.5,8.75E-05,0.129771434,,,
590,E459K,9.6,8.50E-05,0.1301784,,,
591,E459K,9.7,8.26E-05,0.130581149,,,
592,E459K,9.8,8.02E-05,0.130979769,,,
593,E459K,9.9,7.80E-05,0.131374342,,,
594,E459K,10,7.58E-05,0.131764951,,,
595,F317L,0.2,0.877731316,0.001811316,,,
596,F317L,0.3,0.726163522,0.004444167,,,
597,F317L,0.4,0.566763709,0.007886289,,,
598,F317L,0.5,0.430598273,0.011702496,,,
599,F317L,0.6,0.325805891,0.015575743,,,
600,F317L,0.7,0.248649016,0.019329347,,,
601,F317L,0.8,0.192507106,0.022883642,,,
602,F317L,0.9,0.151473353,0.026213133,,,
603,F317L,1,0.121119528,0.02931913,,,
604,F317L,1.1,0.098325932,0.032214826,,,
605,F317L,1.2,0.080937516,0.034917748,,,
606,F317L,1.3,0.067466616,0.037446144,,,
607,F317L,1.4,0.056877789,0.039817366,,,
608,F317L,1.5,0.048441398,0.042047229,,,
609,F317L,1.6,0.041636037,0.04414985,,,
610,F317L,1.7,0.036083687,0.0461377,,,
611,F317L,1.8,0.03150637,0.048021743,,,
612,F317L,1.9,0.027696867,0.049811611,,,
613,F317L,2,0.024498701,0.051515766,,,
614,F317L,2.1,0.021792276,0.053141662,,,
615,F317L,2.2,0.01948514,0.054695877,,,
616,F317L,2.3,0.017505063,0.056184238,,,
617,F317L,2.4,0.015795058,0.057611919,,,
618,F317L,2.5,0.014309747,0.058983532,,,
619,F317L,2.6,0.013012686,0.060303202,,,
620,F317L,2.7,0.011874369,0.061574626,,,
621,F317L,2.8,0.010870728,0.062801133,,,
622,F317L,2.9,0.009981994,0.063985727,,,
623,F317L,3,0.009191821,0.065131128,,,
624,F317L,3.1,0.008486609,0.066239803,,,
625,F317L,3.2,0.007854977,0.067313999,,,
626,F317L,3.3,0.007287351,0.068355767,,,
627,F317L,3.4,0.006775632,0.069366981,,,
628,F317L,3.5,0.006312938,0.070349363,,,
629,F317L,3.6,0.005893393,0.071304491,,,
630,F317L,3.7,0.005511959,0.072233822,,,
631,F317L,3.8,0.005164297,0.0731387,,,
632,F317L,3.9,0.004846656,0.074020366,,,
633,F317L,4,0.004555783,0.074879972,,,
634,F317L,4.1,0.004288844,0.075718585,,,
635,F317L,4.2,0.004043364,0.0765372,,,
636,F317L,4.3,0.003817173,0.07733674,,,
637,F317L,4.4,0.003608363,0.078118069,,,
638,F317L,4.5,0.003415254,0.078881992,,,
639,F317L,4.6,0.003236357,0.079629264,,,
640,F317L,4.7,0.003070354,0.080360591,,,
641,F317L,4.8,0.002916072,0.081076636,,,
642,F317L,4.9,0.002772468,0.08177802,,,
643,F317L,5,0.002638608,0.082465329,,,
644,F317L,5.1,0.002513658,0.083139115,,,
645,F317L,5.2,0.002396868,0.083799897,,,
646,F317L,5.3,0.002287564,0.084448165,,,
647,F317L,5.4,0.00218514,0.085084382,,,
648,F317L,5.5,0.002089047,0.085708988,,,
649,F317L,5.6,0.001998792,0.086322396,,,
650,F317L,5.7,0.001913924,0.086924999,,,
651,F317L,5.8,0.001834036,0.087517171,,,
652,F317L,5.9,0.001758759,0.088099265,,,
653,F317L,6,0.001687754,0.088671617,,,
654,F317L,6.1,0.001620716,0.089234547,,,
655,F317L,6.2,0.001557362,0.08978836,,,
656,F317L,6.3,0.001497436,0.090333345,,,
657,F317L,6.4,0.001440703,0.090869779,,,
658,F317L,6.5,0.001386947,0.091397924,,,
659,F317L,6.6,0.001335969,0.091918034,,,
660,F317L,6.7,0.001287587,0.092430347,,,
661,F317L,6.8,0.001241634,0.092935094,,,
662,F317L,6.9,0.001197955,0.093432494,,,
663,F317L,7,0.001156406,0.093922759,,,
664,F317L,7.1,0.001116855,0.094406088,,,
665,F317L,7.2,0.001079181,0.094882676,,,
666,F317L,7.3,0.00104327,0.095352707,,,
667,F317L,7.4,0.001009018,0.09581636,,,
668,F317L,7.5,0.000976326,0.096273804,,,
669,F317L,7.6,0.000945105,0.096725203,,,
670,F317L,7.7,0.00091527,0.097170716,,,
671,F317L,7.8,0.000886743,0.097610492,,,
672,F317L,7.9,0.000859451,0.098044678,,,
673,F317L,8,0.000833326,0.098473414,,,
674,F317L,8.1,0.000808304,0.098896835,,,
675,F317L,8.2,0.000784327,0.099315071,,,
676,F317L,8.3,0.000761338,0.099728246,,,
677,F317L,8.4,0.000739285,0.100136483,,,
678,F317L,8.5,0.000718121,0.100539897,,,
679,F317L,8.6,0.000697799,0.1009386,,,
680,F317L,8.7,0.000678277,0.101332703,,,
681,F317L,8.8,0.000659515,0.101722308,,,
682,F317L,8.9,0.000641474,0.102107518,,,
683,F317L,9,0.000624121,0.102488431,,,
684,F317L,9.1,0.00060742,0.102865141,,,
685,F317L,9.2,0.000591341,0.103237741,,,
686,F317L,9.3,0.000575855,0.103606317,,,
687,F317L,9.4,0.000560933,0.103970958,,,
688,F317L,9.5,0.00054655,0.104331745,,,
689,F317L,9.6,0.00053268,0.104688759,,,
690,F317L,9.7,0.0005193,0.105042078,,,
691,F317L,9.8,0.000506388,0.105391778,,,
692,F317L,9.9,0.000493923,0.105737932,,,
693,F317L,10,0.000481886,0.106080611,,,
694,F359C,0.2,0.989998292,0.000139612,,,
695,F359C,0.3,0.961373563,0.000547114,,,
696,F359C,0.4,0.90334274,0.001411851,,,
697,F359C,0.5,0.813842696,0.002860947,,,
698,F359C,0.6,0.701491315,0.004924261,,,
699,F359C,0.7,0.581652237,0.007526146,,,
700,F359C,0.8,0.468769235,0.010522843,,,
701,F359C,0.9,0.371424221,0.0137557,,,
702,F359C,1,0.292175495,0.017088898,,,
703,F359C,1.1,0.229815699,0.0204233,,,
704,F359C,1.2,0.18159073,0.023694443,,,
705,F359C,1.3,0.144533542,0.026864495,,,
706,F359C,1.4,0.116042043,0.029913927,,,
707,F359C,1.5,0.094032516,0.032834926,,,
708,F359C,1.6,0.07690917,0.035626808,,,
709,F359C,1.7,0.063475821,0.038293003,,,
710,F359C,1.8,0.052843564,0.040839158,,,
711,F359C,1.9,0.044352689,0.043271971,,,
712,F359C,2,0.037512092,0.045598499,,,
713,F359C,2.1,0.031954126,0.047825749,,,
714,F359C,2.2,0.027401629,0.049960456,,,
715,F359C,2.3,0.02364401,0.052008965,,,
716,F359C,2.4,0.020519961,0.053977183,,,
717,F359C,2.5,0.017904898,0.055870569,,,
718,F359C,2.6,0.015701825,0.057694143,,,
719,F359C,2.7,0.013834625,0.059452511,,,
720,F359C,2.8,0.012243107,0.061149892,,,
721,F359C,2.9,0.010879327,0.062790151,,,
722,F359C,3,0.00970483,0.064376828,,,
723,F359C,3.1,0.008688559,0.065913169,,,
724,F359C,3.2,0.007805279,0.067402153,,,
725,F359C,3.3,0.007034355,0.068846517,,,
726,F359C,3.4,0.006358823,0.070248778,,,
727,F359C,3.5,0.005764652,0.071611258,,,
728,F359C,3.6,0.005240183,0.072936096,,,
729,F359C,3.7,0.004775676,0.074225273,,,
730,F359C,3.8,0.004362959,0.075480621,,,
731,F359C,3.9,0.003995142,0.076703837,,,
732,F359C,4,0.003666389,0.077896499,,,
733,F359C,4.1,0.003371744,0.079060073,,,
734,F359C,4.2,0.003106972,0.080195925,,,
735,F359C,4.3,0.00286845,0.081305328,,,
736,F359C,4.4,0.002653059,0.082389472,,,
737,F359C,4.5,0.002458112,0.083449469,,,
738,F359C,4.6,0.002281281,0.08448636,,,
739,F359C,4.7,0.002120548,0.085501123,,,
740,F359C,4.8,0.001974152,0.086494673,,,
741,F359C,4.9,0.001840557,0.087467873,,,
742,F359C,5,0.001718419,0.088421533,,,
743,F359C,5.1,0.001606557,0.089356416,,,
744,F359C,5.2,0.00150393,0.090273244,,,
745,F359C,5.3,0.001409621,0.091172696,,,
746,F359C,5.4,0.001322819,0.092055415,,,
747,F359C,5.5,0.001242805,0.092922009,,,
748,F359C,5.6,0.001168938,0.093773053,,,
749,F359C,5.7,0.00110065,0.094609093,,,
750,F359C,5.8,0.001037432,0.095430646,,,
751,F359C,5.9,0.000978832,0.096238204,,,
752,F359C,6,0.000924441,0.097032235,,,
753,F359C,6.1,0.000873896,0.097813181,,,
754,F359C,6.2,0.000826868,0.098581465,,,
755,F359C,6.3,0.000783061,0.099337491,,,
756,F359C,6.4,0.00074221,0.100081642,,,
757,F359C,6.5,0.000704073,0.100814285,,,
758,F359C,6.6,0.000668432,0.101535768,,,
759,F359C,6.7,0.000635091,0.102246426,,,
760,F359C,6.8,0.000603869,0.102946577,,,
761,F359C,6.9,0.000574604,0.103636528,,,
762,F359C,7,0.000547147,0.104316571,,,
763,F359C,7.1,0.000521364,0.104986985,,,
764,F359C,7.2,0.00049713,0.105648039,,,
765,F359C,7.3,0.000474334,0.106299991,,,
766,F359C,7.4,0.000452871,0.106943086,,,
767,F359C,7.5,0.000432649,0.107577561,,,
768,F359C,7.6,0.000413579,0.108203645,,,
769,F359C,7.7,0.000395582,0.108821557,,,
770,F359C,7.8,0.000378586,0.109431506,,,
771,F359C,7.9,0.000362522,0.110033694,,,
772,F359C,8,0.000347329,0.110628317,,,
773,F359C,8.1,0.000332949,0.111215561,,,
774,F359C,8.2,0.000319331,0.111795609,,,
775,F359C,8.3,0.000306424,0.112368632,,,
776,F359C,8.4,0.000294184,0.1129348,,,
777,F359C,8.5,0.000282569,0.113494275,,,
778,F359C,8.6,0.000271541,0.114047212,,,
779,F359C,8.7,0.000261062,0.114593762,,,
780,F359C,8.8,0.000251102,0.115134071,,,
781,F359C,8.9,0.000241627,0.115668281,,,
782,F359C,9,0.000232609,0.116196526,,,
783,F359C,9.1,0.000224023,0.116718939,,,
784,F359C,9.2,0.000215841,0.117235646,,,
785,F359C,9.3,0.000208043,0.117746772,,,
786,F359C,9.4,0.000200604,0.118252435,,,
787,F359C,9.5,0.000193507,0.11875275,,,
788,F359C,9.6,0.000186731,0.11924783,,,
789,F359C,9.7,0.000180258,0.119737782,,,
790,F359C,9.8,0.000174073,0.120222712,,,
791,F359C,9.9,0.00016816,0.120702722,,,
792,F359C,10,0.000162504,0.121177911,,,
793,F359I,0.2,0.739039556,0.004200053,,,
794,F359I,0.3,0.572714015,0.007741233,,,
795,F359I,0.4,0.440824453,0.011376508,,,
796,F359I,0.5,0.343102634,0.014857301,,,
797,F359I,0.6,0.271729317,0.018096512,,,
798,F359I,0.7,0.219212462,0.021079359,,,
799,F359I,0.8,0.179960362,0.023819704,,,
800,F359I,0.9,0.15008736,0.026340802,,,
801,F359I,1,0.126939141,0.028667327,,,
802,F359I,1.1,0.108695385,0.030822305,,,
803,F359I,1.2,0.094091916,0.032826155,,,
804,F359I,1.3,0.082236695,0.034696579,,,
805,F359I,1.4,0.072489594,0.036448781,,,
806,F359I,1.5,0.064383568,0.038095789,,,
807,F359I,1.6,0.057572423,0.039648772,,,
808,F359I,1.7,0.051795702,0.041117335,,,
809,F359I,1.8,0.046854729,0.042509768,,,
810,F359I,1.9,0.042596007,0.043833261,,,
811,F359I,2,0.038899528,0.045094072,,,
812,F359I,2.1,0.035670444,0.046297678,,,
813,F359I,2.2,0.032833026,0.047448894,,,
814,F359I,2.3,0.030326248,0.048551968,,,
815,F359I,2.4,0.028100499,0.049610666,,,
816,F359I,2.5,0.02611513,0.05062834,,,
817,F359I,2.6,0.024336577,0.051607984,,,
818,F359I,2.7,0.022736938,0.052552284,,,
819,F359I,2.8,0.021292867,0.053463655,,,
820,F359I,2.9,0.019984706,0.054344278,,,
821,F359I,3,0.018795812,0.055196128,,,
822,F359I,3.1,0.01771202,0.056020997,,,
823,F359I,3.2,0.01672121,0.056820518,,,
824,F359I,3.3,0.015812963,0.057596184,,,
825,F359I,3.4,0.014978286,0.058349358,,,
826,F359I,3.5,0.014209379,0.059081293,,,
827,F359I,3.6,0.013499453,0.05979314,,,
828,F359I,3.7,0.012842577,0.060485963,,,
829,F359I,3.8,0.012233548,0.06116074,,,
830,F359I,3.9,0.011667789,0.061818379,,,
831,F359I,4,0.01114126,0.062459722,,,
832,F359I,4.1,0.010650382,0.063085549,,,
833,F359I,4.2,0.010191979,0.063696587,,,
834,F359I,4.3,0.00976322,0.064293514,,,
835,F359I,4.4,0.009361579,0.064876962,,,
836,F359I,4.5,0.008984795,0.065447521,,,
837,F359I,4.6,0.008630838,0.066005746,,,
838,F359I,4.7,0.008297881,0.066552154,,,
839,F359I,4.8,0.00798428,0.067087232,,,
840,F359I,4.9,0.007688546,0.067611438,,,
841,F359I,5,0.007409336,0.068125202,,,
842,F359I,5.1,0.007145426,0.068628929,,,
843,F359I,5.2,0.006895707,0.069123002,,,
844,F359I,5.3,0.00665917,0.069607783,,,
845,F359I,5.4,0.006434893,0.070083612,,,
846,F359I,5.5,0.006222034,0.070550812,,,
847,F359I,5.6,0.006019821,0.07100969,,,
848,F359I,5.7,0.00582755,0.071460535,,,
849,F359I,5.8,0.005644572,0.071903622,,,
850,F359I,5.9,0.005470291,0.072339214,,,
851,F359I,6,0.005304159,0.072767557,,,
852,F359I,6.1,0.005145669,0.073188888,,,
853,F359I,6.2,0.004994354,0.073603433,,,
854,F359I,6.3,0.004849783,0.074011406,,,
855,F359I,6.4,0.004711557,0.074413011,,,
856,F359I,6.5,0.004579306,0.074808442,,,
857,F359I,6.6,0.004452686,0.075197887,,,
858,F359I,6.7,0.004331377,0.075581523,,,
859,F359I,6.8,0.004215085,0.075959521,,,
860,F359I,6.9,0.004103533,0.076332042,,,
861,F359I,7,0.003996463,0.076699244,,,
862,F359I,7.1,0.003893636,0.077061275,,,
863,F359I,7.2,0.003794828,0.077418279,,,
864,F359I,7.3,0.00369983,0.077770393,,,
865,F359I,7.4,0.003608447,0.078117748,,,
866,F359I,7.5,0.003520494,0.078460472,,,
867,F359I,7.6,0.003435801,0.078798685,,,
868,F359I,7.7,0.003354205,0.079132505,,,
869,F359I,7.8,0.003275558,0.079462044,,,
870,F359I,7.9,0.003199715,0.07978741,,,
871,F359I,8,0.003126544,0.080108707,,,
872,F359I,8.1,0.00305592,0.080426036,,,
873,F359I,8.2,0.002987724,0.080739493,,,
874,F359I,8.3,0.002921844,0.081049172,,,
875,F359I,8.4,0.002858176,0.081355161,,,
876,F359I,8.5,0.002796621,0.081657548,,,
877,F359I,8.6,0.002737084,0.081956416,,,
878,F359I,8.7,0.002679479,0.082251847,,,
879,F359I,8.8,0.00262372,0.082543918,,,
880,F359I,8.9,0.002569729,0.082832704,,,
881,F359I,9,0.002517432,0.083118279,,,
882,F359I,9.1,0.002466756,0.083400713,,,
883,F359I,9.2,0.002417635,0.083680074,,,
884,F359I,9.3,0.002370006,0.083956428,,,
885,F359I,9.4,0.002323807,0.084229839,,,
886,F359I,9.5,0.002278982,0.08450037,,,
887,F359I,9.6,0.002235475,0.084768079,,,
888,F359I,9.7,0.002193235,0.085033026,,,
889,F359I,9.8,0.002152212,0.085295266,,,
890,F359I,9.9,0.00211236,0.085554854,,,
891,F359I,10,0.002073634,0.085811843,,,
892,F359V,0.2,0.970315314,0.00041853,,,
893,F359V,0.3,0.888994832,0.00163422,,,
894,F359V,0.4,0.746986578,0.004051501,,,
895,F359V,0.5,0.576535092,0.007648876,,,
896,F359V,0.6,0.419732781,0.012057458,,,
897,F359V,0.7,0.297634548,0.01683179,,,
898,F359V,0.8,0.210522229,0.021641167,,,
899,F359V,0.9,0.150543383,0.026298666,,,
900,F359V,1,0.109503804,0.030719389,,,
901,F359V,1.1,0.081179281,0.034876323,,,
902,F359V,1.2,0.061326506,0.038771432,,,
903,F359V,1.3,0.047159715,0.042419656,,,
904,F359V,1.4,0.036863524,0.045840732,,,
905,F359V,1.5,0.029247011,0.049055249,,,
906,F359V,1.6,0.023518567,0.052082848,,,
907,F359V,1.7,0.019143557,0.054941515,,,
908,F359V,1.8,0.015754789,0.057647374,,,
909,F359V,1.9,0.013095834,0.060214737,,,
910,F359V,2,0.010984719,0.062656252,,,
911,F359V,2.1,0.009290328,0.064983076,,,
912,F359V,2.2,0.00791683,0.067205061,,,
913,F359V,2.3,0.006793245,0.069330924,,,
914,F359V,2.4,0.00586634,0.071368393,,,
915,F359V,2.5,0.005095729,0.073324341,,,
916,F359V,2.6,0.004450438,0.075204899,,,
917,F359V,2.7,0.003906475,0.077015555,,,
918,F359V,2.8,0.003445078,0.078761232,,,
919,F359V,2.9,0.00305145,0.080446366,,,
920,F359V,3,0.002713822,0.082074962,,,
921,F359V,3.1,0.002422763,0.083650648,,,
922,F359V,3.2,0.002170661,0.085176718,,,
923,F359V,3.3,0.001951329,0.086656173,,,
924,F359V,3.4,0.00175971,0.088091754,,,
925,F359V,3.5,0.001591641,0.089485968,,,
926,F359V,3.6,0.001443679,0.090841118,,,
927,F359V,3.7,0.00131296,0.09215932,,,
928,F359V,3.8,0.00119709,0.093442523,,,
929,F359V,3.9,0.001094057,0.09469253,,,
930,F359V,4,0.001002165,0.095911006,,,
931,F359V,4.1,0.000919975,0.097099497,,,
932,F359V,4.2,0.000846264,0.098259437,,,
933,F359V,4.3,0.000779985,0.099392161,,,
934,F359V,4.4,0.000720243,0.100498912,,,
935,F359V,4.5,0.000666266,0.101580853,,,
936,F359V,4.6,0.000617388,0.102639067,,,
937,F359V,4.7,0.000573032,0.10367457,,,
938,F359V,4.8,0.000532697,0.104688314,,,
939,F359V,4.9,0.000495945,0.105681193,,,
940,F359V,5,0.000462395,0.106654047,,,
941,F359V,5.1,0.000431712,0.107607666,,,
942,F359V,5.2,0.000403602,0.108542794,,,
943,F359V,5.3,0.000377806,0.109460134,,,
944,F359V,5.4,0.000354095,0.110360348,,,
945,F359V,5.5,0.000332267,0.111244064,,,
946,F359V,5.6,0.000312141,0.112111875,,,
947,F359V,5.7,0.000293559,0.112964342,,,
948,F359V,5.8,0.000276377,0.113801997,,,
949,F359V,5.9,0.000260469,0.114625347,,,
950,F359V,6,0.000245722,0.11543487,,,
951,F359V,6.1,0.000232032,0.116231024,,,
952,F359V,6.2,0.00021931,0.117014241,,,
953,F359V,6.3,0.000207472,0.117784937,,,
954,F359V,6.4,0.000196444,0.118543503,,,
955,F359V,6.5,0.00018616,0.119290316,,,
956,F359V,6.6,0.000176559,0.120025735,,,
957,F359V,6.7,0.000167587,0.1207501,,,
958,F359V,6.8,0.000159194,0.12146374,,,
959,F359V,6.9,0.000151334,0.122166968,,,
960,F359V,7,0.000143967,0.122860082,,,
961,F359V,7.1,0.000137056,0.123543369,,,
962,F359V,7.2,0.000130566,0.124217104,,,
963,F359V,7.3,0.000124467,0.12488155,,,
964,F359V,7.4,0.00011873,0.125536959,,,
965,F359V,7.5,0.000113329,0.126183574,,,
966,F359V,7.6,0.00010824,0.126821628,,,
967,F359V,7.7,0.000103442,0.127451344,,,
968,F359V,7.8,9.89E-05,0.128072938,,,
969,F359V,7.9,9.46E-05,0.128686615,,,
970,F359V,8,9.06E-05,0.129292576,,,
971,F359V,8.1,8.68E-05,0.129891011,,,
972,F359V,8.2,8.32E-05,0.130482106,,,
973,F359V,8.3,7.97E-05,0.131066038,,,
974,F359V,8.4,7.65E-05,0.131642978,,,
975,F359V,8.5,7.34E-05,0.132213092,,,
976,F359V,8.6,7.05E-05,0.13277654,,,
977,F359V,8.7,6.77E-05,0.133333475,,,
978,F359V,8.8,6.51E-05,0.133884047,,,
979,F359V,8.9,6.26E-05,0.134428399,,,
980,F359V,9,6.02E-05,0.13496667,,,
981,F359V,9.1,5.80E-05,0.135498994,,,
982,F359V,9.2,5.58E-05,0.136025502,,,
983,F359V,9.3,5.37E-05,0.136546318,,,
984,F359V,9.4,5.18E-05,0.137061565,,,
985,F359V,9.5,4.99E-05,0.137571361,,,
986,F359V,9.6,4.81E-05,0.13807582,,,
987,F359V,9.7,4.64E-05,0.138575051,,,
988,F359V,9.8,4.48E-05,0.139069163,,,
989,F359V,9.9,4.33E-05,0.13955826,,,
990,F359V,10,4.18E-05,0.140042441,,,
991,F486S,0.2,0.99863855,1.89E-05,,,
992,F486S,0.3,0.994945083,7.04E-05,,,
993,F486S,0.4,0.987244462,0.0001783,,,
994,F486S,0.5,0.97404191,0.000365291,,,
995,F486S,0.6,0.954061973,0.000653148,,,
996,F486S,0.7,0.92644349,0.001061142,,,
997,F486S,0.8,0.890909142,0.001604345,,,
998,F486S,0.9,0.847860543,0.00229221,,,
999,F486S,1,0.79836073,0.003127705,,,
1000,F486S,1.1,0.743997377,0.004107191,,,
1001,F486S,1.2,0.686658746,0.005221081,,,
1002,F486S,1.3,0.628280906,0.00645511,,,
1003,F486S,1.4,0.570626646,0.007791946,,,
1004,F486S,1.5,0.515136235,0.009212832,,,
1005,F486S,1.6,0.462861168,0.010699002,,,
1006,F486S,1.7,0.414468303,0.012232761,,,
1007,F486S,1.8,0.370290164,0.013798172,,,
1008,F486S,1.9,0.330396712,0.015381405,,,
1009,F486S,2,0.294669818,0.016970831,,,
1010,F486S,2.1,0.262869259,0.018556923,,,
1011,F486S,2.2,0.234685422,0.020132074,,,
1012,F486S,2.3,0.209778164,0.021690343,,,
1013,F486S,2.4,0.187803482,0.023227211,,,
1014,F486S,2.5,0.168430497,0.024739335,,,
1015,F486S,2.6,0.151351277,0.026224331,,,
1016,F486S,2.7,0.136285657,0.027680586,,,
1017,F486S,2.8,0.122982757,0.029107099,,,
1018,F486S,2.9,0.111220446,0.030503348,,,
1019,F486S,3,0.100803605,0.031869183,,,
1020,F486S,3.1,0.091561797,0.033204738,,,
1021,F486S,3.2,0.083346705,0.034510364,,,
1022,F486S,3.3,0.076029567,0.035786569,,,
1023,F486S,3.4,0.069498753,0.037033979,,,
1024,F486S,3.5,0.063657533,0.0382533,,,
1025,F486S,3.6,0.058422091,0.039445294,,,
1026,F486S,3.7,0.053719754,0.040610757,,,
1027,F486S,3.8,0.049487456,0.041750501,,,
1028,F486S,3.9,0.045670403,0.042865345,,,
1029,F486S,4,0.042220918,0.043956104,,,
1030,F486S,4.1,0.039097454,0.045023582,,,
1031,F486S,4.2,0.036263742,0.046068568,,,
1032,F486S,4.3,0.033688064,0.047091829,,,
1033,F486S,4.4,0.031342631,0.048094112,,,
1034,F486S,4.5,0.029203051,0.04907614,,,
1035,F486S,4.6,0.027247871,0.050038609,,,
1036,F486S,4.7,0.025458188,0.050982192,,,
1037,F486S,4.8,0.023817312,0.051907535,,,
1038,F486S,4.9,0.022310482,0.052815259,,,
1039,F486S,5,0.020924614,0.05370596,,,
1040,F486S,5.1,0.019648091,0.054580209,,,
1041,F486S,5.2,0.018470582,0.055438555,,,
1042,F486S,5.3,0.017382878,0.056281522,,,
1043,F486S,5.4,0.016376758,0.057109613,,,
1044,F486S,5.5,0.015444871,0.05792331,,,
1045,F486S,5.6,0.014580631,0.058723073,,,
1046,F486S,5.7,0.013778128,0.059509345,,,
1047,F486S,5.8,0.013032051,0.060282549,,,
1048,F486S,5.9,0.012337617,0.061043089,,,
1049,F486S,6,0.011690514,0.061791355,,,
1050,F486S,6.1,0.011086849,0.062527717,,,
1051,F486S,6.2,0.0105231,0.063252533,,,
1052,F486S,6.3,0.009996078,0.063966145,,,
1053,F486S,6.4,0.00950289,0.06466888,,,
1054,F486S,6.5,0.009040907,0.065361053,,,
1055,F486S,6.6,0.008607739,0.066042966,,,
1056,F486S,6.7,0.008201211,0.066714909,,,
1057,F486S,6.8,0.007819337,0.067377159,,,
1058,F486S,6.9,0.007460305,0.068029985,,,
1059,F486S,7,0.007122458,0.068673644,,,
1060,F486S,7.1,0.00680428,0.069308382,,,
1061,F486S,7.2,0.00650438,0.069934437,,,
1062,F486S,7.3,0.006221485,0.070552037,,,
1063,F486S,7.4,0.005954423,0.071161403,,,
1064,F486S,7.5,0.005702117,0.071762746,,,
1065,F486S,7.6,0.005463577,0.072356271,,,
1066,F486S,7.7,0.00523789,0.072942173,,,
1067,F486S,7.8,0.005024214,0.073520643,,,
1068,F486S,7.9,0.00482177,0.074091864,,,
1069,F486S,8,0.004629841,0.07465601,,,
1070,F486S,8.1,0.004447762,0.075213254,,,
1071,F486S,8.2,0.004274917,0.075763757,,,
1072,F486S,8.3,0.004110737,0.07630768,,,
1073,F486S,8.4,0.003954692,0.076845175,,,
1074,F486S,8.5,0.003806291,0.07737639,,,
1075,F486S,8.6,0.003665078,0.077901468,,,
1076,F486S,8.7,0.003530628,0.078420548,,,
1077,F486S,8.8,0.003402547,0.078933763,,,
1078,F486S,8.9,0.003280467,0.079441242,,,
1079,F486S,9,0.003164045,0.079943111,,,
1080,F486S,9.1,0.003052961,0.080439491,,,
1081,F486S,9.2,0.002946916,0.080930499,,,
1082,F486S,9.3,0.002845632,0.08141625,,,
1083,F486S,9.4,0.002748848,0.081896853,,,
1084,F486S,9.5,0.002656319,0.082372416,,,
1085,F486S,9.6,0.002567818,0.082843041,,,
1086,F486S,9.7,0.002483129,0.083308829,,,
1087,F486S,9.8,0.002402053,0.083769879,,,
1088,F486S,9.9,0.002324402,0.084226284,,,
1089,F486S,10,0.002249998,0.084678136,,,
1090,G250E,0.2,0.948790588,0.0007301,,,
1091,G250E,0.3,0.909058839,0.001324242,,,
1092,G250E,0.4,0.865806731,0.0020013,,,
1093,G250E,0.5,0.82124184,0.002735245,,,
1094,G250E,0.6,0.77683438,0.003507335,,,
1095,G250E,0.7,0.733551095,0.004303584,,,
1096,G250E,0.8,0.692002206,0.005113419,,,
1097,G250E,0.9,0.65254509,0.00592882,,,
1098,G250E,1,0.615360014,0.006743719,,,
1099,G250E,1.1,0.580505632,0.007553552,,,
1100,G250E,1.2,0.547959319,0.00835492,,,
1101,G250E,1.3,0.517646115,0.009145326,,,
1102,G250E,1.4,0.489459221,0.009922974,,,
1103,G250E,1.5,0.46327427,0.010686611,,,
1104,G250E,1.6,0.438959093,0.011435404,,,
1105,G250E,1.7,0.416380249,0.012168839,,,
1106,G250E,1.8,0.395407265,0.012886653,,,
1107,G250E,1.9,0.375915266,0.013588771,,,
1108,G250E,2,0.357786485,0.014275262,,,
1109,G250E,2.1,0.340911027,0.014946302,,,
1110,G250E,2.2,0.32518711,0.015602146,,,
1111,G250E,2.3,0.310520983,0.016243108,,,
1112,G250E,2.4,0.29682663,0.016869542,,,
1113,G250E,2.5,0.284025351,0.01748183,,,
1114,G250E,2.6,0.272045279,0.018080372,,,
1115,G250E,2.7,0.260820871,0.018665575,,,
1116,G250E,2.8,0.250292391,0.019237854,,,
1117,G250E,2.9,0.240405416,0.019797619,,,
1118,G250E,3,0.231110364,0.020345277,,,
1119,G250E,3.1,0.222362053,0.020881227,,,
1120,G250E,3.2,0.214119292,0.021405861,,,
1121,G250E,3.3,0.206344504,0.021919558,,,
1122,G250E,3.4,0.199003387,0.022422687,,,
1123,G250E,3.5,0.192064603,0.022915604,,,
1124,G250E,3.6,0.185499494,0.023398655,,,
1125,G250E,3.7,0.179281829,0.02387217,,,
1126,G250E,3.8,0.173387578,0.02433647,,,
1127,G250E,3.9,0.167794697,0.024791862,,,
1128,G250E,4,0.16248295,0.025238642,,,
1129,G250E,4.1,0.157433739,0.025677092,,,
1130,G250E,4.2,0.15262995,0.026107485,,,
1131,G250E,4.3,0.148055821,0.026530082,,,
1132,G250E,4.4,0.14369682,0.026945134,,,
1133,G250E,4.5,0.139539532,0.02735288,,,
1134,G250E,4.6,0.13557156,0.027753551,,,
1135,G250E,4.7,0.13178144,0.028147368,,,
1136,G250E,4.8,0.128158556,0.028534543,,,
1137,G250E,4.9,0.124693066,0.028915278,,,
1138,G250E,5,0.12137584,0.02928977,,,
1139,G250E,5.1,0.118198399,0.029658204,,,
1140,G250E,5.2,0.11515286,0.030020761,,,
1141,G250E,5.3,0.112231886,0.030377613,,,
1142,G250E,5.4,0.109428644,0.030728925,,,
1143,G250E,5.5,0.106736764,0.031074856,,,
1144,G250E,5.6,0.104150301,0.031415559,,,
1145,G250E,5.7,0.101663703,0.03175118,,,
1146,G250E,5.8,0.099271779,0.03208186,,,
1147,G250E,5.9,0.096969674,0.032407736,,,
1148,G250E,6,0.09475284,0.032728937,,,
1149,G250E,6.1,0.092617015,0.033045589,,,
1150,G250E,6.2,0.090558202,0.033357813,,,
1151,G250E,6.3,0.088572649,0.033665725,,,
1152,G250E,6.4,0.086656831,0.033969437,,,
1153,G250E,6.5,0.084807435,0.034269056,,,
1154,G250E,6.6,0.083021343,0.034564688,,,
1155,G250E,6.7,0.081295619,0.034856433,,,
1156,G250E,6.8,0.079627498,0.035144386,,,
1157,G250E,6.9,0.078014373,0.035428642,,,
1158,G250E,7,0.076453783,0.03570929,,,
1159,G250E,7.1,0.074943405,0.035986417,,,
1160,G250E,7.2,0.073481046,0.036260108,,,
1161,G250E,7.3,0.072064629,0.036530444,,,
1162,G250E,7.4,0.070692194,0.036797502,,,
1163,G250E,7.5,0.069361882,0.037061358,,,
1164,G250E,7.6,0.068071934,0.037322087,,,
1165,G250E,7.7,0.066820683,0.037579759,,,
1166,G250E,7.8,0.065606548,0.037834441,,,
1167,G250E,7.9,0.064428028,0.038086202,,,
1168,G250E,8,0.0632837,0.038335104,,,
1169,G250E,8.1,0.062172211,0.03858121,,,
1170,G250E,8.2,0.061092276,0.038824581,,,
1171,G250E,8.3,0.060042672,0.039065275,,,
1172,G250E,8.4,0.059022236,0.039303347,,,
1173,G250E,8.5,0.058029862,0.039538855,,,
1174,G250E,8.6,0.057064496,0.039771849,,,
1175,G250E,8.7,0.056125133,0.040002383,,,
1176,G250E,8.8,0.055210816,0.040230506,,,
1177,G250E,8.9,0.054320631,0.040456266,,,
1178,G250E,9,0.053453709,0.040679712,,,
1179,G250E,9.1,0.052609217,0.040900888,,,
1180,G250E,9.2,0.051786361,0.04111984,,,
1181,G250E,9.3,0.050984382,0.04133661,,,
1182,G250E,9.4,0.050202556,0.041551241,,,
1183,G250E,9.5,0.049440189,0.041763773,,,
1184,G250E,9.6,0.048696616,0.041974246,,,
1185,G250E,9.7,0.047971204,0.042182699,,,
1186,G250E,9.8,0.047263345,0.04238917,,,
1187,G250E,9.9,0.046572456,0.042593694,,,
1188,G250E,10,0.04589798,0.042796308,,,
1189,H396P,0.2,0.994418376,7.77E-05,,,
1190,H396P,0.3,0.985311136,0.000205525,,,
1191,H396P,0.4,0.971050056,0.000408018,,,
1192,H396P,0.5,0.951442573,0.000691333,,,
1193,H396P,0.6,0.926627288,0.001058387,,,
1194,H396P,0.7,0.897028301,0.001509276,,,
1195,H396P,0.8,0.863296198,0.002041631,,,
1196,H396P,0.9,0.826236934,0.002651024,,,
1197,H396P,1,0.786736305,0.003331419,,,
1198,H396P,1.1,0.745689044,0.004075647,,,
1199,H396P,1.2,0.703939975,0.004875864,,,
1200,H396P,1.3,0.66224149,0.005723958,,,
1201,H396P,1.4,0.621228249,0.006611899,,,
1202,H396P,1.5,0.581407331,0.007531996,,,
1203,H396P,1.6,0.543160528,0.008477088,,,
1204,H396P,1.7,0.50675494,0.009440663,,,
1205,H396P,1.8,0.472358323,0.010416909,,,
1206,H396P,1.9,0.44005632,0.01140073,,,
1207,H396P,2,0.409869538,0.012387727,,,
1208,H396P,2.1,0.381769192,0.013374154,,,
1209,H396P,2.2,0.355690662,0.014356859,,,
1210,H396P,2.3,0.33154473,0.01533323,,,
1211,H396P,2.4,0.309226582,0.016301125,,,
1212,H396P,2.5,0.288622773,0.017258816,,,
1213,H396P,2.6,0.269616463,0.018204928,,,
1214,H396P,2.7,0.252091226,0.019138392,,,
1215,H396P,2.8,0.235933711,0.020058394,,,
1216,H396P,2.9,0.221035431,0.020964337,,,
1217,H396P,3,0.207293865,0.021855804,,,
1218,H396P,3.1,0.194613072,0.022732527,,,
1219,H396P,3.2,0.182903934,0.023594364,,,
1220,H396P,3.3,0.172084145,0.024441274,,,
1221,H396P,3.4,0.162078036,0.025273297,,,
1222,H396P,3.5,0.15281627,0.026090541,,,
1223,H396P,3.6,0.144235479,0.026893167,,,
1224,H396P,3.7,0.136277866,0.02768138,,,
1225,H396P,3.8,0.128890785,0.028455415,,,
1226,H396P,3.9,0.122026329,0.029215534,,,
1227,H396P,4,0.115640933,0.029962018,,,
1228,H396P,4.1,0.109694989,0.030695161,,,
1229,H396P,4.2,0.104152493,0.031415266,,,
1230,H396P,4.3,0.098980711,0.032122643,,,
1231,H396P,4.4,0.094149872,0.032817603,,,
1232,H396P,4.5,0.089632892,0.033500457,,,
1233,H396P,4.6,0.085405117,0.034171518,,,
1234,H396P,4.7,0.081444087,0.034831091,,,
1235,H396P,4.8,0.077729334,0.03547948,,,
1236,H396P,4.9,0.074242182,0.036116983,,,
1237,H396P,5,0.070965585,0.036743892,,,
1238,H396P,5.1,0.067883964,0.037360492,,,
1239,H396P,5.2,0.064983074,0.037967062,,,
1240,H396P,5.3,0.062249874,0.038563872,,,
1241,H396P,5.4,0.059672416,0.039151186,,,
1242,H396P,5.5,0.057239743,0.039729261,,,
1243,H396P,5.6,0.054941797,0.040298346,,,
1244,H396P,5.7,0.052769336,0.040858681,,,
1245,H396P,5.8,0.050713861,0.0414105,,,
1246,H396P,5.9,0.048767547,0.041954031,,,
1247,H396P,6,0.046923185,0.042489491,,,
1248,H396P,6.1,0.045174125,0.043017095,,,
1249,H396P,6.2,0.043514229,0.043537046,,,
1250,H396P,6.3,0.041937825,0.044049543,,,
1251,H396P,6.4,0.040439666,0.04455478,,,
1252,H396P,6.5,0.039014897,0.045052941,,,
1253,H396P,6.6,0.037659018,0.045544206,,,
1254,H396P,6.7,0.036367856,0.04602875,,,
1255,H396P,6.8,0.03513754,0.046506739,,,
1256,H396P,6.9,0.03396447,0.046978337,,,
1257,H396P,7,0.032845303,0.047443702,,,
1258,H396P,7.1,0.031776927,0.047902984,,,
1259,H396P,7.2,0.030756442,0.048356331,,,
1260,H396P,7.3,0.029781148,0.048803885,,,
1261,H396P,7.4,0.028848524,0.049245784,,,
1262,H396P,7.5,0.027956219,0.049682161,,,
1263,H396P,7.6,0.027102035,0.050113145,,,
1264,H396P,7.7,0.026283918,0.050538861,,,
1265,H396P,7.8,0.025499946,0.05095943,,,
1266,H396P,7.9,0.02474832,0.051374967,,,
1267,H396P,8,0.024027354,0.051785588,,,
1268,H396P,8.1,0.023335466,0.052191402,,,
1269,H396P,8.2,0.022671175,0.052592514,,,
1270,H396P,8.3,0.022033087,0.052989028,,,
1271,H396P,8.4,0.021419894,0.053381044,,,
1272,H396P,8.5,0.020830366,0.053768659,,,
1273,H396P,8.6,0.020263347,0.054151967,,,
1274,H396P,8.7,0.019717747,0.054531058,,,
1275,H396P,8.8,0.019192542,0.054906021,,,
1276,H396P,8.9,0.018686763,0.055276943,,,
1277,H396P,9,0.0181995,0.055643905,,,
1278,H396P,9.1,0.017729892,0.05600699,,,
1279,H396P,9.2,0.017277127,0.056366275,,,
1280,H396P,9.3,0.016840439,0.056721836,,,
1281,H396P,9.4,0.016419102,0.057073748,,,
1282,H396P,9.5,0.01601243,0.057422083,,,
1283,H396P,9.6,0.015619775,0.05776691,,,
1284,H396P,9.7,0.015240522,0.058108298,,,
1285,H396P,9.8,0.014874091,0.058446312,,,
1286,H396P,9.9,0.014519928,0.058781017,,,
1287,H396P,10,0.014177513,0.059112475,,,
1288,H396R,0.2,0.723352505,0.004498036,,,
1289,H396R,0.3,0.630508219,0.00640596,,,
1290,H396R,0.4,0.557645118,0.008111563,,,
1291,H396R,0.5,0.499187543,0.009649631,,,
1292,H396R,0.6,0.451368098,0.011048223,,,
1293,H396R,0.7,0.411591713,0.012329492,,,
1294,H396R,0.8,0.378026797,0.013510975,,,
1295,H396R,0.9,0.349349588,0.014606697,,,
1296,H396R,1,0.324582327,0.015628001,,,
1297,H396R,1.1,0.302988577,0.016584169,,,
1298,H396R,1.2,0.284003895,0.01748288,,,
1299,H396R,1.3,0.267188857,0.018330549,,,
1300,H396R,1.4,0.252196549,0.019132591,,,
1301,H396R,1.5,0.238749622,0.019893609,,,
1302,H396R,1.6,0.226623812,0.020617553,,,
1303,H396R,1.7,0.215635899,0.021307833,,,
1304,H396R,1.8,0.205634784,0.021967411,,,
1305,H396R,1.9,0.19649479,0.02259888,,,
1306,H396R,2,0.188110559,0.02320452,,,
1307,H396R,2.1,0.180393128,0.023786344,,,
1308,H396R,2.2,0.173266871,0.024346143,,,
1309,H396R,2.3,0.16666711,0.024885511,,,
1310,H396R,2.4,0.160538206,0.02540588,,,
1311,H396R,2.5,0.154832042,0.025908533,,,
1312,H396R,2.6,0.149506803,0.02639463,,,
1313,H396R,2.7,0.144525976,0.026865223,,,
1314,H396R,2.8,0.139857542,0.027321263,,,
1315,H396R,2.9,0.13547331,0.02776362,,,
1316,H396R,3,0.131348359,0.028193087,,,
1317,H396R,3.1,0.127460583,0.028610391,,,
1318,H396R,3.2,0.123790305,0.029016198,,,
1319,H396R,3.3,0.120319954,0.029411122,,,
1320,H396R,3.4,0.11703379,0.02979573,,,
1321,H396R,3.5,0.113917676,0.030170545,,,
1322,H396R,3.6,0.110958875,0.030536051,,,
1323,H396R,3.7,0.108145885,0.030892697,,,
1324,H396R,3.8,0.105468292,0.031240902,,,
1325,H396R,3.9,0.102916647,0.031581054,,,
1326,H396R,4,0.100482354,0.031913516,,,
1327,H396R,4.1,0.098157578,0.032238627,,,
1328,H396R,4.2,0.095935161,0.032556704,,,
1329,H396R,4.3,0.093808555,0.032868045,,,
1330,H396R,4.4,0.091771753,0.033172927,,,
1331,H396R,4.5,0.089819241,0.033471612,,,
1332,H396R,4.6,0.08794594,0.033764347,,,
1333,H396R,4.7,0.086147173,0.034051363,,,
1334,H396R,4.8,0.084418621,0.034332879,,,
1335,H396R,4.9,0.082756289,0.034609101,,,
1336,H396R,5,0.081156481,0.034880224,,,
1337,H396R,5.1,0.079615767,0.035146432,,,
1338,H396R,5.2,0.078130962,0.035407901,,,
1339,H396R,5.3,0.076699107,0.035664795,,,
1340,H396R,5.4,0.075317445,0.035917271,,,
1341,H396R,5.5,0.073983407,0.036165478,,,
1342,H396R,5.6,0.072694596,0.036409559,,,
1343,H396R,5.7,0.071448772,0.036649647,,,
1344,H396R,5.8,0.070243838,0.036885871,,,
1345,H396R,5.9,0.069077834,0.037118353,,,
1346,H396R,6,0.067948919,0.037347209,,,
1347,H396R,6.1,0.066855369,0.037572551,,,
1348,H396R,6.2,0.065795562,0.037794485,,,
1349,H396R,6.3,0.064767976,0.038013111,,,
1350,H396R,6.4,0.063771175,0.038228528,,,
1351,H396R,6.5,0.06280381,0.038440827,,,
1352,H396R,6.6,0.061864608,0.038650097,,,
1353,H396R,6.7,0.060952369,0.038856424,,,
1354,H396R,6.8,0.060065957,0.039059889,,,
1355,H396R,6.9,0.059204301,0.039260571,,,
1356,H396R,7,0.058366389,0.039458543,,,
1357,H396R,7.1,0.057551261,0.039653878,,,
1358,H396R,7.2,0.056758009,0.039846646,,,
1359,H396R,7.3,0.055985771,0.040036913,,,
1360,H396R,7.4,0.055233732,0.040224742,,,
1361,H396R,7.5,0.054501116,0.040410196,,,
1362,H396R,7.6,0.053787187,0.040593333,,,
1363,H396R,7.7,0.053091246,0.040774211,,,
1364,H396R,7.8,0.052412627,0.040952885,,,
1365,H396R,7.9,0.051750698,0.041129408,,,
1366,H396R,8,0.051104856,0.04130383,,,
1367,H396R,8.1,0.050474527,0.041476201,,,
1368,H396R,8.2,0.049859164,0.041646569,,,
1369,H396R,8.3,0.049258244,0.04181498,,,
1370,H396R,8.4,0.04867127,0.041981477,,,
1371,H396R,8.5,0.048097766,0.042146105,,,
1372,H396R,8.6,0.047537278,0.042308904,,,
1373,H396R,8.7,0.046989371,0.042469914,,,
1374,H396R,8.8,0.046453632,0.042629175,,,
1375,H396R,8.9,0.045929662,0.042786724,,,
1376,H396R,9,0.045417081,0.042942597,,,
1377,H396R,9.1,0.044915526,0.04309683,,,
1378,H396R,9.2,0.044424647,0.043249456,,,
1379,H396R,9.3,0.043944111,0.043400509,,,
1380,H396R,9.4,0.043473596,0.043550021,,,
1381,H396R,9.5,0.043012796,0.043698023,,,
1382,H396R,9.6,0.042561415,0.043844544,,,
1383,H396R,9.7,0.04211917,0.043989615,,,
1384,H396R,9.8,0.041685789,0.044133264,,,
1385,H396R,9.9,0.041261011,0.044275518,,,
1386,H396R,10,0.040844583,0.044416404,,,
1387,L248V,0.2,0.960544816,0.000559092,,,
1388,L248V,0.3,0.904607333,0.001392421,,,
1389,L248V,0.4,0.829281903,0.002599932,,,
1390,L248V,0.5,0.743008878,0.004125657,,,
1391,L248V,0.6,0.65423575,0.005892882,,,
1392,L248V,0.7,0.569365036,0.007822688,,,
1393,L248V,0.8,0.492190093,0.009845698,,,
1394,L248V,0.9,0.424305026,0.011906982,,,
1395,L248V,1,0.365836051,0.01396625,,,
1396,L248V,1.1,0.316100916,0.015995747,,,
1397,L248V,1.2,0.274068396,0.017977466,,,
1398,L248V,1.3,0.238630405,0.019900546,,,
1399,L248V,1.4,0.208741562,0.021759144,,,
1400,L248V,1.5,0.183478138,0.02355083,,,
1401,L248V,1.6,0.162053076,0.025275436,,,
1402,L248V,1.7,0.143809614,0.026934236,,,
1403,L248V,1.8,0.128206086,0.028529393,,,
1404,L248V,1.9,0.114798426,0.030063576,,,
1405,L248V,2,0.103223428,0.031539714,,,
1406,L248V,2.1,0.093183991,0.032960824,,,
1407,L248V,2.2,0.084436687,0.034329907,,,
1408,L248V,2.3,0.076781509,0.035649881,,,
1409,L248V,2.4,0.070053567,0.036923543,,,
1410,L248V,2.5,0.064116398,0.038153544,,,
1411,L248V,2.6,0.058856593,0.039342381,,,
1412,L248V,2.7,0.054179511,0.040492395,,,
1413,L248V,2.8,0.050005824,0.041605775,,,
1414,L248V,2.9,0.04626876,0.042684559,,,
1415,L248V,3,0.042911876,0.043730648,,,
1416,L248V,3.1,0.039887263,0.044745809,,,
1417,L248V,3.2,0.03715409,0.045731686,,,
1418,L248V,3.3,0.034677423,0.046689812,,,
1419,L248V,3.4,0.032427261,0.047621609,,,
1420,L248V,3.5,0.030377741,0.048528405,,,
1421,L248V,3.6,0.028506492,0.049411436,,,
1422,L248V,3.7,0.026794096,0.050271857,,,
1423,L248V,3.8,0.025223643,0.051110743,,,
1424,L248V,3.9,0.023780359,0.051929101,,,
1425,L248V,4,0.0224513,0.052727872,,,
1426,L248V,4.1,0.021225088,0.053507936,,,
1427,L248V,4.2,0.020091698,0.054270119,,,
1428,L248V,4.3,0.019042268,0.055015196,,,
1429,L248V,4.4,0.018068948,0.055743894,,,
1430,L248V,4.5,0.017164764,0.056456897,,,
1431,L248V,4.6,0.016323508,0.057154847,,,
1432,L248V,4.7,0.015539638,0.05783835,,,
1433,L248V,4.8,0.014808197,0.058507978,,,
1434,L248V,4.9,0.014124741,0.059164269,,,
1435,L248V,5,0.013485278,0.059807732,,,
1436,L248V,5.1,0.012886216,0.060438848,,,
1437,L248V,5.2,0.012324314,0.061058073,,,
1438,L248V,5.3,0.011796643,0.061665837,,,
1439,L248V,5.4,0.011300554,0.062262549,,,
1440,L248V,5.5,0.010833642,0.062848598,,,
1441,L248V,5.6,0.010393723,0.06342435,,,
1442,L248V,5.7,0.009978813,0.063990155,,,
1443,L248V,5.8,0.009587099,0.064546346,,,
1444,L248V,5.9,0.00921693,0.06509324,,,
1445,L248V,6,0.008866795,0.065631137,,,
1446,L248V,6.1,0.008535312,0.066160325,,,
1447,L248V,6.2,0.008221213,0.066681077,,,
1448,L248V,6.3,0.007923334,0.067193655,,,
1449,L248V,6.4,0.007640608,0.067698308,,,
1450,L248V,6.5,0.007372048,0.068195274,,,
1451,L248V,6.6,0.007116748,0.068684783,,,
1452,L248V,6.7,0.006873873,0.06916705,,,
1453,L248V,6.8,0.006642648,0.069642287,,,
1454,L248V,6.9,0.006422359,0.070110691,,,
1455,L248V,7,0.006212345,0.070572456,,,
1456,L248V,7.1,0.006011992,0.071027765,,,
1457,L248V,7.2,0.005820733,0.071476794,,,
1458,L248V,7.3,0.005638037,0.071919712,,,
1459,L248V,7.4,0.005463415,0.072356683,,,
1460,L248V,7.5,0.00529641,0.072787862,,,
1461,L248V,7.6,0.005136595,0.0732134,,,
1462,L248V,7.7,0.004983575,0.073633441,,,
1463,L248V,7.8,0.004836979,0.074048125,,,
1464,L248V,7.9,0.004696461,0.074457585,,,
1465,L248V,8,0.004561698,0.07486195,,,
1466,L248V,8.1,0.004432388,0.075261345,,,
1467,L248V,8.2,0.004308248,0.075655889,,,
1468,L248V,8.3,0.004189012,0.076045699,,,
1469,L248V,8.4,0.004074433,0.076430885,,,
1470,L248V,8.5,0.003964276,0.076811556,,,
1471,L248V,8.6,0.003858323,0.077187815,,,
1472,L248V,8.7,0.003756367,0.077559763,,,
1473,L248V,8.8,0.003658215,0.077927497,,,
1474,L248V,8.9,0.003563685,0.078291111,,,
1475,L248V,9,0.003472605,0.078650696,,,
1476,L248V,9.1,0.003384814,0.079006339,,,
1477,L248V,9.2,0.003300158,0.079358126,,,
1478,L248V,9.3,0.003218493,0.079706138,,,
1479,L248V,9.4,0.003139685,0.080050457,,,
1480,L248V,9.5,0.003063604,0.080391157,,,
1481,L248V,9.6,0.002990129,0.080728316,,,
1482,L248V,9.7,0.002919145,0.081062005,,,
1483,L248V,9.8,0.002850545,0.081392294,,,
1484,L248V,9.9,0.002784224,0.081719253,,,
1485,L248V,10,0.002720085,0.082042946,,,
1486,M351T,0.2,0.935555515,0.000925205,,,
1487,M351T,0.3,0.822487163,0.0027142,,,
1488,M351T,0.4,0.673266228,0.005494645,,,
1489,M351T,0.5,0.523602863,0.008986414,,,
1490,M351T,0.6,0.396743805,0.012839785,,,
1491,M351T,0.7,0.298754241,0.016779639,,,
1492,M351T,0.8,0.226295906,0.020637664,,,
1493,M351T,0.9,0.173489204,0.024328332,,,
1494,M351T,1,0.134952739,0.027817092,,,
1495,M351T,1.1,0.106565491,0.03109716,,,
1496,M351T,1.2,0.085380343,0.034175547,,,
1497,M351T,1.3,0.069341855,0.037065369,,,
1498,M351T,1.4,0.057023479,0.039781836,,,
1499,M351T,1.5,0.047430125,0.042340246,,,
1500,M351T,1.6,0.039860711,0.044755057,,,
1501,M351T,1.7,0.033815207,0.047039509,,,
1502,M351T,1.8,0.028932266,0.049205526,,,
1503,M351T,1.9,0.024947291,0.051263751,,,
1504,M351T,2,0.021664012,0.05322365,,,
1505,M351T,2.1,0.018935037,0.055093629,,,
1506,M351T,2.2,0.01664837,0.056881153,,,
1507,M351T,2.3,0.014717969,0.058592863,,,
1508,M351T,2.4,0.013077045,0.060234679,,,
1509,M351T,2.5,0.011673242,0.06181189,,,
1510,M351T,2.6,0.010465148,0.063329233,,,
1511,M351T,2.7,0.009419724,0.064790966,,,
1512,M351T,2.8,0.0085104,0.066200921,,,
1513,M351T,2.9,0.007715651,0.067562561,,,
1514,M351T,3,0.007017911,0.068879024,,,
1515,M351T,3.1,0.006402753,0.070153157,,,
1516,M351T,3.2,0.005858253,0.071387554,,,
1517,M351T,3.3,0.005374499,0.072584581,,,
1518,M351T,3.4,0.004943206,0.073746405,,,
1519,M351T,3.5,0.00455741,0.074875011,,,
1520,M351T,3.6,0.004211232,0.075972223,,,
1521,M351T,3.7,0.003899683,0.077039724,,,
1522,M351T,3.8,0.003618511,0.078079063,,,
1523,M351T,3.9,0.00336408,0.079091676,,,
1524,M351T,4,0.003133264,0.080078889,,,
1525,M351T,4.1,0.002923366,0.081041938,,,
1526,M351T,4.2,0.002732054,0.081981967,,,
1527,M351T,4.3,0.0025573,0.082900044,,,
1528,M351T,4.4,0.002397339,0.083797165,,,
1529,M351T,4.5,0.002250627,0.084674258,,,
1530,M351T,4.6,0.002115809,0.085532194,,,
1531,M351T,4.7,0.001991696,0.086371788,,,
1532,M351T,4.8,0.001877238,0.087193802,,,
1533,M351T,4.9,0.001771507,0.087998956,,,
1534,M351T,5,0.00167368,0.088787922,,,
1535,M351T,5.1,0.001583027,0.089561338,,,
1536,M351T,5.2,0.001498897,0.090319802,,,
1537,M351T,5.3,0.001420709,0.091063878,,,
1538,M351T,5.4,0.001347943,0.0917941,,,
1539,M351T,5.5,0.001280135,0.092510973,,,
1540,M351T,5.6,0.001216864,0.093214976,,,
1541,M351T,5.7,0.001157755,0.093906559,,,
1542,M351T,5.8,0.001102469,0.094586154,,,
1543,M351T,5.9,0.001050699,0.095254167,,,
1544,M351T,6,0.001002167,0.095910985,,,
1545,M351T,6.1,0.000956622,0.096556976,,,
1546,M351T,6.2,0.000913836,0.097192491,,,
1547,M351T,6.3,0.000873602,0.097817864,,,
1548,M351T,6.4,0.000835729,0.098433412,,,
1549,M351T,6.5,0.000800047,0.099039438,,,
1550,M351T,6.6,0.000766398,0.099636232,,,
1551,M351T,6.7,0.000734638,0.100224071,,,
1552,M351T,6.8,0.000704634,0.100803219,,,
1553,M351T,6.9,0.000676267,0.101373928,,,
1554,M351T,7,0.000649425,0.101936441,,,
1555,M351T,7.1,0.000624006,0.102490989,,,
1556,M351T,7.2,0.000599916,0.103037795,,,
1557,M351T,7.3,0.000577069,0.103577071,,,
1558,M351T,7.4,0.000555385,0.104109021,,,
1559,M351T,7.5,0.00053479,0.104633842,,,
1560,M351T,7.6,0.000515216,0.105151722,,,
1561,M351T,7.7,0.000496601,0.105662842,,,
1562,M351T,7.8,0.000478885,0.106167376,,,
1563,M351T,7.9,0.000462014,0.106665491,,,
1564,M351T,8,0.000445939,0.107157348,,,
1565,M351T,8.1,0.000430612,0.107643103,,,
1566,M351T,8.2,0.00041599,0.108122905,,,
1567,M351T,8.3,0.000402033,0.108596897,,,
1568,M351T,8.4,0.000388703,0.109065219,,,
1569,M351T,8.5,0.000375964,0.109528005,,,
1570,M351T,8.6,0.000363785,0.109985384,,,
1571,M351T,8.7,0.000352134,0.11043748,,,
1572,M351T,8.8,0.000340983,0.110884415,,,
1573,M351T,8.9,0.000330305,0.111326304,,,
1574,M351T,9,0.000320075,0.11176326,,,
1575,M351T,9.1,0.00031027,0.112195393,,,
1576,M351T,9.2,0.000300867,0.112622806,,,
1577,M351T,9.3,0.000291846,0.113045603,,,
1578,M351T,9.4,0.000283188,0.113463881,,,
1579,M351T,9.5,0.000274874,0.113877737,,,
1580,M351T,9.6,0.000266888,0.114287262,,,
1581,M351T,9.7,0.000259212,0.114692547,,,
1582,M351T,9.8,0.000251833,0.115093677,,,
1583,M351T,9.9,0.000244735,0.115490739,,,
1584,M351T,10,0.000237906,0.115883812,,,
1585,Q252H,0.2,0.990258098,0.000135968,,,
1586,Q252H,0.3,0.969614938,0.000428559,,,
1587,Q252H,0.4,0.933449226,0.00095651,,,
1588,Q252H,0.5,0.88114397,0.00175742,,,
1589,Q252H,0.6,0.81492578,0.002842476,,,
1590,Q252H,0.7,0.739210266,0.004196845,,,
1591,Q252H,0.8,0.659330831,0.005785137,,,
1592,Q252H,0.9,0.580240031,0.007559909,,,
1593,Q252H,1,0.505674833,0.009470298,,,
1594,Q252H,1.1,0.43791205,0.011468572,,,
1595,Q252H,1.2,0.377947855,0.013513876,,,
1596,Q252H,1.3,0.325857188,0.015573556,,,
1597,Q252H,1.4,0.281154958,0.017622907,,,
1598,Q252H,1.5,0.243077421,0.019644101,,,
1599,Q252H,1.6,0.210769352,0.021624873,,,
1600,Q252H,1.7,0.183393417,0.023557245,,,
1601,Q252H,1.8,0.160185438,0.025436433,,,
1602,Q252H,1.9,0.140476089,0.027259972,,,
1603,Q252H,2,0.123693684,0.029027042,,,
1604,Q252H,2.1,0.109357465,0.030737962,,,
1605,Q252H,2.2,0.0970669,0.032393817,,,
1606,Q252H,2.3,0.086490035,0.033996195,,,
1607,Q252H,2.4,0.07735242,0.035546992,,,
1608,Q252H,2.5,0.069427252,0.037048275,,,
1609,Q252H,2.6,0.062526938,0.038502192,,,
1610,Q252H,2.7,0.056496027,0.039910902,,,
1611,Q252H,2.8,0.051205385,0.041276536,,,
1612,Q252H,2.9,0.046547423,0.042601161,,,
1613,Q252H,3,0.04243221,0.043886771,,,
1614,Q252H,3.1,0.038784318,0.045135268,,,
1615,Q252H,3.2,0.035540259,0.046348461,,,
1616,Q252H,3.3,0.032646406,0.047528063,,,
1617,Q252H,3.4,0.030057296,0.048675692,,,
1618,Q252H,3.5,0.027734253,0.049792876,,,
1619,Q252H,3.6,0.025644259,0.05088105,,,
1620,Q252H,3.7,0.023759026,0.051941566,,,
1621,Q252H,3.8,0.022054244,0.052975698,,,
1622,Q252H,3.9,0.020508948,0.053984639,,,
1623,Q252H,4,0.019105001,0.054969516,,,
1624,Q252H,4.1,0.017826668,0.055931385,,,
1625,Q252H,4.2,0.016660252,0.056871243,,,
1626,Q252H,4.3,0.015593799,0.057790027,,,
1627,Q252H,4.4,0.014616846,0.058688619,,,
1628,Q252H,4.5,0.013720211,0.059567851,,,
1629,Q252H,4.6,0.012895813,0.060428508,,,
1630,Q252H,4.7,0.012136525,0.06127133,,,
1631,Q252H,4.8,0.011436043,0.062097017,,,
1632,Q252H,4.9,0.010788781,0.062906229,,,
1633,Q252H,5,0.010189774,0.063699592,,,
1634,Q252H,5.1,0.009634603,0.064477697,,,
1635,Q252H,5.2,0.009119325,0.065241104,,,
1636,Q252H,5.3,0.008640413,0.065990345,,,
1637,Q252H,5.4,0.008194709,0.066725924,,,
1638,Q252H,5.5,0.007779378,0.067448318,,,
1639,Q252H,5.6,0.007391868,0.068157983,,,
1640,Q252H,5.7,0.007029883,0.068855349,,,
1641,Q252H,5.8,0.00669135,0.069540829,,,
1642,Q252H,5.9,0.006374393,0.070214812,,,
1643,Q252H,6,0.006077314,0.070877673,,,
1644,Q252H,6.1,0.005798575,0.071529765,,,
1645,Q252H,6.2,0.005536777,0.072171428,,,
1646,Q252H,6.3,0.005290646,0.072802985,,,
1647,Q252H,6.4,0.005059024,0.073424745,,,
1648,Q252H,6.5,0.004840853,0.074037003,,,
1649,Q252H,6.6,0.004635167,0.074640042,,,
1650,Q252H,6.7,0.004441081,0.075234132,,,
1651,Q252H,6.8,0.004257785,0.075819531,,,
1652,Q252H,6.9,0.004084536,0.076396487,,,
1653,Q252H,7,0.003920653,0.076965237,,,
1654,Q252H,7.1,0.003765507,0.07752601,,,
1655,Q252H,7.2,0.003618522,0.078079023,,,
1656,Q252H,7.3,0.003479165,0.078624486,,,
1657,Q252H,7.4,0.003346945,0.079162601,,,
1658,Q252H,7.5,0.003221409,0.079693562,,,
1659,Q252H,7.6,0.003102137,0.080217554,,,
1660,Q252H,7.7,0.002988743,0.080734757,,,
1661,Q252H,7.8,0.002880865,0.081245342,,,
1662,Q252H,7.9,0.002778171,0.081749477,,,
1663,Q252H,8,0.002680352,0.08224732,,,
1664,Q252H,8.1,0.00258712,0.082739025,,,
1665,Q252H,8.2,0.002498209,0.083224742,,,
1666,Q252H,8.3,0.002413368,0.083704612,,,
1667,Q252H,8.4,0.002332367,0.084178775,,,
1668,Q252H,8.5,0.002254989,0.084647364,,,
1669,Q252H,8.6,0.002181033,0.085110507,,,
1670,Q252H,8.7,0.002110312,0.085568329,,,
1671,Q252H,8.8,0.002042648,0.086020949,,,
1672,Q252H,8.9,0.001977878,0.086468485,,,
1673,Q252H,9,0.001915847,0.086911049,,,
1674,Q252H,9.1,0.001856412,0.087348749,,,
1675,Q252H,9.2,0.001799436,0.087781691,,,
1676,Q252H,9.3,0.001744795,0.088209976,,,
1677,Q252H,9.4,0.001692368,0.088633702,,,
1678,Q252H,9.5,0.001642044,0.089052967,,,
1679,Q252H,9.6,0.001593717,0.089467862,,,
1680,Q252H,9.7,0.00154729,0.089878477,,,
1681,Q252H,9.8,0.001502669,0.090284898,,,
1682,Q252H,9.9,0.001459766,0.090687212,,,
1683,Q252H,10,0.001418499,0.091085498,,,
1684,T315I,0.2,0.937474195,0.000896751,,,
1685,T315I,0.3,0.913080805,0.001262929,,,
1686,T315I,0.4,0.890847438,0.001605307,,,
1687,T315I,0.5,0.870302423,0.001929368,,,
1688,T315I,0.6,0.85115164,0.002238402,,,
1689,T315I,0.7,0.833190087,0.002534631,,,
1690,T315I,0.8,0.816264824,0.002819673,,,
1691,T315I,0.9,0.800256433,0.003094765,,,
1692,T315I,1,0.785068585,0.003360892,,,
1693,T315I,1.1,0.770621661,0.003618857,,,
1694,T315I,1.2,0.756848608,0.003869334,,,
1695,T315I,1.3,0.743692105,0.004112891,,,
1696,T315I,1.4,0.731102546,0.004350021,,,
1697,T315I,1.5,0.719036572,0.004581154,,,
1698,T315I,1.6,0.707455953,0.004806665,,,
1699,T315I,1.7,0.696326742,0.005026893,,,
1700,T315I,1.8,0.685618598,0.005242136,,,
1701,T315I,1.9,0.675304256,0.005452666,,,
1702,T315I,2,0.665359095,0.005658728,,,
1703,T315I,2.1,0.655760782,0.005860545,,,
1704,T315I,2.2,0.646488985,0.006058321,,,
1705,T315I,2.3,0.637525123,0.006252244,,,
1706,T315I,2.4,0.628852164,0.006442487,,,
1707,T315I,2.5,0.62045445,0.00662921,,,
1708,T315I,2.6,0.612317545,0.006812559,,,
1709,T315I,2.7,0.604428109,0.006992674,,,
1710,T315I,2.8,0.596773784,0.007169683,,,
1711,T315I,2.9,0.589343101,0.007343705,,,
1712,T315I,3,0.58212539,0.007514853,,,
1713,T315I,3.1,0.575110709,0.007683232,,,
1714,T315I,3.2,0.568289777,0.007848942,,,
1715,T315I,3.3,0.561653918,0.008012075,,,
1716,T315I,3.4,0.555195006,0.00817272,,,
1717,T315I,3.5,0.548905418,0.00833096,,,
1718,T315I,3.6,0.542777998,0.008486873,,,
1719,T315I,3.7,0.536806015,0.008640535,,,
1720,T315I,3.8,0.530983131,0.008792014,,,
1721,T315I,3.9,0.525303373,0.00894138,,,
1722,T315I,4,0.519761102,0.009088694,,,
1723,T315I,4.1,0.514350992,0.009234019,,,
1724,T315I,4.2,0.509068004,0.009377412,,,
1725,T315I,4.3,0.503907369,0.009518928,,,
1726,T315I,4.4,0.498864568,0.00965862,,,
1727,T315I,4.5,0.493935313,0.009796538,,,
1728,T315I,4.6,0.489115536,0.00993273,,,
1729,T315I,4.7,0.48440137,0.010067242,,,
1730,T315I,4.8,0.479789139,0.010200119,,,
1731,T315I,4.9,0.475275344,0.010331402,,,
1732,T315I,5,0.470856652,0.010461133,,,
1733,T315I,5.1,0.46652989,0.01058935,,,
1734,T315I,5.2,0.462292027,0.01071609,,,
1735,T315I,5.3,0.458140174,0.01084139,,,
1736,T315I,5.4,0.45407157,0.010965284,,,
1737,T315I,5.5,0.450083578,0.011087805,,,
1738,T315I,5.6,0.446173675,0.011208986,,,
1739,T315I,5.7,0.442339448,0.011328857,,,
1740,T315I,5.8,0.438578587,0.011447448,,,
1741,T315I,5.9,0.434888878,0.011564788,,,
1742,T315I,6,0.431268202,0.011680904,,,
1743,T315I,6.1,0.427714523,0.011795824,,,
1744,T315I,6.2,0.424225891,0.011909572,,,
1745,T315I,6.3,0.420800433,0.012022175,,,
1746,T315I,6.4,0.41743635,0.012133656,,,
1747,T315I,6.5,0.414131913,0.012244038,,,
1748,T315I,6.6,0.410885462,0.012353344,,,
1749,T315I,6.7,0.407695398,0.012461597,,,
1750,T315I,6.8,0.404560184,0.012568816,,,
1751,T315I,6.9,0.40147834,0.012675024,,,
1752,T315I,7,0.398448442,0.012780238,,,
1753,T315I,7.1,0.395469116,0.01288448,,,
1754,T315I,7.2,0.39253904,0.012987768,,,
1755,T315I,7.3,0.389656938,0.013090119,,,
1756,T315I,7.4,0.38682158,0.013191552,,,
1757,T315I,7.5,0.384031778,0.013292083,,,
1758,T315I,7.6,0.381286388,0.013391729,,,
1759,T315I,7.7,0.378584303,0.013490507,,,
1760,T315I,7.8,0.375924455,0.013588432,,,
1761,T315I,7.9,0.37330581,0.013685518,,,
1762,T315I,8,0.370727372,0.013781782,,,
1763,T315I,8.1,0.368188175,0.013877238,,,
1764,T315I,8.2,0.365687286,0.013971899,,,
1765,T315I,8.3,0.363223803,0.014065779,,,
1766,T315I,8.4,0.360796851,0.014158892,,,
1767,T315I,8.5,0.358405586,0.01425125,,,
1768,T315I,8.6,0.356049187,0.014342867,,,
1769,T315I,8.7,0.353726862,0.014433753,,,
1770,T315I,8.8,0.351437842,0.014523922,,,
1771,T315I,8.9,0.349181382,0.014613386,,,
1772,T315I,9,0.346956759,0.014702154,,,
1773,T315I,9.1,0.344763273,0.01479024,,,
1774,T315I,9.2,0.342600245,0.014877652,,,
1775,T315I,9.3,0.340467016,0.014964403,,,
1776,T315I,9.4,0.338362946,0.015050502,,,
1777,T315I,9.5,0.336287414,0.01513596,,,
1778,T315I,9.6,0.334239817,0.015220785,,,
1779,T315I,9.7,0.33221957,0.015304989,,,
1780,T315I,9.8,0.330226104,0.015388579,,,
1781,T315I,9.9,0.328258865,0.015471566,,,
1782,T315I,10,0.326317318,0.015553958,,,
1783,V299L,0.2,0.383755065,0.013302094,,,
1784,V299L,0.3,0.195682499,0.022656414,,,
1785,V299L,0.4,0.111022169,0.03052813,,,
1786,V299L,0.5,0.069294006,0.037074957,,,
1787,V299L,0.6,0.046521468,0.042608908,,,
1788,V299L,0.7,0.033005408,0.047376165,,,
1789,V299L,0.8,0.024433939,0.05155253,,,
1790,V299L,0.9,0.018705341,0.055263141,,,
1791,V299L,1,0.014711755,0.058598729,,,
1792,V299L,1.1,0.011830017,0.0616266,,,
1793,V299L,1.2,0.009690174,0.064397817,,,
1794,V299L,1.3,0.008062448,0.066951918,,,
1795,V299L,1.4,0.006798552,0.069320078,,,
1796,V299L,1.5,0.00579961,0.071527285,,,
1797,V299L,1.6,0.0049978,0.073593854,,,
1798,V299L,1.7,0.004345438,0.075536511,,,
1799,V299L,1.8,0.003808265,0.077369189,,,
1800,V299L,1.9,0.003361192,0.079103607,,,
1801,V299L,2,0.002985525,0.080749719,,,
1802,V299L,2.1,0.002667122,0.082316044,,,
1803,V299L,2.2,0.002395137,0.083809931,,,
1804,V299L,2.3,0.002161141,0.085237762,,,
1805,V299L,2.4,0.001958516,0.086605114,,,
1806,V299L,2.5,0.001782005,0.087916889,,,
1807,V299L,2.6,0.001627396,0.089177417,,,
1808,V299L,2.7,0.001491282,0.090390543,,,
1809,V299L,2.8,0.001370886,0.091559695,,,
1810,V299L,2.9,0.001263927,0.092687944,,,
1811,V299L,3,0.001168517,0.093778051,,,
1812,V299L,3.1,0.001083087,0.094832504,,,
1813,V299L,3.2,0.001006319,0.095853561,,,
1814,V299L,3.3,0.000937105,0.096843267,,,
1815,V299L,3.4,0.000874506,0.097803489,,,
1816,V299L,3.5,0.000817723,0.09873593,,,
1817,V299L,3.6,0.000766072,0.09964215,,,
1818,V299L,3.7,0.000718965,0.100523583,,,
1819,V299L,3.8,0.000675896,0.101381547,,,
1820,V299L,3.9,0.000636426,0.102217258,,,
1821,V299L,4,0.000600173,0.103031841,,,
1822,V299L,4.1,0.000566804,0.103826336,,,
1823,V299L,4.2,0.000536029,0.104601709,,,
1824,V299L,4.3,0.000507589,0.105358859,,,
1825,V299L,4.4,0.000481261,0.106098622,,,
1826,V299L,4.5,0.000456844,0.106821778,,,
1827,V299L,4.6,0.000434162,0.107529056,,,
1828,V299L,4.7,0.000413058,0.108221138,,,
1829,V299L,4.8,0.000393392,0.108898662,,,
1830,V299L,4.9,0.000375039,0.109562228,,,
1831,V299L,5,0.000357887,0.1102124,,,
1832,V299L,5.1,0.000341836,0.110849706,,,
1833,V299L,5.2,0.000326796,0.111474647,,,
1834,V299L,5.3,0.000312685,0.112087692,,,
1835,V299L,5.4,0.00029943,0.112689286,,,
1836,V299L,5.5,0.000286965,0.113279848,,,
1837,V299L,5.6,0.00027523,0.113859776,,,
1838,V299L,5.7,0.000264169,0.114429446,,,
1839,V299L,5.8,0.000253734,0.114989214,,,
1840,V299L,5.9,0.000243879,0.115539419,,,
1841,V299L,6,0.000234563,0.116080381,,,
1842,V299L,6.1,0.000225748,0.116612406,,,
1843,V299L,6.2,0.000217399,0.117135784,,,
1844,V299L,6.3,0.000209485,0.117650792,,,
1845,V299L,6.4,0.000201978,0.118157693,,,
1846,V299L,6.5,0.000194849,0.118656739,,,
1847,V299L,6.6,0.000188075,0.119148169,,,
1848,V299L,6.7,0.000181634,0.119632212,,,
1849,V299L,6.8,0.000175503,0.120109086,,,
1850,V299L,6.9,0.000169664,0.120579001,,,
1851,V299L,7,0.0001641,0.121042158,,,
1852,V299L,7.1,0.000158793,0.121498747,,,
1853,V299L,7.2,0.000153728,0.121948952,,,
1854,V299L,7.3,0.000148892,0.12239295,,,
1855,V299L,7.4,0.00014427,0.122830909,,,
1856,V299L,7.5,0.000139851,0.123262991,,,
1857,V299L,7.6,0.000135623,0.123689351,,,
1858,V299L,7.7,0.000131575,0.12411014,,,
1859,V299L,7.8,0.000127699,0.124525501,,,
1860,V299L,7.9,0.000123984,0.124935572,,,
1861,V299L,8,0.000120421,0.125340486,,,
1862,V299L,8.1,0.000117003,0.125740371,,,
1863,V299L,8.2,0.000113723,0.126135352,,,
1864,V299L,8.3,0.000110572,0.126525545,,,
1865,V299L,8.4,0.000107545,0.126911067,,,
1866,V299L,8.5,0.000104636,0.127292027,,,
1867,V299L,8.6,0.000101837,0.127668533,,,
1868,V299L,8.7,9.91E-05,0.128040687,,,
1869,V299L,8.8,9.66E-05,0.128408588,,,
1870,V299L,8.9,9.41E-05,0.128772334,,,
1871,V299L,9,9.17E-05,0.129132016,,,
1872,V299L,9.1,8.93E-05,0.129487724,,,
1873,V299L,9.2,8.71E-05,0.129839545,,,
1874,V299L,9.3,8.49E-05,0.130187564,,,
1875,V299L,9.4,8.29E-05,0.130531861,,,
1876,V299L,9.5,8.09E-05,0.130872516,,,
1877,V299L,9.6,7.89E-05,0.131209604,,,
1878,V299L,9.7,7.70E-05,0.1315432,,,
1879,V299L,9.8,7.52E-05,0.131873374,,,
1880,V299L,9.9,7.35E-05,0.132200197,,,
1881,V299L,10,7.18E-05,0.132523736,,,
1882,Wt,0.2,0.445694061,0.011223924,,,
1883,Wt,0.3,0.28392244,0.017486864,,,
1884,Wt,0.4,0.193611158,0.022804215,,,
1885,Wt,0.5,0.139937847,0.02731329,,,
1886,Wt,0.6,0.105862582,0.031189075,,,
1887,Wt,0.7,0.082981662,0.034571328,,,
1888,Wt,0.8,0.06689806,0.037563685,,,
1889,Wt,0.9,0.055162948,0.040242553,,,
1890,Wt,1,0.046334042,0.042664977,,,
1891,Wt,1.1,0.039519956,0.044874299,,,
1892,Wt,1.2,0.034146639,0.046904043,,,
1893,Wt,1.3,0.029831146,0.048780587,,,
1894,Wt,1.4,0.026310149,0.050525007,,,
1895,Wt,1.5,0.023397743,0.052154385,,,
1896,Wt,1.6,0.020959629,0.053682738,,,
1897,Wt,1.7,0.018896802,0.055121703,,,
1898,Wt,1.8,0.017134956,0.056481037,,,
1899,Wt,1.9,0.015617424,0.057769001,,,
1900,Wt,2,0.014300363,0.058992644,,,
1901,Wt,2.1,0.013149414,0.060158029,,,
1902,Wt,2.2,0.012137332,0.061270407,,,
1903,Wt,2.3,0.011242281,0.062334354,,,
1904,Wt,2.4,0.01044659,0.063353884,,,
1905,Wt,2.5,0.009735831,0.064332532,,,
1906,Wt,2.6,0.009098123,0.065273432,,,
1907,Wt,2.7,0.008523615,0.066179371,,,
1908,Wt,2.8,0.008004074,0.067052841,,,
1909,Wt,2.9,0.00753258,0.067896078,,,
1910,Wt,3,0.007103279,0.068711094,,,
1911,Wt,3.1,0.00671119,0.069499709,,,
1912,Wt,3.2,0.006352053,0.070263573,,,
1913,Wt,3.3,0.006022207,0.071004187,,,
1914,Wt,3.4,0.005718492,0.071722918,,,
1915,Wt,3.5,0.005438166,0.072421019,,,
1916,Wt,3.6,0.005178842,0.073099636,,,
1917,Wt,3.7,0.004938432,0.073759824,,,
1918,Wt,3.8,0.004715106,0.074402554,,,
1919,Wt,3.9,0.00450725,0.075028725,,,
1920,Wt,4,0.004313439,0.075639164,,,
1921,Wt,4.1,0.004132412,0.07623464,,,
1922,Wt,4.2,0.003963045,0.076815869,,,
1923,Wt,4.3,0.003804339,0.077383514,,,
1924,Wt,4.4,0.003655399,0.077938195,,,
1925,Wt,4.5,0.003515424,0.078480488,,,
1926,Wt,4.6,0.003383694,0.079010934,,,
1927,Wt,4.7,0.003259561,0.079530038,,,
1928,Wt,4.8,0.00314244,0.080038274,,,
1929,Wt,4.9,0.003031801,0.080536087,,,
1930,Wt,5,0.002927166,0.081023896,,,
1931,Wt,5.1,0.002828099,0.081502093,,,
1932,Wt,5.2,0.002734202,0.081971049,,,
1933,Wt,5.3,0.002645116,0.082431115,,,
1934,Wt,5.4,0.00256051,0.08288262,,,
1935,Wt,5.5,0.002480083,0.083325877,,,
1936,Wt,5.6,0.002403558,0.083761181,,,
1937,Wt,5.7,0.002330682,0.084188812,,,
1938,Wt,5.8,0.002261221,0.084609035,,,
1939,Wt,5.9,0.00219496,0.085022103,,,
1940,Wt,6,0.002131702,0.085428255,,,
1941,Wt,6.1,0.002071265,0.085827718,,,
1942,Wt,6.2,0.002013479,0.086220708,,,
1943,Wt,6.3,0.001958189,0.086607433,,,
1944,Wt,6.4,0.00190525,0.086988087,,,
1945,Wt,6.5,0.001854526,0.087362859,,,
1946,Wt,6.6,0.001805895,0.087731928,,,
1947,Wt,6.7,0.00175924,0.088095464,,,
1948,Wt,6.8,0.001714453,0.08845363,,,
1949,Wt,6.9,0.001671433,0.088806583,,,
1950,Wt,7,0.001630087,0.089154472,,,
1951,Wt,7.1,0.001590327,0.08949744,,,
1952,Wt,7.2,0.001552071,0.089835625,,,
1953,Wt,7.3,0.001515243,0.090169157,,,
1954,Wt,7.4,0.001479771,0.090498163,,,
1955,Wt,7.5,0.001445588,0.090822764,,,
1956,Wt,7.6,0.001412631,0.091143077,,,
1957,Wt,7.7,0.00138084,0.091459212,,,
1958,Wt,7.8,0.00135016,0.091771278,,,
1959,Wt,7.9,0.001320539,0.092079378,,,
1960,Wt,8,0.001291927,0.092383611,,,
1961,Wt,8.1,0.001264279,0.092684073,,,
1962,Wt,8.2,0.00123755,0.092980857,,,
1963,Wt,8.3,0.001211699,0.093274051,,,
1964,Wt,8.4,0.001186688,0.09356374,,,
1965,Wt,8.5,0.001162479,0.093850009,,,
1966,Wt,8.6,0.001139038,0.094132936,,,
1967,Wt,8.7,0.001116332,0.094412598,,,
1968,Wt,8.8,0.00109433,0.094689071,,,
1969,Wt,8.9,0.001073002,0.094962425,,,
1970,Wt,9,0.001052321,0.095232731,,,
1971,Wt,9.1,0.001032261,0.095500055,,,
1972,Wt,9.2,0.001012795,0.095764463,,,
1973,Wt,9.3,0.000993901,0.096026017,,,
1974,Wt,9.4,0.000975555,0.096284779,,,
1975,Wt,9.5,0.000957736,0.096540807,,,
1976,Wt,9.6,0.000940424,0.096794159,,,
1977,Wt,9.7,0.000923599,0.09704489,,,
1978,Wt,9.8,0.000907243,0.097293052,,,
1979,Wt,9.9,0.000891338,0.0975387,,,
1980,Wt,10,0.000875868,0.097781882,,,
1981,Y253F,0.2,0.951938451,0.000684096,,,
1982,Y253F,0.3,0.90739302,0.001349717,,,
1983,Y253F,0.4,0.856048712,0.002158722,,,
1984,Y253F,0.5,0.801471939,0.003073685,,,
1985,Y253F,0.6,0.746313322,0.004064025,,,
1986,Y253F,0.7,0.692422802,0.005104979,,,
1987,Y253F,0.8,0.640995317,0.006176849,,,
1988,Y253F,0.9,0.592724249,0.00726425,,,
1989,Y253F,1,0.547940751,0.00835539,,,
1990,Y253F,1.1,0.506728194,0.009441396,,,
1991,Y253F,1.2,0.469009766,0.010515718,,,
1992,Y253F,1.3,0.434612071,0.011573631,,,
1993,Y253F,1.4,0.403309343,0.012611825,,,
1994,Y253F,1.5,0.374853007,0.013628074,,,
1995,Y253F,1.6,0.348990649,0.014620974,,,
1996,Y253F,1.7,0.325477619,0.015589744,,,
1997,Y253F,1.8,0.304083617,0.016534063,,,
1998,Y253F,1.9,0.284596011,0.017453953,,,
1999,Y253F,2,0.266821033,0.018349682,,,
2000,Y253F,2.1,0.250583688,0.019221699,,,
2001,Y253F,2.2,0.235726911,0.020070574,,,
2002,Y253F,2.3,0.222110304,0.02089696,,,
2003,Y253F,2.4,0.209608708,0.021701566,,,
2004,Y253F,2.5,0.198110717,0.022485128,,,
2005,Y253F,2.6,0.187517249,0.023248395,,,
2006,Y253F,2.7,0.177740188,0.023992117,,,
2007,Y253F,2.8,0.168701151,0.024717034,,,
2008,Y253F,2.9,0.16033036,0.025423873,,,
2009,Y253F,3,0.152565642,0.026113338,,,
2010,Y253F,3.1,0.145351534,0.026786112,,,
2011,Y253F,3.2,0.138638497,0.027442854,,,
2012,Y253F,3.3,0.132382217,0.028084194,,,
2013,Y253F,3.4,0.126542997,0.028710738,,,
2014,Y253F,3.5,0.121085219,0.029323065,,,
2015,Y253F,3.6,0.115976877,0.029921728,,,
2016,Y253F,3.7,0.111189158,0.030507256,,,
2017,Y253F,3.8,0.106696091,0.031080149,,,
2018,Y253F,3.9,0.102474219,0.031640889,,,
2019,Y253F,4,0.098502328,0.032189932,,,
2020,Y253F,4.1,0.094761199,0.032727712,,,
2021,Y253F,4.2,0.091233395,0.033254643,,,
2022,Y253F,4.3,0.087903068,0.033771119,,,
2023,Y253F,4.4,0.084755796,0.034277516,,,
2024,Y253F,4.5,0.081778431,0.034774191,,,
2025,Y253F,4.6,0.078958972,0.035261485,,,
2026,Y253F,4.7,0.076286448,0.035739722,,,
2027,Y253F,4.8,0.073750816,0.036209211,,,
2028,Y253F,4.9,0.071342869,0.036670248,,,
2029,Y253F,5,0.069054153,0.037123115,,,
2030,Y253F,5.1,0.0668769,0.037568079,,,
2031,Y253F,5.2,0.064803961,0.038005397,,,
2032,Y253F,5.3,0.062828746,0.038435313,,,
2033,Y253F,5.4,0.060945177,0.038858063,,,
2034,Y253F,5.5,0.059147637,0.03927387,,,
2035,Y253F,5.6,0.057430933,0.039682948,,,
2036,Y253F,5.7,0.055790257,0.040085501,,,
2037,Y253F,5.8,0.054221151,0.040481725,,,
2038,Y253F,5.9,0.052719481,0.040871809,,,
2039,Y253F,6,0.051281404,0.041255932,,,
2040,Y253F,6.1,0.049903348,0.041634266,,,
2041,Y253F,6.2,0.048581989,0.042006978,,,
2042,Y253F,6.3,0.047314229,0.042374225,,,
2043,Y253F,6.4,0.046097178,0.04273616,,,
2044,Y253F,6.5,0.04492814,0.04309293,,,
2045,Y253F,6.6,0.043804596,0.043444674,,,
2046,Y253F,6.7,0.042724189,0.043791528,,,
2047,Y253F,6.8,0.041684714,0.044133622,,,
2048,Y253F,6.9,0.040684104,0.044471081,,,
2049,Y253F,7,0.039720424,0.044804024,,,
2050,Y253F,7.1,0.038791856,0.045132569,,,
2051,Y253F,7.2,0.037896693,0.045456825,,,
2052,Y253F,7.3,0.037033331,0.045776902,,,
2053,Y253F,7.4,0.036200263,0.046092901,,,
2054,Y253F,7.5,0.035396068,0.046404924,,,
2055,Y253F,7.6,0.034619409,0.046713066,,,
2056,Y253F,7.7,0.033869027,0.047017421,,,
2057,Y253F,7.8,0.033143733,0.047318078,,,
2058,Y253F,7.9,0.032442404,0.047615124,,,
2059,Y253F,8,0.031763982,0.047908643,,,
2060,Y253F,8.1,0.031107464,0.048198715,,,
2061,Y253F,8.2,0.030471905,0.048485419,,,
2062,Y253F,8.3,0.029856408,0.048768831,,,
2063,Y253F,8.4,0.029260124,0.049049023,,,
2064,Y253F,8.5,0.028682251,0.049326066,,,
2065,Y253F,8.6,0.028122026,0.04960003,,,
2066,Y253F,8.7,0.027578726,0.049870981,,,
2067,Y253F,8.8,0.027051666,0.050138982,,,
2068,Y253F,8.9,0.026540195,0.050404096,,,
2069,Y253F,9,0.026043694,0.050666384,,,
2070,Y253F,9.1,0.025561574,0.050925904,,,
2071,Y253F,9.2,0.025093278,0.051182712,,,
2072,Y253F,9.3,0.024638272,0.051436865,,,
2073,Y253F,9.4,0.02419605,0.051688415,,,
2074,Y253F,9.5,0.02376613,0.051937414,,,
2075,Y253F,9.6,0.023348051,0.052183913,,,
2076,Y253F,9.7,0.022941376,0.052427961,,,
2077,Y253F,9.8,0.022545686,0.052669605,,,
2078,Y253F,9.9,0.022160583,0.052908891,,,
2079,Y253F,10,0.021785685,0.053145864,,,
2080,Y253H,0.2,0.999615201,5.35E-06,,,
2081,Y253H,0.3,0.998911808,1.51E-05,,,
2082,Y253H,0.4,0.997726312,3.16E-05,,,
2083,Y253H,0.5,0.99597654,5.60E-05,,,
2084,Y253H,0.6,0.993592256,8.93E-05,,,
2085,Y253H,0.7,0.990513302,0.000132389,,,
2086,Y253H,0.8,0.986688766,0.00018612,,,
2087,Y253H,0.9,0.982076626,0.000251194,,,
2088,Y253H,1,0.97664363,0.000328242,,,
2089,Y253H,1.1,0.970365267,0.000417815,,,
2090,Y253H,1.2,0.96322576,0.000520381,,,
2091,Y253H,1.3,0.955218015,0.000636329,,,
2092,Y253H,1.4,0.946343511,0.000765967,,,
2093,Y253H,1.5,0.936612086,0.000909529,,,
2094,Y253H,1.6,0.926041628,0.001067168,,,
2095,Y253H,1.7,0.914657651,0.001238964,,,
2096,Y253H,1.8,0.90249277,0.001424925,,,
2097,Y253H,1.9,0.889586072,0.001624986,,,
2098,Y253H,2,0.875982406,0.001839018,,,
2099,Y253H,2.1,0.861731602,0.002066825,,,
2100,Y253H,2.2,0.846887639,0.002308156,,,
2101,Y253H,2.3,0.831507786,0.002562703,,,
2102,Y253H,2.4,0.81565173,0.002830109,,,
2103,Y253H,2.5,0.799380719,0.003109972,,,
2104,Y253H,2.6,0.782756732,0.003401852,,,
2105,Y253H,2.7,0.765841695,0.003705275,,,
2106,Y253H,2.8,0.748696763,0.004019739,,,
2107,Y253H,2.9,0.731381663,0.00434472,,,
2108,Y253H,3,0.713954123,0.004679675,,,
2109,Y253H,3.1,0.696469383,0.005024048,,,
2110,Y253H,3.2,0.678979794,0.005377277,,,
2111,Y253H,3.3,0.661534491,0.005738794,,,
2112,Y253H,3.4,0.644179162,0.006108033,,,
2113,Y253H,3.5,0.626955885,0.006484432,,,
2114,Y253H,3.6,0.609903037,0.006867435,,,
2115,Y253H,3.7,0.593055265,0.007256496,,,
2116,Y253H,3.8,0.576443519,0.007651082,,,
2117,Y253H,3.9,0.560095123,0.008050676,,,
2118,Y253H,4,0.544033894,0.008454774,,,
2119,Y253H,4.1,0.528280291,0.008862893,,,
2120,Y253H,4.2,0.512851583,0.009274567,,,
2121,Y253H,4.3,0.497762043,0.009689349,,,
2122,Y253H,4.4,0.483023154,0.010106815,,,
2123,Y253H,4.5,0.468643812,0.010526559,,,
2124,Y253H,4.6,0.454630544,0.010948197,,,
2125,Y253H,4.7,0.44098772,0.011371365,,,
2126,Y253H,4.8,0.427717757,0.011795719,,,
2127,Y253H,4.9,0.414821324,0.012220936,,,
2128,Y253H,5,0.402297529,0.012646713,,,
2129,Y253H,5.1,0.390144106,0.013072765,,,
2130,Y253H,5.2,0.378357581,0.013498827,,,
2131,Y253H,5.3,0.366933436,0.01392465,,,
2132,Y253H,5.4,0.355866255,0.014350004,,,
2133,Y253H,5.5,0.345149858,0.014774675,,,
2134,Y253H,5.6,0.334777426,0.015198463,,,
2135,Y253H,5.7,0.324741615,0.015621187,,,
2136,Y253H,5.8,0.315034653,0.016042676,,,
2137,Y253H,5.9,0.305648436,0.016462774,,,
2138,Y253H,6,0.29657461,0.01688134,,,
2139,Y253H,6.1,0.287804636,0.017298241,,,
2140,Y253H,6.2,0.279329862,0.01771336,,,
2141,Y253H,6.3,0.271141574,0.018126586,,,
2142,Y253H,6.4,0.263231047,0.018537821,,,
2143,Y253H,6.5,0.255589586,0.018946976,,,
2144,Y253H,6.6,0.248208564,0.019353971,,,
2145,Y253H,6.7,0.24107945,0.019758732,,,
2146,Y253H,6.8,0.234193838,0.020161196,,,
2147,Y253H,6.9,0.22754347,0.020561305,,,
2148,Y253H,7,0.221120251,0.020959008,,,
2149,Y253H,7.1,0.214916262,0.021354261,,,
2150,Y253H,7.2,0.208923778,0.021747025,,,
2151,Y253H,7.3,0.203135274,0.022137266,,,
2152,Y253H,7.4,0.197543428,0.022524956,,,
2153,Y253H,7.5,0.192141131,0.022910071,,,
2154,Y253H,7.6,0.186921487,0.023292592,,,
2155,Y253H,7.7,0.181877817,0.023672502,,,
2156,Y253H,7.8,0.177003655,0.02404979,,,
2157,Y253H,7.9,0.172292751,0.024424447,,,
2158,Y253H,8,0.167739066,0.024796468,,,
2159,Y253H,8.1,0.163336772,0.025165849,,,
2160,Y253H,8.2,0.159080246,0.02553259,,,
2161,Y253H,8.3,0.154964069,0.025896695,,,
2162,Y253H,8.4,0.150983016,0.026258166,,,
2163,Y253H,8.5,0.14713206,0.02661701,,,
2164,Y253H,8.6,0.143406358,0.026973236,,,
2165,Y253H,8.7,0.139801252,0.027326854,,,
2166,Y253H,8.8,0.136312262,0.027677875,,,
2167,Y253H,8.9,0.132935078,0.028026311,,,
2168,Y253H,9,0.129665557,0.028372178,,,
2169,Y253H,9.1,0.126499717,0.028715489,,,
2170,Y253H,9.2,0.123433734,0.029056262,,,
2171,Y253H,9.3,0.120463929,0.029394513,,,
2172,Y253H,9.4,0.117586773,0.02973026,,,
2173,Y253H,9.5,0.114798872,0.030063523,,,
2174,Y253H,9.6,0.112096968,0.030394319,,,
2175,Y253H,9.7,0.109477932,0.030722671,,,
2176,Y253H,9.8,0.106938758,0.031048597,,,
2177,Y253H,9.9,0.104476562,0.031372118,,,
2178,Y253H,10,0.102088572,0.031693257,,,
2179,M244V,10,0.001080667,0.094863571,,,
2180,M244V,5,0.003835,0.077272026,,,
2181,M244V,2.5,0.005406667,0.072501702,,,
2182,M244V,1.2,0.006758333,0.069402486,,,
2183,M244V,0.6,0.027556667,0.049882094,,,
2184,M244V,0.3,0.228666667,0.020492916,,,
2185,M244V,0.15625,0.507166667,0.009429383,,,
2186,M244V,0.078125,0.7405,0.004172634,,,
2187,M244V,0.0390625,0.879166667,0.001788622,,,
2188,M244V,0.01953125,0.798833333,0.003119485,,,