,species,Hill.Slope.12conc,IC50.12conc,RSS.12conc,Hill.Slope.3conc,IC50.3conc,RSS.3conc
3,E255V,-5.437383454,5.757401385,0.044563076,-0.636252719,6.339644548,0.009874392
20,Wt,-1.844001142,0.183912095,0.011896537,-4.98E-08,0.20772059,0.485732663
6,E459K,-2.8029156,0.338069874,0.023529516,-3.33E-07,0.383346828,0.401671259
9,F359I,-1.845455297,0.351427098,0.015570976,-1.15E-07,0.39534396,0.262258988
14,H396R,-1.054421036,0.499780859,0.011545384,-6.02E-06,0.506756757,0.077559366
19,V299L_H,-2.376701124,0.160279152,0.02556273,-3.75E-09,0.166046238,0.505489414
4,E355A,-3.4678661,0.42905546,0.008677301,-1.70E-11,0.455776173,0.372278025
18,T315I,-1.837285152,5.036921569,0.216435616,-0.535613228,9.380393244,0.000492054
22,Y253H,-2.667435471,4.377395397,0.035024061,-3.456508738,2.617605805,0.003777943
13,H396P_maxi,-2.538951156,1.760213343,0.018788688,-1.734502908,2.099349827,1.38E-06
11,F486S_maxi,-3.402677311,1.551644449,0.017974573,-2.871252346,1.578615854,0.000946579
2,E255K,-2.823014704,1.203285124,0.103176426,-2.192295019,1.275702587,0.001585011
21,Y253F,-1.894903062,1.159421033,0.076438621,-1.721675822,1.200612807,0.000369693
12,G250E,-1.523602268,1.363386031,0.027918848,-1.765532247,1.196710983,0.012832711
17,Q252H_maxi,-2.897434195,0.999678177,0.027213459,-2.836900745,0.988396779,0.006947252
15,L248V,-2.325280766,0.789210805,0.01070808,-2.168653896,0.819406748,0.001443671
8,F359C,-3.406140758,0.770260495,0.091793736,-3.302475782,0.774618766,4.95E-12
10,F359V,-3.46796116,0.545823568,0.10280751,-3.343196327,0.550892693,0.000731077
16,M351T,-2.987212781,0.529192473,0.031689355,-3.132229104,0.532233405,0.000508027
5,E355G_maxi,-2.233822439,0.474242374,0.008042316,-2.451613185,0.484973994,6.11E-05
7,F317L,-2.456801829,0.445971542,0.035268089,-2.445659204,0.454019561,0.002538847
1,D276G_maxi,-1.618707819,0.231249983,0.014517282,-3.350073705,0.287676759,0.000159668