,mutant,experiment,Spike_in_freq,duration,netgr_obs,drug_effect_obs,conc,y_model,drug_effect,netgr_pred,,
1,T315I,M4,5000,d0d3,NA,NA,0.8,0.816264824,0.002819673,0.052180327,,
2,T315I,M5,1000,d0d3,NA,NA,0.8,0.816264824,0.002819673,0.052180327,,
3,T315I,M3,1000,d0d3,0.061655692,-0.006655692,0.8,0.816264824,0.002819673,0.052180327,,
4,T315I,Enu_4,1000,d3d6,0.05375515,0.00124485,0.8,0.816264824,0.002819673,0.052180327,,
5,T315I,M3,1000,d3d6,0.055653211,-0.000653211,0.8,0.816264824,0.002819673,0.052180327,,
6,T315I,M4,5000,d3d6,0.057760782,-0.002760782,0.8,0.816264824,0.002819673,0.052180327,,
7,T315I,Enu_4,1000,d0d3,0.058068802,-0.003068802,0.8,0.816264824,0.002819673,0.052180327,,
8,T315I,M7,1000,d0d3,NA,NA,0.8,0.816264824,0.002819673,0.052180327,,a
9,T315I,M7,1000,d3d6,0.051202387,0.003797613,0.8,0.816264824,0.002819673,0.052180327,,
10,T315I,M7,1000,d0d6,NA,NA,0.8,0.816264824,0.002819673,0.052180327,,
11,T315I,M6,5000,d0d3,0.064429871,-0.009429871,0.8,0.816264824,0.002819673,0.052180327,,
12,T315I,Enu_3,1000,d3d6,0.06481275,-0.00981275,0.8,0.816264824,0.002819673,0.052180327,,
13,T315I,Enu_3,1000,d0d6,NA,NA,0.8,0.816264824,0.002819673,0.052180327,,
14,T315I,Enu_4,1000,d0d6,0.055911976,-0.000911976,0.8,0.816264824,0.002819673,0.052180327,,
15,T315I,M3,1000,d0d6,0.058654452,-0.003654452,0.8,0.816264824,0.002819673,0.052180327,,
16,T315I,M5,1000,d3d6,0.04316337,0.01183663,0.8,0.816264824,0.002819673,0.052180327,,
17,T315I,M6,5000,d3d6,0.056440523,-0.001440523,0.8,0.816264824,0.002819673,0.052180327,,
18,T315I,M6,5000,d0d6,0.060435197,-0.005435197,0.8,0.816264824,0.002819673,0.052180327,,
19,T315I,M4,5000,d0d6,NA,NA,0.8,0.816264824,0.002819673,0.052180327,,
20,T315I,M5,1000,d0d6,NA,NA,0.8,0.816264824,0.002819673,0.052180327,,
21,T315I,Enu_3,1000,d0d3,NA,NA,0.8,0.816264824,0.002819673,0.052180327,,
22,Y253H,M3,1000,d0d3,0.069132212,-0.014132212,0.8,0.986688766,0.00018612,0.05481388,,
23,Y253H,M4,5000,d0d3,NA,NA,0.8,0.986688766,0.00018612,0.05481388,,
24,Y253H,Enu_4,1000,d0d3,0.050266513,0.004733487,0.8,0.986688766,0.00018612,0.05481388,,
25,Y253H,Enu_4,1000,d3d6,0.047806052,0.007193948,0.8,0.986688766,0.00018612,0.05481388,,
26,Y253H,M5,1000,d0d3,NA,NA,0.8,0.986688766,0.00018612,0.05481388,,
27,Y253H,Enu_3,1000,d0d3,NA,NA,0.8,0.986688766,0.00018612,0.05481388,,
28,Y253H,Enu_3,1000,d3d6,0.058394731,-0.003394731,0.8,0.986688766,0.00018612,0.05481388,,
29,Y253H,M3,1000,d3d6,0.056695358,-0.001695358,0.8,0.986688766,0.00018612,0.05481388,,
30,Y253H,M7,1000,d0d6,NA,NA,0.8,0.986688766,0.00018612,0.05481388,,
31,Y253H,M4,5000,d3d6,0.055552722,-0.000552722,0.8,0.986688766,0.00018612,0.05481388,,
32,Y253H,M6,5000,d0d3,0.070689834,-0.015689834,0.8,0.986688766,0.00018612,0.05481388,,
33,Y253H,M7,1000,d3d6,0.053940236,0.001059764,0.8,0.986688766,0.00018612,0.05481388,,
34,Y253H,Enu_4,1000,d0d6,0.049036283,0.005963717,0.8,0.986688766,0.00018612,0.05481388,,
35,Y253H,M6,5000,d3d6,0.05778074,-0.00278074,0.8,0.986688766,0.00018612,0.05481388,,
36,Y253H,M3,1000,d0d6,0.062913785,-0.007913785,0.8,0.986688766,0.00018612,0.05481388,,
37,Y253H,Enu_3,1000,d0d6,NA,NA,0.8,0.986688766,0.00018612,0.05481388,,
38,Y253H,M6,5000,d0d6,0.064235287,-0.009235287,0.8,0.986688766,0.00018612,0.05481388,,
39,Y253H,M5,1000,d0d6,NA,NA,0.8,0.986688766,0.00018612,0.05481388,,
40,Y253H,M5,1000,d3d6,0.042686555,0.012313445,0.8,0.986688766,0.00018612,0.05481388,,
41,Y253H,M7,1000,d0d3,NA,NA,0.8,0.986688766,0.00018612,0.05481388,,
42,Y253H,M4,5000,d0d6,NA,NA,0.8,0.986688766,0.00018612,0.05481388,,
43,E255V,M5,1000,d0d3,NA,NA,0.8,0.999945387,7.59E-07,0.054999241,,
44,E255V,M4,5000,d0d3,NA,NA,0.8,0.999945387,7.59E-07,0.054999241,,
45,E255V,M6,5000,d0d3,0.081338786,-0.026338786,0.8,0.999945387,7.59E-07,0.054999241,,
46,E255V,M5,1000,d3d6,0.042058599,0.012941401,0.8,0.999945387,7.59E-07,0.054999241,,
47,E255V,M7,1000,d3d6,0.05215374,0.00284626,0.8,0.999945387,7.59E-07,0.054999241,,
48,E255V,M4,5000,d3d6,0.05756136,-0.00256136,0.8,0.999945387,7.59E-07,0.054999241,,
49,E255V,M3,1000,d0d6,0.059949521,-0.004949521,0.8,0.999945387,7.59E-07,0.054999241,,
50,E255V,M7,1000,d0d3,NA,NA,0.8,0.999945387,7.59E-07,0.054999241,,
51,E255V,M3,1000,d0d3,0.062630031,-0.007630031,0.8,0.999945387,7.59E-07,0.054999241,,
52,E255V,M7,1000,d0d6,NA,NA,0.8,0.999945387,7.59E-07,0.054999241,,
53,E255V,M4,5000,d0d6,NA,NA,0.8,0.999945387,7.59E-07,0.054999241,,
54,E255V,M6,5000,d3d6,0.056596805,-0.001596805,0.8,0.999945387,7.59E-07,0.054999241,,
55,E255V,M3,1000,d3d6,0.057269012,-0.002269012,0.8,0.999945387,7.59E-07,0.054999241,,
56,E255V,M6,5000,d0d6,0.068967795,-0.013967795,0.8,0.999945387,7.59E-07,0.054999241,,
57,E255V,M5,1000,d0d6,NA,NA,0.8,0.999945387,7.59E-07,0.054999241,,
58,M351T,M5,1000,d0d3,NA,NA,0.8,0.226295906,0.020637664,0.034362336,,
59,M351T,M4,5000,d0d3,NA,NA,0.8,0.226295906,0.020637664,0.034362336,,
60,M351T,M6,5000,d0d3,0.071115143,-0.016115143,0.8,0.226295906,0.020637664,0.034362336,,
61,M351T,M7,1000,d0d3,NA,NA,0.8,0.226295906,0.020637664,0.034362336,,
62,M351T,M7,1000,d3d6,0.048565239,0.006434761,0.8,0.226295906,0.020637664,0.034362336,,
63,M351T,M4,5000,d3d6,0.051780576,0.003219424,0.8,0.226295906,0.020637664,0.034362336,,
64,M351T,M5,1000,d3d6,0.041380962,0.013619038,0.8,0.226295906,0.020637664,0.034362336,,
65,M351T,M3,1000,d0d3,0.050981239,0.004018761,0.8,0.226295906,0.020637664,0.034362336,,
66,M351T,M3,1000,d3d6,0.055059678,-5.97E-05,0.8,0.226295906,0.020637664,0.034362336,,
67,M351T,M3,1000,d0d6,0.053020459,0.001979541,0.8,0.226295906,0.020637664,0.034362336,,
68,M351T,M6,5000,d3d6,0.050463839,0.004536161,0.8,0.226295906,0.020637664,0.034362336,,
69,M351T,M5,1000,d0d6,NA,NA,0.8,0.226295906,0.020637664,0.034362336,,
70,M351T,M6,5000,d0d6,0.060789491,-0.005789491,0.8,0.226295906,0.020637664,0.034362336,,
71,M351T,M7,1000,d0d6,NA,NA,0.8,0.226295906,0.020637664,0.034362336,,
72,M351T,M4,5000,d0d6,NA,NA,0.8,0.226295906,0.020637664,0.034362336,,
73,G250E,M3,1000,d3d6,0.051719608,0.003280392,0.8,0.692002206,0.005113419,0.049886581,,
74,G250E,M4,5000,d0d3,NA,NA,0.8,0.692002206,0.005113419,0.049886581,,
75,G250E,M5,1000,d0d3,NA,NA,0.8,0.692002206,0.005113419,0.049886581,,
76,G250E,M3,1000,d0d3,0.058362137,-0.003362137,0.8,0.692002206,0.005113419,0.049886581,,
77,G250E,Enu_4,1000,d3d6,0.048193949,0.006806051,0.8,0.692002206,0.005113419,0.049886581,,
78,G250E,Enu_4,1000,d0d6,0.047710393,0.007289607,0.8,0.692002206,0.005113419,0.049886581,,
79,G250E,M3,1000,d0d6,0.055040872,-4.09E-05,0.8,0.692002206,0.005113419,0.049886581,,
80,G250E,M4,5000,d3d6,0.050143349,0.004856651,0.8,0.692002206,0.005113419,0.049886581,,
81,G250E,M5,1000,d3d6,0.037595017,0.017404983,0.8,0.692002206,0.005113419,0.049886581,,
82,G250E,M6,5000,d0d3,0.078123071,-0.023123071,0.8,0.692002206,0.005113419,0.049886581,,
83,G250E,M7,1000,d0d3,NA,NA,0.8,0.692002206,0.005113419,0.049886581,,
84,G250E,M7,1000,d3d6,0.047109753,0.007890247,0.8,0.692002206,0.005113419,0.049886581,,
85,G250E,M7,1000,d0d6,NA,NA,0.8,0.692002206,0.005113419,0.049886581,,
86,G250E,M4,5000,d0d6,NA,NA,0.8,0.692002206,0.005113419,0.049886581,,
87,G250E,Enu_3,1000,d0d3,NA,NA,0.8,0.692002206,0.005113419,0.049886581,,
88,G250E,Enu_3,1000,d3d6,0.060523569,-0.005523569,0.8,0.692002206,0.005113419,0.049886581,,
89,G250E,Enu_4,1000,d0d3,0.047226837,0.007773163,0.8,0.692002206,0.005113419,0.049886581,,
90,G250E,Enu_3,1000,d0d6,NA,NA,0.8,0.692002206,0.005113419,0.049886581,,
91,G250E,M5,1000,d0d6,NA,NA,0.8,0.692002206,0.005113419,0.049886581,,
92,G250E,M6,5000,d3d6,0.051148523,0.003851477,0.8,0.692002206,0.005113419,0.049886581,,
93,G250E,M6,5000,d0d6,0.064635797,-0.009635797,0.8,0.692002206,0.005113419,0.049886581,,
94,H396P,M3,1000,d0d3,0.051379663,0.003620337,0.8,0.863296198,0.002041631,0.052958369,,
95,H396P,M7,1000,d0d3,NA,NA,0.8,0.863296198,0.002041631,0.052958369,,
96,H396P,M7,1000,d3d6,0.036178219,0.018821781,0.8,0.863296198,0.002041631,0.052958369,,
97,H396P,M7,1000,d0d6,NA,NA,0.8,0.863296198,0.002041631,0.052958369,,
98,H396P,M6,5000,d0d3,0.067194372,-0.012194372,0.8,0.863296198,0.002041631,0.052958369,,
99,H396P,Enu_4,1000,d0d6,0.033411847,0.021588153,0.8,0.863296198,0.002041631,0.052958369,,
100,H396P,M3,1000,d3d6,0.048724323,0.006275677,0.8,0.863296198,0.002041631,0.052958369,,
101,H396P,M4,5000,d0d3,NA,NA,0.8,0.863296198,0.002041631,0.052958369,,
102,H396P,Enu_4,1000,d3d6,0.032465362,0.022534638,0.8,0.863296198,0.002041631,0.052958369,,
103,H396P,M5,1000,d0d3,NA,NA,0.8,0.863296198,0.002041631,0.052958369,,
104,H396P,M6,5000,d3d6,0.04079049,0.01420951,0.8,0.863296198,0.002041631,0.052958369,,
105,H396P,M6,5000,d0d6,0.053992431,0.001007569,0.8,0.863296198,0.002041631,0.052958369,,
106,H396P,Enu_4,1000,d0d3,0.034358333,0.020641667,0.8,0.863296198,0.002041631,0.052958369,,
107,H396P,Enu_3,1000,d0d3,NA,NA,0.8,0.863296198,0.002041631,0.052958369,,
108,H396P,Enu_3,1000,d3d6,0.042181291,0.012818709,0.8,0.863296198,0.002041631,0.052958369,,
109,H396P,Enu_3,1000,d0d6,NA,NA,0.8,0.863296198,0.002041631,0.052958369,,
110,H396P,M3,1000,d0d6,0.050051993,0.004948007,0.8,0.863296198,0.002041631,0.052958369,,
111,H396P,M4,5000,d3d6,0.037897824,0.017102176,0.8,0.863296198,0.002041631,0.052958369,,
112,H396P,M4,5000,d0d6,NA,NA,0.8,0.863296198,0.002041631,0.052958369,,
113,H396P,M5,1000,d3d6,0.031839698,0.023160302,0.8,0.863296198,0.002041631,0.052958369,,
114,H396P,M5,1000,d0d6,NA,NA,0.8,0.863296198,0.002041631,0.052958369,,
115,L248V,M5,1000,d0d3,NA,NA,0.8,0.492190093,0.009845698,0.045154302,,
116,L248V,M6,5000,d0d3,0.064252414,-0.009252414,0.8,0.492190093,0.009845698,0.045154302,,
117,L248V,M7,1000,d0d3,NA,NA,0.8,0.492190093,0.009845698,0.045154302,,
118,L248V,M4,5000,d0d3,NA,NA,0.8,0.492190093,0.009845698,0.045154302,,
119,L248V,M3,1000,d3d6,0.039640627,0.015359373,0.8,0.492190093,0.009845698,0.045154302,,
120,L248V,M4,5000,d3d6,0.030968619,0.024031381,0.8,0.492190093,0.009845698,0.045154302,,
121,L248V,M5,1000,d3d6,0.028148528,0.026851472,0.8,0.492190093,0.009845698,0.045154302,,
122,L248V,M6,5000,d3d6,0.030228835,0.024771165,0.8,0.492190093,0.009845698,0.045154302,,
123,L248V,M7,1000,d3d6,0.026919292,0.028080708,0.8,0.492190093,0.009845698,0.045154302,,
124,L248V,M7,1000,d0d6,NA,NA,0.8,0.492190093,0.009845698,0.045154302,,
125,L248V,Enu_3,1000,d0d3,NA,NA,0.8,0.492190093,0.009845698,0.045154302,,
126,L248V,Enu_4,1000,d0d3,0.040163001,0.014836999,0.8,0.492190093,0.009845698,0.045154302,,
127,L248V,M3,1000,d0d3,0.045835981,0.009164019,0.8,0.492190093,0.009845698,0.045154302,,
128,L248V,Enu_4,1000,d0d6,0.036896611,0.018103389,0.8,0.492190093,0.009845698,0.045154302,,
129,L248V,M3,1000,d0d6,0.042738304,0.012261696,0.8,0.492190093,0.009845698,0.045154302,,
130,L248V,M4,5000,d0d6,NA,NA,0.8,0.492190093,0.009845698,0.045154302,,
131,L248V,M5,1000,d0d6,NA,NA,0.8,0.492190093,0.009845698,0.045154302,,
132,L248V,M6,5000,d0d6,0.047240625,0.007759375,0.8,0.492190093,0.009845698,0.045154302,,
133,L248V,Enu_3,1000,d0d6,NA,NA,0.8,0.492190093,0.009845698,0.045154302,,
134,L248V,Enu_3,1000,d3d6,0.047162369,0.007837631,0.8,0.492190093,0.009845698,0.045154302,,
135,L248V,Enu_4,1000,d3d6,0.033630221,0.021369779,0.8,0.492190093,0.009845698,0.045154302,,
136,H396R,M6,5000,d0d3,0.039894116,0.015105884,0.8,0.378026797,0.013510975,0.041489025,,
137,H396R,M5,1000,d0d3,NA,NA,0.8,0.378026797,0.013510975,0.041489025,,
138,H396R,M4,5000,d3d6,0.036577174,0.018422826,0.8,0.378026797,0.013510975,0.041489025,,
139,H396R,M7,1000,d0d3,NA,NA,0.8,0.378026797,0.013510975,0.041489025,,
140,H396R,M7,1000,d3d6,0.044199946,0.010800054,0.8,0.378026797,0.013510975,0.041489025,,
141,H396R,M4,5000,d0d3,NA,NA,0.8,0.378026797,0.013510975,0.041489025,,
142,H396R,M7,1000,d0d6,NA,NA,0.8,0.378026797,0.013510975,0.041489025,,
143,H396R,M5,1000,d3d6,0.032347365,0.022652635,0.8,0.378026797,0.013510975,0.041489025,,
144,H396R,M6,5000,d3d6,0.041723355,0.013276645,0.8,0.378026797,0.013510975,0.041489025,,
145,H396R,M6,5000,d0d6,0.040808736,0.014191264,0.8,0.378026797,0.013510975,0.041489025,,
146,H396R,M3,1000,d3d6,0.042719864,0.012280136,0.8,0.378026797,0.013510975,0.041489025,,
147,H396R,M3,1000,d0d6,0.040080896,0.014919104,0.8,0.378026797,0.013510975,0.041489025,,
148,H396R,M4,5000,d0d6,NA,NA,0.8,0.378026797,0.013510975,0.041489025,,
149,H396R,M3,1000,d0d3,0.037441928,0.017558072,0.8,0.378026797,0.013510975,0.041489025,,
150,H396R,M5,1000,d0d6,NA,NA,0.8,0.378026797,0.013510975,0.041489025,,
151,Y253F,M7,1000,d3d6,0.035539722,0.019460278,0.8,0.640995317,0.006176849,0.048823151,,
152,Y253F,M7,1000,d0d6,NA,NA,0.8,0.640995317,0.006176849,0.048823151,,
153,Y253F,M5,1000,d0d3,NA,NA,0.8,0.640995317,0.006176849,0.048823151,,
154,Y253F,M3,1000,d0d3,0.032550336,0.022449664,0.8,0.640995317,0.006176849,0.048823151,,
155,Y253F,M4,5000,d0d3,NA,NA,0.8,0.640995317,0.006176849,0.048823151,,
156,Y253F,M3,1000,d3d6,0.046938345,0.008061655,0.8,0.640995317,0.006176849,0.048823151,,
157,Y253F,M7,1000,d0d3,NA,NA,0.8,0.640995317,0.006176849,0.048823151,,
158,Y253F,M6,5000,d3d6,0.038205152,0.016794848,0.8,0.640995317,0.006176849,0.048823151,,
159,Y253F,M6,5000,d0d6,0.049663436,0.005336564,0.8,0.640995317,0.006176849,0.048823151,,
160,Y253F,M4,5000,d0d6,NA,NA,0.8,0.640995317,0.006176849,0.048823151,,
161,Y253F,M4,5000,d3d6,0.033618375,0.021381625,0.8,0.640995317,0.006176849,0.048823151,,
162,Y253F,M6,5000,d0d3,0.06112172,-0.00612172,0.8,0.640995317,0.006176849,0.048823151,,
163,Y253F,M5,1000,d0d6,NA,NA,0.8,0.640995317,0.006176849,0.048823151,,
164,Y253F,M3,1000,d0d6,0.03974434,0.01525566,0.8,0.640995317,0.006176849,0.048823151,,
165,Y253F,M5,1000,d3d6,0.029919644,0.025080356,0.8,0.640995317,0.006176849,0.048823151,,
166,Q252H,M4,5000,d0d3,NA,NA,0.8,0.659330831,0.005785137,0.049214863,,
167,Q252H,M3,1000,d3d6,0.035031039,0.019968961,0.8,0.659330831,0.005785137,0.049214863,,
168,Q252H,M3,1000,d0d3,0.03539176,0.01960824,0.8,0.659330831,0.005785137,0.049214863,,
169,Q252H,M7,1000,d3d6,0.026188302,0.028811698,0.8,0.659330831,0.005785137,0.049214863,,
170,Q252H,M5,1000,d0d3,NA,NA,0.8,0.659330831,0.005785137,0.049214863,,
171,Q252H,M6,5000,d0d3,0.038080795,0.016919205,0.8,0.659330831,0.005785137,0.049214863,,
172,Q252H,M7,1000,d0d3,NA,NA,0.8,0.659330831,0.005785137,0.049214863,,
173,Q252H,Enu_4,1000,d3d6,NA,NA,0.8,0.659330831,0.005785137,0.049214863,,
174,Q252H,M7,1000,d0d6,NA,NA,0.8,0.659330831,0.005785137,0.049214863,,
175,Q252H,M4,5000,d3d6,0.018332128,0.036667872,0.8,0.659330831,0.005785137,0.049214863,,
176,Q252H,Enu_4,1000,d0d3,NA,NA,0.8,0.659330831,0.005785137,0.049214863,,
177,Q252H,M6,5000,d3d6,0.022207146,0.032792854,0.8,0.659330831,0.005785137,0.049214863,,
178,Q252H,Enu_4,1000,d0d6,NA,NA,0.8,0.659330831,0.005785137,0.049214863,,
179,Q252H,M5,1000,d3d6,0.019565413,0.035434587,0.8,0.659330831,0.005785137,0.049214863,,
180,Q252H,M4,5000,d0d6,NA,NA,0.8,0.659330831,0.005785137,0.049214863,,
181,Q252H,M6,5000,d0d6,0.03014397,0.02485603,0.8,0.659330831,0.005785137,0.049214863,,
182,Q252H,M3,1000,d0d6,0.0352114,0.0197886,0.8,0.659330831,0.005785137,0.049214863,,
183,Q252H,M5,1000,d0d6,NA,NA,0.8,0.659330831,0.005785137,0.049214863,,
184,E255K,M5,1000,d0d3,NA,NA,0.8,0.760926439,0.003794703,0.051205297,,
185,E255K,M4,5000,d0d3,NA,NA,0.8,0.760926439,0.003794703,0.051205297,,
186,E255K,M6,5000,d0d3,0.045208417,0.009791583,0.8,0.760926439,0.003794703,0.051205297,,
187,E255K,M3,1000,d0d3,0.045094428,0.009905572,0.8,0.760926439,0.003794703,0.051205297,,
188,E255K,M4,5000,d3d6,0.031099431,0.023900569,0.8,0.760926439,0.003794703,0.051205297,,
189,E255K,M7,1000,d0d6,NA,NA,0.8,0.760926439,0.003794703,0.051205297,,
190,E255K,M5,1000,d3d6,0.018454113,0.036545887,0.8,0.760926439,0.003794703,0.051205297,,
191,E255K,M6,5000,d3d6,0.022361299,0.032638701,0.8,0.760926439,0.003794703,0.051205297,,
192,E255K,M7,1000,d3d6,0.027317524,0.027682476,0.8,0.760926439,0.003794703,0.051205297,,
193,E255K,M3,1000,d0d6,0.039287701,0.015712299,0.8,0.760926439,0.003794703,0.051205297,,
194,E255K,M6,5000,d0d6,0.033784858,0.021215142,0.8,0.760926439,0.003794703,0.051205297,,
195,E255K,M4,5000,d0d6,NA,NA,0.8,0.760926439,0.003794703,0.051205297,,
196,E255K,M3,1000,d3d6,0.033480974,0.021519026,0.8,0.760926439,0.003794703,0.051205297,,
197,E255K,M7,1000,d0d3,NA,NA,0.8,0.760926439,0.003794703,0.051205297,,
198,E255K,M5,1000,d0d6,NA,NA,0.8,0.760926439,0.003794703,0.051205297,,
199,F317L,Enu_4,1000,d0d3,-0.008463624,0.063463624,0.8,0.192507106,0.022883642,0.032116358,,
200,F317L,M3,1000,d0d3,0.031538161,0.023461839,0.8,0.192507106,0.022883642,0.032116358,,
201,F317L,Enu_3,1000,d0d3,NA,NA,0.8,0.192507106,0.022883642,0.032116358,,
202,F317L,Enu_3,1000,d3d6,NA,NA,0.8,0.192507106,0.022883642,0.032116358,,
203,F317L,Enu_3,1000,d0d6,NA,NA,0.8,0.192507106,0.022883642,0.032116358,,
204,F317L,Enu_4,1000,d3d6,NA,NA,0.8,0.192507106,0.022883642,0.032116358,,
205,F317L,M3,1000,d3d6,0.030804189,0.024195811,0.8,0.192507106,0.022883642,0.032116358,,
206,F317L,M4,5000,d0d3,NA,NA,0.8,0.192507106,0.022883642,0.032116358,,
207,F317L,M5,1000,d0d3,NA,NA,0.8,0.192507106,0.022883642,0.032116358,,
208,F317L,M6,5000,d0d3,0.038492556,0.016507444,0.8,0.192507106,0.022883642,0.032116358,,
209,F317L,M7,1000,d0d6,NA,NA,0.8,0.192507106,0.022883642,0.032116358,,
210,F317L,M7,1000,d3d6,0.017546659,0.037453341,0.8,0.192507106,0.022883642,0.032116358,,
211,F317L,M3,1000,d0d6,0.031171175,0.023828825,0.8,0.192507106,0.022883642,0.032116358,,
212,F317L,M4,5000,d3d6,0.014074054,0.040925946,0.8,0.192507106,0.022883642,0.032116358,,
213,F317L,M5,1000,d3d6,0.015769754,0.039230246,0.8,0.192507106,0.022883642,0.032116358,,
214,F317L,Enu_4,1000,d0d6,NA,NA,0.8,0.192507106,0.022883642,0.032116358,,
215,F317L,M6,5000,d0d6,0.027271288,0.027728712,0.8,0.192507106,0.022883642,0.032116358,,
216,F317L,M7,1000,d0d3,NA,NA,0.8,0.192507106,0.022883642,0.032116358,,
217,F317L,M6,5000,d3d6,0.01605002,0.03894998,0.8,0.192507106,0.022883642,0.032116358,,
218,F317L,M5,1000,d0d6,NA,NA,0.8,0.192507106,0.022883642,0.032116358,,
219,F317L,M4,5000,d0d6,NA,NA,0.8,0.192507106,0.022883642,0.032116358,,
220,F359L,M3,1000,d0d6,NA,NA,NA,NA,NA,NA,,
221,F359L,M3,1000,d3d6,NA,NA,NA,NA,NA,NA,,
222,F359L,M3,1000,d0d3,-0.003137469,0.058137469,NA,NA,NA,NA,,
223,F359L,M4,5000,d0d3,NA,NA,NA,NA,NA,NA,,
224,F359L,M5,1000,d0d3,NA,NA,NA,NA,NA,NA,,
225,F359L,M6,5000,d0d3,NA,NA,NA,NA,NA,NA,,
226,F359L,M7,1000,d0d3,NA,NA,NA,NA,NA,NA,,
227,F359L,M7,1000,d0d6,NA,NA,NA,NA,NA,NA,,
228,F359L,M4,5000,d3d6,NA,NA,NA,NA,NA,NA,,
229,F359L,M5,1000,d3d6,NA,NA,NA,NA,NA,NA,,
230,F359L,M4,5000,d0d6,NA,NA,NA,NA,NA,NA,,
231,F359L,M6,5000,d0d6,NA,NA,NA,NA,NA,NA,,
232,F359L,M5,1000,d0d6,NA,NA,NA,NA,NA,NA,,
233,F359L,M7,1000,d3d6,NA,NA,NA,NA,NA,NA,,
234,F359L,M6,5000,d3d6,NA,NA,NA,NA,NA,NA,,
235,F359V,M3,1000,d0d3,0.03487491,0.02012509,0.8,0.210522229,0.021641167,0.033358833,,
236,F359V,Enu_3,1000,d3d6,NA,NA,0.8,0.210522229,0.021641167,0.033358833,,
237,F359V,M4,5000,d0d3,NA,NA,0.8,0.210522229,0.021641167,0.033358833,,
238,F359V,Enu_4,1000,d0d3,0.000472901,0.054527099,0.8,0.210522229,0.021641167,0.033358833,,
239,F359V,M6,5000,d0d3,NA,NA,0.8,0.210522229,0.021641167,0.033358833,,
240,F359V,Enu_4,1000,d3d6,-0.002350098,0.057350098,0.8,0.210522229,0.021641167,0.033358833,,
241,F359V,Enu_3,1000,d0d3,NA,NA,0.8,0.210522229,0.021641167,0.033358833,,
242,F359V,M5,1000,d0d3,NA,NA,0.8,0.210522229,0.021641167,0.033358833,,
243,F359V,M4,5000,d3d6,0.031926165,0.023073835,0.8,0.210522229,0.021641167,0.033358833,,
244,F359V,M7,1000,d0d3,NA,NA,0.8,0.210522229,0.021641167,0.033358833,,
245,F359V,M3,1000,d3d6,0.028451269,0.026548731,0.8,0.210522229,0.021641167,0.033358833,,
246,F359V,Enu_4,1000,d0d6,-0.000938598,0.055938598,0.8,0.210522229,0.021641167,0.033358833,,
247,F359V,M7,1000,d0d6,NA,NA,0.8,0.210522229,0.021641167,0.033358833,,
248,F359V,M5,1000,d3d6,0.012149502,0.042850498,0.8,0.210522229,0.021641167,0.033358833,,
249,F359V,Enu_3,1000,d0d6,NA,NA,0.8,0.210522229,0.021641167,0.033358833,,
250,F359V,M7,1000,d3d6,0.024508797,0.030491203,0.8,0.210522229,0.021641167,0.033358833,,
251,F359V,M6,5000,d0d6,NA,NA,0.8,0.210522229,0.021641167,0.033358833,,
252,F359V,M3,1000,d0d6,0.031663089,0.023336911,0.8,0.210522229,0.021641167,0.033358833,,
253,F359V,M6,5000,d3d6,0.029772963,0.025227037,0.8,0.210522229,0.021641167,0.033358833,,
254,F359V,M5,1000,d0d6,NA,NA,0.8,0.210522229,0.021641167,0.033358833,,
255,F359V,M4,5000,d0d6,NA,NA,0.8,0.210522229,0.021641167,0.033358833,,
256,F359I,M6,5000,d0d3,0.034928609,0.020071391,0.8,0.179960362,0.023819704,0.031180296,,
257,F359I,M5,1000,d3d6,-0.001311777,0.056311777,0.8,0.179960362,0.023819704,0.031180296,,
258,F359I,M7,1000,d0d6,NA,NA,0.8,0.179960362,0.023819704,0.031180296,,
259,F359I,M5,1000,d0d3,NA,NA,0.8,0.179960362,0.023819704,0.031180296,,
260,F359I,M4,5000,d3d6,0.018540537,0.036459463,0.8,0.179960362,0.023819704,0.031180296,,
261,F359I,M7,1000,d0d3,NA,NA,0.8,0.179960362,0.023819704,0.031180296,,
262,F359I,M7,1000,d3d6,0.013317675,0.041682325,0.8,0.179960362,0.023819704,0.031180296,,
263,F359I,M6,5000,d0d6,0.017623011,0.037376989,0.8,0.179960362,0.023819704,0.031180296,,
264,F359I,M4,5000,d0d3,NA,NA,0.8,0.179960362,0.023819704,0.031180296,,
265,F359I,M4,5000,d0d6,NA,NA,0.8,0.179960362,0.023819704,0.031180296,,
266,F359I,M6,5000,d3d6,0.000317413,0.054682587,0.8,0.179960362,0.023819704,0.031180296,,
267,F359I,M5,1000,d0d6,NA,NA,0.8,0.179960362,0.023819704,0.031180296,,
268,F359I,M3,1000,d0d3,0.022948723,0.032051277,0.8,0.179960362,0.023819704,0.031180296,,
269,F359I,M3,1000,d0d6,0.02531134,0.02968866,0.8,0.179960362,0.023819704,0.031180296,,
270,F359I,M3,1000,d3d6,0.027673957,0.027326043,0.8,0.179960362,0.023819704,0.031180296,,
271,E355G,M4,5000,d0d3,NA,NA,0.8,0.236838179,0.020005252,0.034994748,,
272,E355G,Enu_4,1000,d0d3,0.010333421,0.044666579,0.8,0.236838179,0.020005252,0.034994748,,
273,E355G,M3,1000,d0d3,0.01852803,0.03647197,0.8,0.236838179,0.020005252,0.034994748,,
274,E355G,Enu_3,1000,d0d6,NA,NA,0.8,0.236838179,0.020005252,0.034994748,,
275,E355G,M5,1000,d0d3,NA,NA,0.8,0.236838179,0.020005252,0.034994748,,
276,E355G,Enu_3,1000,d3d6,NA,NA,0.8,0.236838179,0.020005252,0.034994748,,
277,E355G,Enu_4,1000,d3d6,NA,NA,0.8,0.236838179,0.020005252,0.034994748,,
278,E355G,M7,1000,d0d3,NA,NA,0.8,0.236838179,0.020005252,0.034994748,,
279,E355G,M3,1000,d3d6,0.026790277,0.028209723,0.8,0.236838179,0.020005252,0.034994748,,
280,E355G,Enu_3,1000,d0d3,NA,NA,0.8,0.236838179,0.020005252,0.034994748,,
281,E355G,M6,5000,d0d3,0.013875791,0.041124209,0.8,0.236838179,0.020005252,0.034994748,,
282,E355G,M5,1000,d3d6,0.003784049,0.051215951,0.8,0.236838179,0.020005252,0.034994748,,
283,E355G,M7,1000,d3d6,-0.006299057,0.061299057,0.8,0.236838179,0.020005252,0.034994748,,
284,E355G,M4,5000,d3d6,0.012891658,0.042108342,0.8,0.236838179,0.020005252,0.034994748,,
285,E355G,M3,1000,d0d6,0.022659154,0.032340846,0.8,0.236838179,0.020005252,0.034994748,,
286,E355G,M6,5000,d3d6,0.011827886,0.043172114,0.8,0.236838179,0.020005252,0.034994748,,
287,E355G,Enu_4,1000,d0d6,NA,NA,0.8,0.236838179,0.020005252,0.034994748,,
288,E355G,M7,1000,d0d6,NA,NA,0.8,0.236838179,0.020005252,0.034994748,,
289,E355G,M4,5000,d0d6,NA,NA,0.8,0.236838179,0.020005252,0.034994748,,
290,E355G,M6,5000,d0d6,0.012851839,0.042148161,0.8,0.236838179,0.020005252,0.034994748,,
291,E355G,M5,1000,d0d6,NA,NA,0.8,0.236838179,0.020005252,0.034994748,,
292,E355A,M7,1000,d0d3,NA,NA,0.8,0.108102475,0.030898273,0.024101727,,
293,E355A,M6,5000,d0d3,0.037364719,0.017635281,0.8,0.108102475,0.030898273,0.024101727,,
294,E355A,M7,1000,d0d6,NA,NA,0.8,0.108102475,0.030898273,0.024101727,,
295,E355A,M5,1000,d0d3,NA,NA,0.8,0.108102475,0.030898273,0.024101727,,
296,E355A,M6,5000,d3d6,NA,NA,0.8,0.108102475,0.030898273,0.024101727,,
297,E355A,M6,5000,d0d6,NA,NA,0.8,0.108102475,0.030898273,0.024101727,,
298,E355A,M4,5000,d0d3,NA,NA,0.8,0.108102475,0.030898273,0.024101727,,
299,E355A,M5,1000,d3d6,0.000184063,0.054815937,0.8,0.108102475,0.030898273,0.024101727,,
300,E355A,M7,1000,d3d6,NA,NA,0.8,0.108102475,0.030898273,0.024101727,,
301,E355A,M3,1000,d0d3,0.03493774,0.02006226,0.8,0.108102475,0.030898273,0.024101727,,
302,E355A,M4,5000,d3d6,0.000739117,0.054260883,0.8,0.108102475,0.030898273,0.024101727,,
303,E355A,M5,1000,d0d6,NA,NA,0.8,0.108102475,0.030898273,0.024101727,,
304,E355A,M3,1000,d3d6,0.012731599,0.042268401,0.8,0.108102475,0.030898273,0.024101727,,
305,E355A,M4,5000,d0d6,NA,NA,0.8,0.108102475,0.030898273,0.024101727,,
306,E355A,M3,1000,d0d6,0.023834669,0.031165331,0.8,0.108102475,0.030898273,0.024101727,,
307,E459K,M4,5000,d3d6,0.011992626,0.043007374,0.8,0.081756512,0.034777914,0.020222086,,
308,E459K,M5,1000,d0d3,NA,NA,0.8,0.081756512,0.034777914,0.020222086,,
309,E459K,M4,5000,d0d3,NA,NA,0.8,0.081756512,0.034777914,0.020222086,,
310,E459K,M6,5000,d3d6,-0.007213044,0.062213044,0.8,0.081756512,0.034777914,0.020222086,,
311,E459K,M6,5000,d0d3,0.043097757,0.011902243,0.8,0.081756512,0.034777914,0.020222086,,
312,E459K,M5,1000,d3d6,0.015421749,0.039578251,0.8,0.081756512,0.034777914,0.020222086,,
313,E459K,M7,1000,d3d6,0.024414945,0.030585055,0.8,0.081756512,0.034777914,0.020222086,,
314,E459K,M3,1000,d0d3,0.023279385,0.031720615,0.8,0.081756512,0.034777914,0.020222086,,
315,E459K,M3,1000,d0d6,0.015600681,0.039399319,0.8,0.081756512,0.034777914,0.020222086,,
316,E459K,M4,5000,d0d6,NA,NA,0.8,0.081756512,0.034777914,0.020222086,,
317,E459K,M5,1000,d0d6,NA,NA,0.8,0.081756512,0.034777914,0.020222086,,
318,E459K,M3,1000,d3d6,0.007921977,0.047078023,0.8,0.081756512,0.034777914,0.020222086,,
319,E459K,M7,1000,d0d6,NA,NA,0.8,0.081756512,0.034777914,0.020222086,,
320,E459K,M7,1000,d0d3,NA,NA,0.8,0.081756512,0.034777914,0.020222086,,
321,E459K,M6,5000,d0d6,0.017942356,0.037057644,0.8,0.081756512,0.034777914,0.020222086,,
322,Y320C,M3,1000,d3d6,0.044171597,0.010828403,NA,NA,NA,NA,,
323,Y320C,M3,1000,d0d3,NA,NA,NA,NA,NA,NA,,
324,Y320C,M4,5000,d0d3,NA,NA,NA,NA,NA,NA,,
325,Y320C,M5,1000,d0d3,NA,NA,NA,NA,NA,NA,,
326,Y320C,M6,5000,d0d3,NA,NA,NA,NA,NA,NA,,
327,Y320C,M3,1000,d0d6,NA,NA,NA,NA,NA,NA,,
328,Y320C,M4,5000,d0d6,NA,NA,NA,NA,NA,NA,,
329,Y320C,M4,5000,d3d6,NA,NA,NA,NA,NA,NA,,
330,Y320C,M5,1000,d3d6,NA,NA,NA,NA,NA,NA,,
331,Y320C,M6,5000,d3d6,0.029430423,0.025569577,NA,NA,NA,NA,,
332,Y320C,M7,1000,d0d3,NA,NA,NA,NA,NA,NA,,
333,Y320C,M6,5000,d0d6,NA,NA,NA,NA,NA,NA,,
334,Y320C,M7,1000,d3d6,NA,NA,NA,NA,NA,NA,,
335,Y320C,M7,1000,d0d6,NA,NA,NA,NA,NA,NA,,
336,Y320C,M5,1000,d0d6,NA,NA,NA,NA,NA,NA,,
337,D276G,Enu_4,1000,d0d3,NA,NA,0.8,0.121652384,0.029258161,0.025741839,,
338,D276G,Enu_4,1000,d3d6,NA,NA,0.8,0.121652384,0.029258161,0.025741839,,
339,D276G,M3,1000,d0d3,0.017715257,0.037284743,0.8,0.121652384,0.029258161,0.025741839,,
340,D276G,Enu_4,1000,d0d6,NA,NA,0.8,0.121652384,0.029258161,0.025741839,,
341,D276G,M3,1000,d0d6,NA,NA,0.8,0.121652384,0.029258161,0.025741839,,
342,D276G,M3,1000,d3d6,NA,NA,0.8,0.121652384,0.029258161,0.025741839,,
343,F311L,Enu_3,1000,d0d6,NA,NA,NA,NA,NA,NA,,
344,F311L,Enu_3,1000,d3d6,NA,NA,NA,NA,NA,NA,,
345,F311L,Enu_3,1000,d0d3,NA,NA,NA,NA,NA,NA,,
346,F311L,Enu_4,1000,d0d3,0.020271029,0.034728971,NA,NA,NA,NA,,
347,F311L,Enu_4,1000,d0d6,0.024501566,0.030498434,NA,NA,NA,NA,,
348,F311L,Enu_4,1000,d3d6,0.028732103,0.026267897,NA,NA,NA,NA,,
349,F359C,Enu_3,1000,d0d3,NA,NA,0.8,0.468769235,0.010522843,0.044477157,,
350,F359C,Enu_3,1000,d3d6,NA,NA,0.8,0.468769235,0.010522843,0.044477157,,
351,F359C,Enu_3,1000,d0d6,NA,NA,0.8,0.468769235,0.010522843,0.044477157,,
352,F359C,Enu_4,1000,d0d6,NA,NA,0.8,0.468769235,0.010522843,0.044477157,,
353,F359C,Enu_4,1000,d3d6,NA,NA,0.8,0.468769235,0.010522843,0.044477157,,
354,F359C,Enu_4,1000,d0d3,0.003079149,0.051920851,0.8,0.468769235,0.010522843,0.044477157,,
355,A397P,Enu_4,1000,d0d3,0.010637348,0.044362652,NA,NA,NA,NA,,
356,A397P,Enu_4,1000,d3d6,NA,NA,NA,NA,NA,NA,,
357,A397P,Enu_3,1000,d0d6,NA,NA,NA,NA,NA,NA,,
358,A397P,Enu_3,1000,d0d3,NA,NA,NA,NA,NA,NA,,
359,A397P,Enu_4,1000,d0d6,NA,NA,NA,NA,NA,NA,,
360,A397P,Enu_3,1000,d3d6,NA,NA,NA,NA,NA,NA,,