"protein_start","alt_aa","species_enabler","Overrepresented_grp","species_enabler_allele.Frequency","species_enabled","Highest_resistant_dose"
273,"R","L273L","",6.25092201099662e-07,"L273R","916nM"
255,"T","E255K","",6.19558725493355e-07,"E255T","916nM"
273,"P","L273L","",6.25092201099662e-07,"L273P","916nM"
250,"S","G250R, G250W","",2.10637960429801e-06,"G250S","916nM"
255,"L","E255Q","",6.19558725493355e-07,"E255L","916nM"
315,"M","T315T","",9.2939048713073e-07,"T315M","916nM"
255,"Y","E255D","",6.19558725493355e-07,"E255Y","760nM"
320,"G","Y320C","European - non fin",1.56947551845352e-05,"Y320G","760nM"
255,"N","E255K, E255D","",6.19558725493355e-07,"E255N","760nM"
250,"C","G250W","",2.10637960429801e-06,"G250C","760nM"
459,"R","E459K, E459Q","",2.27154644403859e-06,"E459R","444nM"
258,"M","E258K","European - non fin",1.17740084425837e-05,"E258M","760nM"
275,"R","E275K","",6.19603255643346e-07,"E275R","760nM"
418,"R","I418L","",6.19508828620317e-07,"I418R","444nM"
255,"M","E255K","",6.19558725493355e-07,"E255M","444nM"
450,"Y","E450D","",6.19488104589416e-07,"E450Y","444nM"
298,"I","L298L","European - non fin",1.2392310818983e-06,"L298I","444nM"
450,"H","E450D","",6.19488104589416e-07,"E450H","444nM"
248,"I","L248L","East Asian",1.23909442023392e-06,"L248I","444nM"
319,"V","T319I","",3.40747587816849e-06,"T319V","444nM"
486,"P","F486L","",6.19491942268307e-07,"F486P","444nM"
459,"N","E459K","",2.27154644403859e-06,"E459N","444nM"
279,"P","E279Q","",6.19522645411258e-07,"E279P","444nM"
247,"W","K247R","European - non fin",0.00308017499755296,"K247W","444nM"
453,"R","E453G, E453Q","",3.7171082384748e-06,"E453R","444nM"
453,"H","E453Q","",3.7171082384748e-06,"E453H","444nM"
418,"P","I418L","",6.19508828620317e-07,"I418P","444nM"
263,"M","K263K","",1.24036392277494e-06,"K263M","444nM"
250,"Q","G250E","",2.10637960429801e-06,"G250Q","444nM"
446,"W","S446C","",6.19498082653434e-07,"S446W","444nM"
297,"R","N297S","",1.85889269479956e-06,"N297R","444nM"
418,"H","I418L","",6.19508828620317e-07,"I418H","444nM"
459,"H","E459Q","",2.27154644403859e-06,"E459H","444nM"
279,"R","E279Q","",6.19522645411258e-07,"E279R","444nM"
255,"R","E255K, E255Q","",6.19558725493355e-07,"E255R","444nM"
453,"W","E453G","",3.7171082384748e-06,"E453W","444nM"
459,"M","E459K","",2.27154644403859e-06,"E459M","444nM"
486,"H","F486L","",6.19491942268307e-07,"F486H","444nM"
296,"Y","P296H","",6.1954183642113e-07,"P296Y","444nM"
324,"I","L324L","",1.23912052181843e-06,"L324I","444nM"
255,"H","E255Q, E255D","",6.19558725493355e-07,"E255H","444nM"
372,"K","G372E, G372R","",6.19515481072357e-07,"G372K","444nM"
279,"H","E279Q","",6.19522645411258e-07,"E279H","444nM"
459,"T","E459K","",2.27154644403859e-06,"E459T","444nM"
414,"R","N414K","",6.19512154828478e-07,"N414R","444nM"
267,"V","T267A, T267M","",1.18114054246262e-05,"T267V","444nM"
252,"G","Q252R","",6.19524948269667e-07,"Q252G","444nM"
453,"L","E453Q","",3.7171082384748e-06,"E453L","444nM"
319,"M","T319I","",3.40747587816849e-06,"T319M","444nM"
441,"V","P441L","South Asian",9.60267834187146e-06,"P441V","444nM"
243,"F","T243I, T243S","",8.26028146909106e-07,"T243F","444nM"
373,"H","E373D","European - non fin",9.60272593510416e-06,"E373H","444nM"
260,"T","V260M","European - non fin",4.64873247660293e-06,"V260T","444nM"
450,"N","E450D","",6.19488104589416e-07,"E450N","Sensitive"
364,"M","L364L","",6.19518807351954e-07,"L364M","444nM"
429,"Y","L429F","",6.19511898965043e-07,"L429Y","444nM"
258,"T","E258K","European - non fin",1.17740084425837e-05,"E258T","444nM"
396,"S","H396R","",6.19510363788876e-07,"H396S","Sensitive"
441,"M","P441L","South Asian",9.60267834187146e-06,"P441M","444nM"
296,"Q","P296H","",6.1954183642113e-07,"P296Q","444nM"
307,"K","R307R, R307Q","",1.86218352191045e-06,"R307K","444nM"
485,"I","S485T","",6.19529554037846e-07,"S485I","444nM"
455,"K","D455E","",6.19489639655266e-07,"D455K","Sensitive"
273,"Q","L273L","",6.25092201099662e-07,"L273Q","444nM"
246,"G","H246D","European - non fin",1.85850000464625e-06,"H246G","444nM"
392,"F","T392I","",9.2927821102793e-07,"T392F","Sensitive"
460,"Y","R460H, R460C","American",1.11519741472457e-05,"R460Y","444nM"
275,"T","E275K","",6.19603255643346e-07,"E275T","444nM"
296,"N","P296H","",6.1954183642113e-07,"P296N","444nM"
344,"L","A344V","",6.19514969340204e-07,"A344L","Sensitive"
473,"K","R473Q, R473R","Afr/Afr American",0.000170166858517409,"R473K","Sensitive"
372,"T","G372R","",6.19515481072357e-07,"G372T","Sensitive"
490,"C","H490Y","",9.29260940189049e-07,"H490C","Sensitive"
343,"A","M343V","American",1.03253262493335e-06,"M343A","444nM"
320,"K","Y320N","",1.56947551845352e-05,"Y320K","444nM"
456,"R","Y456C","European - non fin",3.40721412544247e-06,"Y456R","444nM"
344,"I","A344T, A344V","",6.19514969340204e-07,"A344I","Sensitive"
280,"I","V280V","South Asian",1.23903377668027e-06,"V280I","444nM"
459,"P","E459Q","",2.27154644403859e-06,"E459P","444nM"
460,"W","R460C","Afr/Afr American",1.11519741472457e-05,"R460W","Sensitive"
288,"K","A288T","South Asian",1.85851151812513e-06,"A288K","444nM"
414,"L","N414I","",6.19512154828478e-07,"N414L","Sensitive"
373,"R","E373G","European - non fin",9.60272593510416e-06,"E373R","Sensitive"
469,"W","Y469C","",1.23902328620364e-06,"Y469W","Sensitive"
480,"N","P480T","",2.78784154156486e-06,"P480N","Sensitive"
250,"T","G250R","",2.10637960429801e-06,"G250T","444nM"
333,"A","Q333P","",6.19497315098636e-07,"Q333A","444nM"
343,"W","M343L","European - non fin",1.03253262493335e-06,"M343W","Sensitive"
463,"H","E463D","",4.6464169620239e-06,"G463H","Sensitive"
340,"I","L340L","European - non fin",3.71695165360984e-06,"L340I","Sensitive"
420,"N","S420T","European - non fin",1.08419888544355e-05,"S420N","Sensitive"
455,"Q","D455E","",6.19489639655266e-07,"D455Q","Sensitive"
451,"F","L451L","European - non fin",3.09744819827633e-06,"L451F","Sensitive"
482,"P","D482H","",6.1950460694601e-07,"D482P","Sensitive"
511,"T","G511R","South Asian",1.85887426574467e-06,"G511T","Sensitive"
373,"Y","E373D","European - non fin",9.60272593510416e-06,"E373Y","Sensitive"
331,"C","N331S","Afr/Afr American",6.19530129763683e-05,"N331C","Sensitive"
473,"A","R473G","Afr/Afr American",0.000170166858517409,"R473A","Sensitive"
329,"H","E329D","Middle Eastern",2.47795241835766e-06,"E329H","Sensitive"
481,"R","S481P","",9.292344594829e-07,"S481R","Sensitive"
459,"L","E459Q","",2.27154644403859e-06,"E459L","Sensitive"
243,"V","T243I","",8.26028146909106e-07,"T243V","Sensitive"
506,"D","V506V","",6.19614773103266e-07,"V506D","Sensitive"
258,"N","E258K","European - non fin",1.17740084425837e-05,"E258N","Sensitive"
457,"N","R457H","European - non fin",1.85847122157313e-06,"R457N","Sensitive"
319,"L","T319I","",3.40747587816849e-06,"T319L","Sensitive"
329,"N","E329D","",2.47795241835766e-06,"E329N","Sensitive"
296,"D","P296H","",6.1954183642113e-07,"P296D","Sensitive"
492,"N","A492T","Afr/Afr American",5.88559639677593e-06,"A492N","Sensitive"
510,"I","L510L","",6.19614005259284e-07,"L510I","Sensitive"
480,"C","P480S","",2.78784154156486e-06,"P480C","Sensitive"
394,"V","T394I, T394A","",6.19523796838322e-07,"T394V","Sensitive"
351,"A","M351V","European - non fin",3.09767079937254e-06,"M351A","Sensitive"
501,"K","S501N","",1.23905603754835e-06,"S501K","Sensitive"
319,"F","T319I","",3.40747587816849e-06,"T319F","Sensitive"
511,"K","G511R","South Asian",1.85887426574467e-06,"G511K","Sensitive"
447,"M","Q447K","",6.19513050352162e-07,"Q447M","Sensitive"
407,"I","A407V","",6.19487337059343e-07,"A407I","Sensitive"
482,"R","D482H","",6.1950460694601e-07,"D482R","Sensitive"
451,"I","L451L","European - non fin",3.09744819827633e-06,"L451I","Sensitive"
460,"D","R460H","American",1.11519741472457e-05,"R460D","Sensitive"
505,"N","E505K","",9.29430222096646e-07,"E505N","Sensitive"
267,"I","T267M, T267T","South Asian",1.18114054246262e-05,"T267I","Sensitive"
485,"L","S485S","",6.19529554037846e-07,"S485L","Sensitive"
432,"G","I432V","European - non fin",1.23900691118055e-06,"I432G","Sensitive"
463,"Y","E463D","",4.6464169620239e-06,"G463Y","Sensitive"
422,"S","V422I","American",2.89119046006275e-06,"V422S","Sensitive"
343,"S","M343L","",1.03253262493335e-06,"M343S","Sensitive"
447,"T","Q447K","",6.19513050352162e-07,"Q447T","Sensitive"
372,"S","G372R","",6.19515481072357e-07,"G372S","Sensitive"
414,"F","N414I","",6.19512154828478e-07,"N414F","Sensitive"
503,"G","S503A","",6.19554119291428e-07,"S503G","Sensitive"
338,"W","V338G","",6.19524180648295e-07,"V338W","Sensitive"
466,"R","E466Q","European - non fin",9.29241367347697e-07,"E466R","Sensitive"
331,"E","N331D","European - non fin",6.19530129763683e-05,"N331E","Sensitive"
487,"I","A487V","",6.19499233989197e-07,"A487I","Sensitive"
331,"V","N331D, N331I","European - non fin",6.19530129763683e-05,"N331V","Sensitive"
373,"N","E373D","European - non fin",9.60272593510416e-06,"E373N","Sensitive"
343,"F","M343L","European - non fin",1.03253262493335e-06,"M343F","Sensitive"
469,"Q","Y469H","",1.23902328620364e-06,"Y469Q","Sensitive"
511,"M","G511R","South Asian",1.85887426574467e-06,"G511M","Sensitive"
258,"R","E258K","European - non fin",1.17740084425837e-05,"E258R","Sensitive"
488,"Y","E488D","Afr/Afr American",1.85852418311667e-06,"E488Y","Sensitive"
482,"Q","D482H","",6.1950460694601e-07,"D482Q","Sensitive"
448,"F","V448V","European - non fin",2.8909027008878e-06,"V448F","Sensitive"
331,"R","N331S","Afr/Afr American",6.19530129763683e-05,"N331R","Sensitive"
473,"H","R473Q","Afr/Afr American",0.000170166858517409,"R473H","Sensitive"
460,"Q","R460H","American",1.11519741472457e-05,"R460Q","Sensitive"
474,"D","A474A","South Asian",9.49988083845122e-06,"A474D","Sensitive"
379,"M","V379V","South Asian",5.70006740949284e-05,"V379M","Sensitive"
460,"F","R460C","Afr/Afr American",1.11519741472457e-05,"R460F","Sensitive"
394,"M","T394I","",6.19523796838322e-07,"T394M","Sensitive"
279,"L","E279Q","",6.19522645411258e-07,"E279L","Sensitive"
485,"N","S485T","",6.19529554037846e-07,"S485N","Sensitive"
412,"I","A412V","",6.19518039745799e-07,"A412I","Sensitive"
506,"F","V506V","",6.19614773103266e-07,"V506F","Sensitive"
275,"M","E275K","",6.19603255643346e-07,"E275M","Sensitive"
260,"F","V260V","European - non fin",4.64873247660293e-06,"V260F","Sensitive"
469,"G","Y469C","",1.23902328620364e-06,"Y469G","Sensitive"
463,"N","E463D","",4.6464169620239e-06,"G463N","Sensitive"
456,"G","Y456C","European - non fin",3.40721412544247e-06,"Y456G","Sensitive"
480,"I","P480T, P480L","",2.78784154156486e-06,"P480I","Sensitive"
349,"W","S349S","",6.19528018774177e-07,"S349W","Sensitive"
503,"V","S503A","",6.19554119291428e-07,"S503V","Sensitive"
447,"N","Q447K","",6.19513050352162e-07,"Q447N","Sensitive"
466,"P","E466Q","European - non fin",9.29241367347697e-07,"E466P","Sensitive"
432,"A","I432V","European - non fin",1.23900691118055e-06,"I432A","Sensitive"
331,"F","N331I","European - non fin",6.19530129763683e-05,"N331F","Sensitive"
481,"L","S481P","",9.292344594829e-07,"S481L","Sensitive"
329,"Y","E329D","Middle Eastern",2.47795241835766e-06,"E329Y","Sensitive"
473,"S","R473R","",0.000170166858517409,"R473S","Sensitive"
260,"K","V260M","European - non fin",4.64873247660293e-06,"V260K","Sensitive"
473,"E","R473Q, R473G","Afr/Afr American",0.000170166858517409,"R473E","Sensitive"
332,"E","R332Q","Afr/Afr American",7.18641638443462e-06,"R332E","Sensitive"
448,"I","V448V, V448M","European - non fin",2.8909027008878e-06,"V448I","Sensitive"
297,"G","N297S","",1.85889269479956e-06,"N297G","Sensitive"
396,"G","H396R","",6.19510363788876e-07,"H396G","Sensitive"
260,"D","V260V","European - non fin",4.64873247660293e-06,"V260D","Sensitive"
377,"T","V377A","",1.03250917074645e-06,"V377T","Sensitive"
351,"E","M351V","European - non fin",3.09767079937254e-06,"M351E","Sensitive"
492,"I","A492T","Afr/Afr American",5.88559639677593e-06,"A492I","Sensitive"
307,"C","R307W","European - non fin",1.86218352191045e-06,"R307C","Sensitive"
475,"A","C475S","",8.26039405383794e-07,"C475A","Sensitive"
372,"Q","G372E","",6.19515481072357e-07,"G372Q","Sensitive"
442,"L","G442V","",6.19491174728725e-07,"G442L","Sensitive"
322,"A","N322D","American",8.26004266312036e-07,"N322A","Sensitive"
250,"K","G250E, G250R","",2.10637960429801e-06,"G250K","Sensitive"
474,"R","A474G","",9.49988083845122e-06,"A474R","Sensitive"
376,"E","L376V","",6.1950806103889e-07,"L376E","Sensitive"
397,"E","A397A","South Asian",1.23902610070432e-06,"A397E","Sensitive"
438,"L","S438S","",1.85857829911587e-06,"S438L","Sensitive"
392,"V","T392I","",9.2927821102793e-07,"T392V","Sensitive"
412,"L","A412V","",6.19518039745799e-07,"A412L","Sensitive"
387,"I","L387L","",6.1955565468446e-07,"L387I","Sensitive"
250,"M","G250V, G250R","",2.10637960429801e-06,"G250M","Sensitive"
487,"L","A487V","",6.19499233989197e-07,"A487L","Sensitive"
413,"L","Y413F","European - non fin",6.19490407191045e-06,"Y413L","Sensitive"
488,"N","E488D","Afr/Afr American",1.85852418311667e-06,"E488N","Sensitive"
505,"T","E505K","",9.29430222096646e-07,"E505T","Sensitive"
488,"H","E488D","Afr/Afr American",1.85852418311667e-06,"E488H","Sensitive"
343,"G","M343V","American",1.03253262493335e-06,"M343G","Sensitive"
489,"A","I489V","",6.19520342569969e-07,"I489A","Sensitive"
409,"N","E409K","",6.19537998124039e-07,"E409N","Sensitive"
480,"V","P480L","East Asian",2.78784154156486e-06,"P480V","Sensitive"
446,"L","S446P","",6.19498082653434e-07,"S446L","Sensitive"
429,"S","L429F","",6.19511898965043e-07,"L429S","Sensitive"
487,"F","A487V","",6.19499233989197e-07,"A487F","Sensitive"
414,"M","N414K, N414I","",6.19512154828478e-07,"N414M","Sensitive"
341,"I","L341L","",9.29245396982926e-07,"L341I","Sensitive"
344,"F","A344V","",6.19514969340204e-07,"A344F","Sensitive"
466,"H","E466Q","European - non fin",9.29241367347697e-07,"E466H","Sensitive"
331,"M","N331I","European - non fin",6.19530129763683e-05,"N331M","Sensitive"
243,"L","T243I","",8.26028146909106e-07,"T243L","Sensitive"
422,"T","V422I","American",2.89119046006275e-06,"V422T","Sensitive"
332,"T","R332P, R332R","",7.18641638443462e-06,"R332T","Sensitive"
343,"Q","M343L","",1.03253262493335e-06,"M343Q","Sensitive"
475,"T","C475S","",8.26039405383794e-07,"C475T","Sensitive"
481,"H","S481P","",9.292344594829e-07,"S481H","Sensitive"
505,"I","E505K","",9.29430222096646e-07,"E505I","Sensitive"
322,"Q","N322K","",8.26004266312036e-07,"N322Q","Sensitive"
429,"C","L429F","",6.19511898965043e-07,"L429C","Sensitive"
260,"I","V260M, V260V","European - non fin",4.64873247660293e-06,"V260I","Sensitive"
482,"L","D482H","",6.1950460694601e-07,"D482L","Sensitive"
506,"I","V506V","",6.19614773103266e-07,"V506I","Sensitive"
344,"N","A344T","",6.19514969340204e-07,"A344N","Sensitive"
480,"F","P480S, P480L","",2.78784154156486e-06,"P480F","Sensitive"
332,"K","R332R, R332Q","",7.18641638443462e-06,"R332K","Sensitive"
275,"N","E275K","",6.19603255643346e-07,"E275N","Sensitive"
334,"M","E334V","",6.19518039745799e-07,"E334M","Sensitive"
270,"I","V270M","",6.23092946151684e-07,"V270I","Sensitive"
320,"W","Y320C","European - non fin",1.56947551845352e-05,"Y320W","Sensitive"
332,"H","R332Q","Afr/Afr American",7.18641638443462e-06,"R332H","Sensitive"
331,"P","N331T","Afr/Afr American",6.19530129763683e-05,"N331P","Sensitive"
451,"H","L451L","European - non fin",3.09744819827633e-06,"L451H","Sensitive"
406,"C","T406S","",6.1951752800942e-07,"T406C","Sensitive"
477,"G","Q477R","South Asian",1.23901765724063e-06,"Q477G","Sensitive"
472,"S","M472L, M472T","",6.19518999253789e-07,"M472S","Sensitive"
412,"F","A412V","",6.19518039745799e-07,"A412F","Sensitive"
294,"M","K294K","",6.19511898965043e-07,"K294M","Sensitive"
373,"W","E373G","European - non fin",9.60272593510416e-06,"E373W","Sensitive"
341,"H","L341L","",9.29245396982926e-07,"L341H","Sensitive"
394,"L","T394I","",6.19523796838322e-07,"T394L","Sensitive"
398,"D","G398G","",6.19564867202466e-07,"G398D","Sensitive"
307,"M","R307R","",1.86218352191045e-06,"R307M","Sensitive"
297,"C","N297S","",1.85889269479956e-06,"N297C","Sensitive"
467,"I","K467K","American",3.71702994439323e-06,"K467I","Sensitive"
330,"H","C330R","",6.19554119291428e-07,"C330H","Sensitive"
456,"W","Y456C","European - non fin",3.40721412544247e-06,"Y456W","Sensitive"
473,"I","R473R","",0.000170166858517409,"R473I","Sensitive"
331,"L","N331I","European - non fin",6.19530129763683e-05,"N331L","Sensitive"
446,"G","S446C","",6.19498082653434e-07,"S446G","Sensitive"
501,"H","S501N","",1.23905603754835e-06,"S501H","Sensitive"
480,"Y","P480S","",2.78784154156486e-06,"P480Y","Sensitive"
446,"H","S446P","",6.19498082653434e-07,"S446H","Sensitive"
434,"L","T434I","European - non fin",1.8585944193844e-06,"T434L","Sensitive"
490,"F","H490Y","",9.29260940189049e-07,"H490F","Sensitive"
247,"S","K247R","European - non fin",0.00308017499755296,"K247S","Sensitive"
304,"M","V304I","European - non fin",1.86343274125864e-06,"V304M","Sensitive"
437,"N","M437I","",6.19485034480537e-07,"M437N","Sensitive"
438,"W","S438S","",1.85857829911587e-06,"S438W","Sensitive"
333,"T","Q333P","",6.19497315098636e-07,"Q333T","Sensitive"
270,"W","V270L","",6.23092946151684e-07,"V270W","Sensitive"
478,"P","W478R","European - non fin",4.33655105421556e-06,"W478P","Sensitive"
472,"Q","M472L","",6.19518999253789e-07,"M472Q","Sensitive"
460,"N","R460H","American",1.11519741472457e-05,"R460N","Sensitive"
341,"F","L341L","",9.29245396982926e-07,"L341F","Sensitive"
478,"Q","W478R","European - non fin",4.33655105421556e-06,"W478Q","Sensitive"
422,"M","V422V, V422I","",2.89119046006275e-06,"V422M","Sensitive"
243,"M","T243I","",8.26028146909106e-07,"T243M","Sensitive"
343,"E","M343V","American",1.03253262493335e-06,"M343E","Sensitive"
330,"P","C330R","",6.19554119291428e-07,"C330P","Sensitive"
376,"A","L376V","",6.1950806103889e-07,"L376A","Sensitive"
338,"R","V338G","",6.19524180648295e-07,"V338R","Sensitive"
334,"L","E334V","",6.19518039745799e-07,"E334L","Sensitive"
384,"F","L384L","",8.26038723043259e-07,"L384F","Sensitive"
472,"E","M472V","",6.19518999253789e-07,"M472E","Sensitive"
448,"T","V448M","",2.8909027008878e-06,"V448T","Sensitive"
473,"V","R473G","Afr/Afr American",0.000170166858517409,"R473V","Sensitive"
511,"S","G511R","South Asian",1.85887426574467e-06,"G511S","Sensitive"
376,"G","L376V","",6.1950806103889e-07,"L376G","Sensitive"
250,"D","G250E","",2.10637960429801e-06,"G250D","Sensitive"
437,"F","M437I","",6.19485034480537e-07,"M437F","Sensitive"
473,"T","R473R","",0.000170166858517409,"R473T","Sensitive"
501,"Y","S501N","",1.23905603754835e-06,"S501Y","Sensitive"
448,"R","V448M","",2.8909027008878e-06,"V448R","Sensitive"
398,"S","G398G","",6.19564867202466e-07,"G398S","Sensitive"
377,"I","V377V","",1.03250917074645e-06,"V377I","Sensitive"
428,"Q","L428L","",6.19509596203645e-07,"L428Q","Sensitive"
332,"A","R332P","",7.18641638443462e-06,"R332A","Sensitive"
268,"I","V268V","",3.42211332297159e-06,"V268I","Sensitive"
469,"R","Y469H, Y469C","",1.23902328620364e-06,"Y469R","Sensitive"
475,"L","C475R","",8.26039405383794e-07,"C475L","Sensitive"
320,"R","Y320C","European - non fin",1.56947551845352e-05,"Y320R","Sensitive"
332,"M","R332R","",7.18641638443462e-06,"R332M","Sensitive"
332,"C","R332W","",7.18641638443462e-06,"R332C","Sensitive"
266,"S","L266L","European - non fin",1.86394911170398e-06,"L266S","Sensitive"
278,"G","M278V","",6.19795269226669e-07,"M278G","Sensitive"
422,"N","V422I","American",2.89119046006275e-06,"V422N","Sensitive"
477,"W","Q477R","South Asian",1.23901765724063e-06,"Q477W","Sensitive"
372,"D","G372E","",6.19515481072357e-07,"G372D","Sensitive"
442,"I","G442V","",6.19491174728725e-07,"G442I","Sensitive"
449,"W","Y449C","",6.19702703824867e-07,"Y449W","Sensitive"
396,"C","H396R","",6.19510363788876e-07,"H396C","Sensitive"
384,"S","L384L","Afr/Afr American",8.26038723043259e-07,"L384S","Sensitive"
446,"R","S446C, S446P","",6.19498082653434e-07,"S446R","Sensitive"
266,"W","L266L, L266R","European - non fin",1.86394911170398e-06,"L266W","Sensitive"
312,"G","Y312C","",6.19633969821347e-07,"Y312G","Sensitive"
321,"K","G321R","",6.19508828620317e-07,"G321K","Sensitive"
501,"D","S501N","",1.23905603754835e-06,"S501D","Sensitive"
309,"V","P309L","",6.20160038499535e-07,"P309V","Sensitive"
333,"S","Q333P","",6.19497315098636e-07,"Q333S","Sensitive"
255,"P","E255Q","",6.19558725493355e-07,"E255P","Sensitive"
388,"A","M388V","European - non fin",1.23905450229039e-06,"M388A","Sensitive"
392,"M","T392I","",9.2927821102793e-07,"T392M","Sensitive"
437,"S","M437I","",6.19485034480537e-07,"M437S","Sensitive"
351,"G","M351V","European - non fin",3.09767079937254e-06,"M351G","Sensitive"
486,"R","F486L","",6.19491942268307e-07,"F486R","Sensitive"
435,"Q","Y435H","",6.1948887212139e-07,"Y435Q","Sensitive"
331,"A","N331D, N331T","European - non fin",6.19530129763683e-05,"N331A","Sensitive"
332,"S","R332R, R332W, R332P","",7.18641638443462e-06,"R332S","Sensitive"
312,"R","Y312H, Y312C","",6.19633969821347e-07,"Y312R","Sensitive"
247,"G","K247R","European - non fin",0.00308017499755296,"K247G","Sensitive"
304,"N","V304I","European - non fin",1.86343274125864e-06,"V304N","Sensitive"
246,"V","H246D","European - non fin",1.85850000464625e-06,"H246V","Sensitive"
383,"T","G383A","",6.19521110181829e-07,"G383T","Sensitive"
472,"A","M472V, M472T","",6.19518999253789e-07,"M472A","Sensitive"
315,"K","T315T","European - non fin",9.2939048713073e-07,"T315K","Sensitive"
341,"S","L341L","",9.29245396982926e-07,"L341S","Sensitive"
330,"L","C330R","",6.19554119291428e-07,"C330L","Sensitive"
383,"P","G383A","",6.19521110181829e-07,"G383P","Sensitive"
302,"C","L302F","",6.19677742786641e-07,"L302C","Sensitive"
304,"S","V304I","European - non fin",1.86343274125864e-06,"V304S","Sensitive"
409,"M","E409K","",6.19537998124039e-07,"E409M","Sensitive"
278,"A","M278V","",6.19795269226669e-07,"M278A","Sensitive"
310,"H","P310P","",3.40929377615858e-05,"P310H","Sensitive"
266,"G","L266R","",1.86394911170398e-06,"L266G","Sensitive"
378,"I","K378K","European - non fin",8.05355490108376e-06,"K378I","Sensitive"
252,"W","Q252R","",6.19524948269667e-07,"Q252W","Sensitive"
434,"F","T434I","European - non fin",1.8585944193844e-06,"T434F","Sensitive"
309,"Y","P309S","",6.20160038499535e-07,"P309Y","Sensitive"
353,"T","Y353S","",6.19635121662258e-07,"Y353T","Sensitive"
267,"L","T267M","South Asian",1.18114054246262e-05,"T267L","Sensitive"
322,"E","N322D, N322K","American",8.26004266312036e-07,"N322E","Sensitive"
312,"P","Y312H","",6.19633969821347e-07,"Y312P","Sensitive"
389,"M","T389T","",6.19505758306023e-07,"T389M","Sensitive"
341,"W","L341L","",9.29245396982926e-07,"L341W","Sensitive"
260,"R","V260M","European - non fin",4.64873247660293e-06,"V260R","Sensitive"
321,"T","G321R","",6.19508828620317e-07,"G321T","Sensitive"
496,"G","M496V","",6.19525332081066e-07,"M496G","Sensitive"
348,"F","S348S","",1.02225733004972e-05,"S348F","Sensitive"
321,"S","G321R","",6.19508828620317e-07,"G321S","Sensitive"
483,"S","R483W","",6.19558725493355e-07,"R483S","Sensitive"
267,"E","T267A","",1.18114054246262e-05,"T267E","Sensitive"
435,"P","Y435H","",6.1948887212139e-07,"Y435P","Sensitive"
414,"V","N414I","",6.19512154828478e-07,"N414V","Sensitive"
270,"F","V270L","",6.23092946151684e-07,"V270F","Sensitive"
466,"L","E466Q","European - non fin",9.29241367347697e-07,"E466L","Sensitive"
350,"N","A350T","",6.1952878640506e-07,"A350N","Sensitive"
372,"M","G372R","",6.19515481072357e-07,"G372M","Sensitive"
256,"T","V256A","",6.19832917838667e-07,"V256T","Sensitive"
322,"G","N322D","American",8.26004266312036e-07,"N322G","Sensitive"
388,"G","M388V","European - non fin",1.23905450229039e-06,"M388G","Sensitive"
246,"A","H246D","European - non fin",1.85850000464625e-06,"H246A","Sensitive"
394,"E","T394A","",6.19523796838322e-07,"T394E","Sensitive"
424,"L","A424S","",6.19557190085102e-07,"A424L","Sensitive"
309,"I","P309L","",6.20160038499535e-07,"P309I","Sensitive"
392,"L","T392I","",9.2927821102793e-07,"T392L","Sensitive"
388,"E","M388V","European - non fin",1.23905450229039e-06,"M388E","Sensitive"
322,"R","N322K","",8.26004266312036e-07,"N322R","Sensitive"
254,"T","G254R","",6.1950767724889e-07,"G254T","Sensitive"
353,"P","Y353S","",6.19635121662258e-07,"Y353P","Sensitive"
370,"I","L370L","",6.1950806103889e-07,"L370I","Sensitive"
348,"C","S348S","South Asian",1.02225733004972e-05,"S348C","Sensitive"
348,"Y","S348S","",1.02225733004972e-05,"S348Y","Sensitive"
310,"V","P310L","",3.40929377615858e-05,"P310V","Sensitive"
377,"S","V377A","",1.03250917074645e-06,"V377S","Sensitive"
428,"R","L428L","",6.19509596203645e-07,"L428R","Sensitive"
307,"H","R307Q","European - non fin",1.86218352191045e-06,"R307H","Sensitive"
384,"H","L384L","Afr/Afr American",8.26038723043259e-07,"L384H","Sensitive"
434,"H","T434N","Afr/Afr American",1.8585944193844e-06,"T434H","Sensitive"
309,"C","P309S","",6.20160038499535e-07,"P309C","Sensitive"
483,"C","R483W","",6.19558725493355e-07,"R483C","Sensitive"
301,"M","L301L","",9.29520070197356e-07,"L301M","Sensitive"
320,"I","Y320N","",1.56947551845352e-05,"Y320I","Sensitive"
288,"L","A288V","",1.85851151812513e-06,"A288L","Sensitive"
490,"S","H490Y","",9.29260940189049e-07,"H490S","Sensitive"
256,"S","V256A","",6.19832917838667e-07,"V256S","Sensitive"
322,"V","N322D","American",8.26004266312036e-07,"N322V","Sensitive"
331,"G","N331D, N331S","European - non fin",6.19530129763683e-05,"N331G","Sensitive"
266,"H","L266L","",1.86394911170398e-06,"L266H","Sensitive"
270,"T","V270M","",6.23092946151684e-07,"V270T","Sensitive"
350,"I","A350T","",6.1952878640506e-07,"A350I","Sensitive"
472,"F","M472L","",6.19518999253789e-07,"M472F","Sensitive"
312,"Q","Y312H","",6.19633969821347e-07,"Y312Q","Sensitive"
395,"N","A395T","",3.40743999033526e-06,"A395N","Sensitive"
434,"Y","T434N","Afr/Afr American",1.8585944193844e-06,"T434Y","Sensitive"
267,"G","T267A","",1.18114054246262e-05,"T267G","Sensitive"
364,"Q","L364L","",6.19518807351954e-07,"L364Q","Sensitive"
288,"R","A288T","South Asian",1.85851151812513e-06,"A288R","Sensitive"
254,"K","G254R","",6.1950767724889e-07,"G254K","Sensitive"
307,"E","R307Q","European - non fin",1.86218352191045e-06,"R307E","Sensitive"
505,"R","E505K","",9.29430222096646e-07,"E505R","Sensitive"
315,"R","T315T","European - non fin",9.2939048713073e-07,"T315R","Sensitive"
434,"K","T434N","Afr/Afr American",1.8585944193844e-06,"T434K","Sensitive"
384,"W","L384L","",8.26038723043259e-07,"L384W","Sensitive"
434,"V","T434I","European - non fin",1.8585944193844e-06,"T434V","Sensitive"
457,"D","R457H","European - non fin",1.85847122157313e-06,"R457D","Sensitive"
353,"A","Y353S","",6.19635121662258e-07,"Y353A","Sensitive"
489,"D","I489V","",6.19520342569969e-07,"I489D","Sensitive"
302,"S","L302F","",6.19677742786641e-07,"L302S","Sensitive"
244,"Q","M244L","",6.19506525881744e-07,"M244Q","Sensitive"
288,"I","A288V, A288T","",1.85851151812513e-06,"A288I","Sensitive"
414,"E","N414K","",6.19512154828478e-07,"N414E","Sensitive"
266,"I","L266L","European - non fin",1.86394911170398e-06,"L266I","Sensitive"
278,"E","M278V","",6.19795269226669e-07,"M278E","Sensitive"
469,"P","Y469H","",1.23902328620364e-06,"Y469P","Sensitive"
380,"E","A380A","European - non fin",1.23902840348712e-06,"A380E","Sensitive"
503,"E","S503A","",6.19554119291428e-07,"S503E","Sensitive"
472,"G","M472V","",6.19518999253789e-07,"M472G","Sensitive"
343,"P","M343L","European - non fin",1.03253262493335e-06,"M343P","Sensitive"
256,"P","V256A","",6.19832917838667e-07,"V256P","Sensitive"
293,"H","I293L","",6.19528018774177e-07,"I293H","Sensitive"
432,"D","I432V","European - non fin",1.23900691118055e-06,"I432D","Sensitive"
302,"Y","L302F","",6.19677742786641e-07,"L302Y","Sensitive"
312,"W","Y312C","",6.19633969821347e-07,"Y312W","Sensitive"
320,"T","Y320N","",1.56947551845352e-05,"Y320T","Sensitive"
321,"M","G321R","",6.19508828620317e-07,"G321M","Sensitive"
246,"E","H246D","European - non fin",1.85850000464625e-06,"H246E","Sensitive"
414,"Q","N414K","",6.19512154828478e-07,"N414Q","Sensitive"
377,"D","V377V","",1.03250917074645e-06,"V377D","Sensitive"
293,"P","I293L","",6.19528018774177e-07,"I293P","Sensitive"
323,"Q","L323L","European - non fin",5.57574871463504e-06,"L323Q","Sensitive"
457,"Y","R457H","European - non fin",1.85847122157313e-06,"R457Y","Sensitive"
384,"I","L384L","Afr/Afr American",8.26038723043259e-07,"L384I","Sensitive"
457,"Q","R457H","European - non fin",1.85847122157313e-06,"R457Q","Sensitive"
475,"P","C475S, C475R","",8.26039405383794e-07,"C475P","Sensitive"
406,"L","T406I","",6.1951752800942e-07,"T406L","Sensitive"
299,"I","V299V","European - non fin",3.09803547374539e-06,"V299I","Sensitive"
435,"L","Y435H","",6.1948887212139e-07,"Y435L","Sensitive"
254,"S","G254R","",6.1950767724889e-07,"G254S","Sensitive"
420,"I","S420T","European - non fin",1.08419888544355e-05,"S420I","Sensitive"
377,"F","V377V","",1.03250917074645e-06,"V377F","Sensitive"
428,"P","L428L","",6.19509596203645e-07,"L428P","Sensitive"
310,"M","P310L","",3.40929377615858e-05,"P310M","Sensitive"
268,"F","V268V","European - non fin",3.42211332297159e-06,"V268F","Sensitive"
312,"L","Y312H","",6.19633969821347e-07,"Y312L","Sensitive"
254,"M","G254R","",6.1950767724889e-07,"G254M","Sensitive"
449,"G","Y449C","",6.19702703824867e-07,"Y449G","Sensitive"
472,"W","M472L","",6.19518999253789e-07,"M472W","Sensitive"
394,"G","T394A","",6.19523796838322e-07,"T394G","Sensitive"
377,"P","V377A","",1.03250917074645e-06,"V377P","Sensitive"
371,"M","V371V","",6.19548745475745e-07,"V371M","Sensitive"
293,"R","I293L","",6.19528018774177e-07,"I293R","Sensitive"
413,"I","Y413F","European - non fin",6.19490407191045e-06,"Y413I","Sensitive"
307,"T","R307R","",1.86218352191045e-06,"R307T","Sensitive"
422,"E","V422V","",2.89119046006275e-06,"V422E","Sensitive"
270,"K","V270M","",6.23092946151684e-07,"V270K","Sensitive"
406,"F","T406S, T406I","",6.1951752800942e-07,"T406F","Sensitive"
395,"I","A395T","",3.40743999033526e-06,"A395I","Sensitive"
301,"Q","L301L","",9.29520070197356e-07,"L301Q","Sensitive"
489,"G","I489V","",6.19520342569969e-07,"I489G","Sensitive"
453,"P","E453Q","",3.7171082384748e-06,"E453P","Sensitive"
449,"R","Y449C","",6.19702703824867e-07,"Y449R","Sensitive"
398,"C","G398G","",6.19564867202466e-07,"G398C","Sensitive"
244,"P","M244L","",6.19506525881744e-07,"M244P","Sensitive"
266,"F","L266L","European - non fin",1.86394911170398e-06,"L266F","Sensitive"
435,"R","Y435H","",6.1948887212139e-07,"Y435R","Sensitive"
448,"K","V448M","",2.8909027008878e-06,"V448K","Sensitive"
475,"H","C475R","",8.26039405383794e-07,"C475H","Sensitive"
448,"D","V448V","European - non fin",2.8909027008878e-06,"V448D","Sensitive"
406,"Y","T406S","",6.1951752800942e-07,"T406Y","Sensitive"
434,"D","T434N","Afr/Afr American",1.8585944193844e-06,"T434D","Sensitive"
270,"R","V270M","",6.23092946151684e-07,"V270R","Sensitive"
413,"V","Y413F","European - non fin",6.19490407191045e-06,"Y413V","Sensitive"
406,"M","T406I","",6.1951752800942e-07,"T406M","Sensitive"
472,"P","M472T, M472L","",6.19518999253789e-07,"M472P","Sensitive"
409,"R","E409K","",6.19537998124039e-07,"E409R","Sensitive"
409,"T","E409K","",6.19537998124039e-07,"E409T","Sensitive"
270,"S","V270L","",6.23092946151684e-07,"V270S","Sensitive"
469,"L","Y469H","",1.23902328620364e-06,"Y469L","Sensitive"
406,"V","T406I","",6.1951752800942e-07,"T406V","Sensitive"
268,"D","V268V","European - non fin",3.42211332297159e-06,"V268D","Sensitive"
269,"E","A269A","European - non fin",0.000128633106610994,"A269E","Sensitive"
407,"L","A407V","",6.19487337059343e-07,"A407L","Sensitive"
408,"Q","P408P","European - non fin",3.74813986942844e-05,"P408Q","Sensitive"
