Collapsed,Combined_count,Mutation_type
T315I,356,Clinically resistant to imatinib
G250E,139,Clinically resistant to imatinib
E255K,130,Clinically resistant to imatinib
M351T,109,Clinically resistant to imatinib
Y253H,108,Clinically resistant to imatinib
M244V,99,Clinically resistant to imatinib
F317L,95,Clinically resistant to imatinib
F359V,77,Clinically resistant to imatinib
H396R,40,Clinically resistant to imatinib
E255V,39,Clinically resistant to imatinib
E355G,38,Clinically resistant to imatinib
Q252H,32,Clinically resistant to imatinib
E459K,25,Clinically resistant to imatinib
L248V,22,Clinically resistant to imatinib
Y253F,21,Clinically resistant to imatinib
D276G,19,Clinically resistant to imatinib
F359C,19,Clinically resistant to imatinib
L387M,17,Clinically resistant to imatinib
F359I,15,Clinically resistant to imatinib
F486S,10,Clinically resistant to imatinib
V379I,9,Clinically resistant to imatinib
L384M,8,Clinically resistant to imatinib
F311L,7,Clinically resistant to imatinib
E279K,5,Clinically resistant to imatinib
H396P,4,Clinically resistant to imatinib
E355A,3,Clinically resistant to imatinib
M388L,3,Clinically resistant to imatinib
F317V,2,Clinically resistant to imatinib
L387F,2,Clinically resistant to imatinib
S348L,2,Clinically resistant to imatinib
D325N,1,Clinically resistant to imatinib
E255D,1,Clinically resistant to imatinib
E275K,1,Clinically resistant to imatinib
F317C,1,Clinically resistant to imatinib
L248R,1,Clinically resistant to imatinib
T315V,1,Clinically resistant to imatinib
F311I,9,VUDR
Y353H,7,VUDR
K247R,6,VUDR
L298V,6,VUDR
E459G,5,VUDR
S420F,5,VUDR
T277A,5,VUDR
E282Q,4,VUDR
E352G,4,VUDR
E453K,4,VUDR
L273M,4,VUDR
L364I,4,VUDR
R332W,4,VUDR
S417Y,4,VUDR
T315A,4,VUDR
A366V,3,VUDR
A397P,3,VUDR
A407V,3,VUDR
E409K,3,VUDR
E450G,3,VUDR
F382L,3,VUDR
G321E,3,VUDR
M318I,3,VUDR
P441L,3,VUDR
P480L,3,VUDR
R473Q,3,VUDR
T277I,3,VUDR
V289F,3,VUDR
W430L,3,VUDR
Y257C,3,VUDR
Y326H,3,VUDR
A337T,2,VUDR
A365V,2,VUDR
A399T,2,VUDR
A433T,2,VUDR
D276N,2,VUDR
D381Y,2,VUDR
D504E,2,VUDR
E282G,2,VUDR
E292V,2,VUDR
E450A,2,VUDR
E453G,2,VUDR
E453Q,2,VUDR
E466D,2,VUDR
E505K,2,VUDR
E509K,2,VUDR
F317I,2,VUDR
F359A,2,VUDR
F359Y,2,VUDR
G251D,2,VUDR
G254R,2,VUDR
G303E,2,VUDR
G321V,2,VUDR
G426V,2,VUDR
H295Y,2,VUDR
I313L,2,VUDR
I360S,2,VUDR
I418V,2,VUDR
K356R,2,VUDR
M343I,2,VUDR
M351V,2,VUDR
N374S,2,VUDR
P296S,2,VUDR
P309S,2,VUDR
P310L,2,VUDR
P310S,2,VUDR
P310T,2,VUDR
P402S,2,VUDR
P408L,2,VUDR
P441S,2,VUDR
R460H,2,VUDR
S265N,2,VUDR
S385R,2,VUDR
S438C,2,VUDR
S503L,2,VUDR
T267M,2,VUDR
T315N,2,VUDR
Y253C,2,VUDR
Y312C,2,VUDR
Y413C,2,VUDR
A269V,1,VUDR
A288V,1,VUDR
A344T,1,VUDR
A380V,1,VUDR
A397T,1,VUDR
A492D,1,VUDR
C305R,1,VUDR
C305S,1,VUDR
C330G,1,VUDR
C330Y,1,VUDR
C369Y,1,VUDR
D276A,1,VUDR
D325G,1,VUDR
D363G,1,VUDR
D391G,1,VUDR
D391N,1,VUDR
D421N,1,VUDR
D444Y,1,VUDR
D482E,1,VUDR
D482V,1,VUDR
E255L,1,VUDR
E258A,1,VUDR
E258V,1,VUDR
E275Q,1,VUDR
E279A,1,VUDR
E279Y,1,VUDR
E279Z,1,VUDR
E282K,1,VUDR
E282V,1,VUDR
E292D,1,VUDR
E308K,1,VUDR
E316K,1,VUDR
E329D,1,VUDR
E352D,1,VUDR
E352K,1,VUDR
E373G,1,VUDR
E409A,1,VUDR
E409D,1,VUDR
E431G,1,VUDR
E431K,1,VUDR
E450K,1,VUDR
E450Q,1,VUDR
E453A,1,VUDR
E453D,1,VUDR
E453L,1,VUDR
E459Q,1,VUDR
E494G,1,VUDR
E494K,1,VUDR
E499D,1,VUDR
F317R,1,VUDR
F493L,1,VUDR
F497V,1,VUDR
G250R,1,VUDR
G251C,1,VUDR
G251E,1,VUDR
G254E,1,VUDR
G254W,1,VUDR
G303R,1,VUDR
G321R,1,VUDR
G321W,1,VUDR
G383V,1,VUDR
G390E,1,VUDR
G390W,1,VUDR
G398R,1,VUDR
G426K,1,VUDR
H246D,1,VUDR
H246R,1,VUDR
H246Y,1,VUDR
H396Y,1,VUDR
I242M,1,VUDR
I293M,1,VUDR
I313T,1,VUDR
I313V,1,VUDR
I314T,1,VUDR
I360V,1,VUDR
I403T,1,VUDR
I418M,1,VUDR
K247E,1,VUDR
K263N,1,VUDR
K291E,1,VUDR
K291Q,1,VUDR
K357R,1,VUDR
K378R,1,VUDR
K400E,1,VUDR
K404T,1,VUDR
K419E,1,VUDR
L273F,1,VUDR
L284M,1,VUDR
L298R,1,VUDR
L301F,1,VUDR
L324P,1,VUDR
L324Q,1,VUDR
L370R,1,VUDR
L376F,1,VUDR
L411P,1,VUDR
L445M,1,VUDR
M290I,1,VUDR
M290R,1,VUDR
M318T,1,VUDR
M343T,1,VUDR
M351K,1,VUDR
M388I,1,VUDR
M472L,1,VUDR
M496I,1,VUDR
N331S,1,VUDR
N368D,1,VUDR
N368S,1,VUDR
N374Y,1,VUDR
P296L,1,VUDR
P408R,1,VUDR
P439R,1,VUDR
P439S,1,VUDR
P480S,1,VUDR
P484T,1,VUDR
Q252E,1,VUDR
Q252K,1,VUDR
Q252M,1,VUDR
Q252P,1,VUDR
Q252R,1,VUDR
Q300H,1,VUDR
Q346L,1,VUDR
Q447P,1,VUDR
R307L,1,VUDR
R328K,1,VUDR
R328M,1,VUDR
R328W,1,VUDR
R332L,1,VUDR
R332Q,1,VUDR
R362K,1,VUDR
R367Q,1,VUDR
R460C,1,VUDR
R483G,1,VUDR
R483W,1,VUDR
S265R,1,VUDR
S349L,1,VUDR
S438P,1,VUDR
S438Y,1,VUDR
S446P,1,VUDR
S503P,1,VUDR
T243I,1,VUDR
T267A,1,VUDR
T277N,1,VUDR
T315L,1,VUDR
T319I,1,VUDR
T389A,1,VUDR
T394A,1,VUDR
T406I,1,VUDR
T495R,1,VUDR
V256L,1,VUDR
V260A,1,VUDR
V268A,1,VUDR
V268L,1,VUDR
V270M,1,VUDR
V289A,1,VUDR
V299M,1,VUDR
V304G,1,VUDR
V335M,1,VUDR
V338F,1,VUDR
V339A,1,VUDR
V339L,1,VUDR
V371A,1,VUDR
V371I,1,VUDR
V371L,1,VUDR
V377M,1,VUDR
V422I,1,VUDR
W405C,1,VUDR
W423R,1,VUDR
W430C,1,VUDR
W478C,1,VUDR
W478R,1,VUDR
Y253N,1,VUDR
Y264C,1,VUDR
Y264N,1,VUDR
Y320C,1,VUDR
Y440H,1,VUDR
Y449C,1,VUDR
Y469C,1,VUDR