resi,chr_start,pos
1,130835447,1
,130835448,2
,130835449,3
2,130835450,4
,130835451,5
,130835452,6
3,130835453,7
,130835454,8
,130835455,9
4,130835456,10
,130835457,11
,130835458,12
5,130835459,13
,130835460,14
,130835461,15
6,130835462,16
,130835463,17
,130835464,18
7,130835465,19
,130835466,20
,130835467,21
8,130835468,22
,130835469,23
,130835470,24
9,130835471,25
,130835472,26
,130835473,27
10,130835474,28
,130835475,29
,130835476,30
11,130835477,31
,130835478,32
,130835479,33
12,130835480,34
,130835481,35
,130835482,36
13,130835483,37
,130835484,38
,130835485,39
14,130835486,40
,130835487,41
,130835488,42
15,130835489,43
,130835490,44
,130835491,45
16,130835492,46
,130835493,47
,130835494,48
17,130835495,49
,130835496,50
,130835497,51
18,130835498,52
,130835499,53
,130835500,54
19,130835501,55
,130835502,56
,130835503,57
20,130835504,58
,130835505,59
,130835506,60
21,130835507,61
,130835508,62
,130835509,63
22,130835510,64
,130835511,65
,130835512,66
23,130835513,67
,130835514,68
,130835515,69
24,130835516,70
,130835517,71
,130835518,72
25,130835519,73
,130835520,74
,130835521,75
26,130835522,76
,130835523,77
,130835524,78
27,130835525,79
,130854064,80
,130854065,81
28,130854066,82
,130854067,83
,130854068,84
29,130854069,85
,130854070,86
,130854071,87
30,130854072,88
,130854073,89
,130854074,90
31,130854075,91
,130854076,92
,130854077,93
32,130854078,94
,130854079,95
,130854080,96
33,130854081,97
,130854082,98
,130854083,99
34,130854084,100
,130854085,101
,130854086,102
35,130854087,103
,130854088,104
,130854089,105
36,130854090,106
,130854091,107
,130854092,108
37,130854093,109
,130854094,110
,130854095,111
38,130854096,112
,130854097,113
,130854098,114
39,130854099,115
,130854100,116
,130854101,117
40,130854102,118
,130854103,119
,130854104,120
41,130854105,121
,130854106,122
,130854107,123
42,130854108,124
,130854109,125
,130854110,126
43,130854111,127
,130854112,128
,130854113,129
44,130854114,130
,130854115,131
,130854116,132
45,130854117,133
,130854118,134
,130854119,135
46,130854120,136
,130854121,137
,130854122,138
47,130854123,139
,130854124,140
,130854125,141
48,130854126,142
,130854127,143
,130854128,144
49,130854129,145
,130854130,146
,130854131,147
50,130854132,148
,130854133,149
,130854134,150
51,130854135,151
,130854136,152
,130854137,153
52,130854138,154
,130854139,155
,130854140,156
53,130854141,157
,130854142,158
,130854143,159
54,130854144,160
,130854145,161
,130854146,162
55,130854147,163
,130854148,164
,130854149,165
56,130854150,166
,130854151,167
,130854152,168
57,130854153,169
,130854154,170
,130854155,171
58,130854156,172
,130854157,173
,130854158,174
59,130854159,175
,130854160,176
,130854161,177
60,130854162,178
,130854163,179
,130854164,180
61,130854165,181
,130854166,182
,130854167,183
62,130854168,184
,130854169,185
,130854170,186
63,130854171,187
,130854172,188
,130854173,189
64,130854174,190
,130854175,191
,130854176,192
65,130854177,193
,130854178,194
,130854179,195
66,130854180,196
,130854181,197
,130854182,198
67,130854183,199
,130854184,200
,130854185,201
68,130854186,202
,130854187,203
,130854188,204
69,130854189,205
,130854190,206
,130854191,207
70,130854192,208
,130854193,209
,130854194,210
71,130854195,211
,130854196,212
,130854197,213
72,130854198,214
,130854199,215
,130854200,216
73,130854201,217
,130854202,218
,130854203,219
74,130854204,220
,130854205,221
,130854206,222
75,130854207,223
,130854208,224
,130854209,225
76,130854210,226
,130854211,227
,130854212,228
77,130854213,229
,130854214,230
,130854215,231
78,130854216,232
,130854217,233
,130854218,234
79,130854219,235
,130854220,236
,130854221,237
80,130854222,238
,130854223,239
,130854224,240
81,130854225,241
,130854226,242
,130854227,243
82,130854228,244
,130854229,245
,130854230,246
83,130854231,247
,130854232,248
,130854233,249
84,130854234,250
,130854235,251
,130854236,252
85,130854237,253
,130854801,254
,130854802,255
86,130854803,256
,130854804,257
,130854805,258
87,130854806,259
,130854807,260
,130854808,261
88,130854809,262
,130854810,263
,130854811,264
89,130854812,265
,130854813,266
,130854814,267
90,130854815,268
,130854816,269
,130854817,270
91,130854818,271
,130854819,272
,130854820,273
92,130854821,274
,130854822,275
,130854823,276
93,130854824,277
,130854825,278
,130854826,279
94,130854827,280
,130854828,281
,130854829,282
95,130854830,283
,130854831,284
,130854832,285
96,130854833,286
,130854834,287
,130854835,288
97,130854836,289
,130854837,290
,130854838,291
98,130854839,292
,130854840,293
,130854841,294
99,130854842,295
,130854843,296
,130854844,297
100,130854845,298
,130854846,299
,130854847,300
101,130854848,301
,130854849,302
,130854850,303
102,130854851,304
,130854852,305
,130854853,306
103,130854854,307
,130854855,308
,130854856,309
104,130854857,310
,130854858,311
,130854859,312
105,130854860,313
,130854861,314
,130854862,315
106,130854863,316
,130854864,317
,130854865,318
107,130854866,319
,130854867,320
,130854868,321
108,130854869,322
,130854870,323
,130854871,324
109,130854872,325
,130854873,326
,130854874,327
110,130854875,328
,130854876,329
,130854877,330
111,130854878,331
,130854879,332
,130854880,333
112,130854881,334
,130854882,335
,130854883,336
113,130854884,337
,130854885,338
,130854886,339
114,130854887,340
,130854888,341
,130854889,342
115,130854890,343
,130854891,344
,130854892,345
116,130854893,346
,130854894,347
,130854895,348
117,130854896,349
,130854897,350
,130854898,351
118,130854899,352
,130854900,353
,130854901,354
119,130854902,355
,130854903,356
,130854904,357
120,130854905,358
,130854906,359
,130854907,360
121,130854908,361
,130854909,362
,130854910,363
122,130854911,364
,130854912,365
,130854913,366
123,130854914,367
,130854915,368
,130854916,369
124,130854917,370
,130854918,371
,130854919,372
125,130854920,373
,130854921,374
,130854922,375
126,130854923,376
,130854924,377
,130854925,378
127,130854926,379
,130854927,380
,130854928,381
128,130854929,382
,130854930,383
,130854931,384
129,130854932,385
,130854933,386
,130854934,387
130,130854935,388
,130854936,389
,130854937,390
131,130854938,391
,130854939,392
,130854940,393
132,130854941,394
,130854942,395
,130854943,396
133,130854944,397
,130854945,398
,130854946,399
134,130854947,400
,130854948,401
,130854949,402
135,130854950,403
,130854951,404
,130854952,405
136,130854953,406
,130854954,407
,130854955,408
137,130854956,409
,130854957,410
,130854958,411
138,130854959,412
,130854960,413
,130854961,414
139,130854962,415
,130854963,416
,130854964,417
140,130854965,418
,130854966,419
,130854967,420
141,130854968,421
,130854969,422
,130854970,423
142,130854971,424
,130854972,425
,130854973,426
143,130854974,427
,130854975,428
,130854976,429
144,130854977,430
,130854978,431
,130854979,432
145,130854980,433
,130854981,434
,130854982,435
146,130854983,436
,130854984,437
,130854985,438
147,130854986,439
,130854987,440
,130854988,441
148,130854989,442
,130854990,443
,130854991,444
149,130854992,445
,130854993,446
,130854994,447
150,130854995,448
,130854996,449
,130854997,450
151,130854998,451
,130854999,452
,130855000,453
152,130855001,454
,130855002,455
,130855003,456
153,130855004,457
,130855005,458
,130855006,459
154,130855007,460
,130855008,461
,130855009,462
155,130855010,463
,130855011,464
,130855012,465
156,130855013,466
,130855014,467
,130855015,468
157,130855016,469
,130855017,470
,130855018,471
158,130855019,472
,130855020,473
,130855021,474
159,130855022,475
,130855023,476
,130855024,477
160,130855025,478
,130855026,479
,130855027,480
161,130855028,481
,130855029,482
,130855030,483
162,130855031,484
,130855032,485
,130855033,486
163,130855034,487
,130855035,488
,130855036,489
164,130855037,490
,130855038,491
,130855039,492
165,130855040,493
,130855041,494
,130855042,495
166,130855043,496
,130855044,497
,130855045,498
167,130855046,499
,130855047,500
,130855048,501
168,130855049,502
,130855050,503
,130855051,504
169,130855052,505
,130855053,506
,130855054,507
170,130855055,508
,130855056,509
,130855057,510
171,130855058,511
,130855059,512
,130855060,513
172,130855061,514
,130855062,515
,130855063,516
173,130855064,517
,130855065,518
,130855066,519
174,130855067,520
,130855068,521
,130855069,522
175,130855070,523
,130855071,524
,130855072,525
176,130855073,526
,130855074,527
,130855075,528
177,130855076,529
,130855077,530
,130855078,531
178,130855079,532
,130855080,533
,130855081,534
179,130855082,535
,130855083,536
,130855084,537
180,130855085,538
,130855086,539
,130855087,540
181,130855088,541
,130855089,542
,130855090,543
182,130855091,544
,130855092,545
,130855093,546
183,130855094,547
,130855095,548
,130855096,549
184,130862763,550
,130862764,551
,130862765,552
185,130862766,553
,130862767,554
,130862768,555
186,130862769,556
,130862770,557
,130862771,558
187,130862772,559
,130862773,560
,130862774,561
188,130862775,562
,130862776,563
,130862777,564
189,130862778,565
,130862779,566
,130862780,567
190,130862781,568
,130862782,569
,130862783,570
191,130862784,571
,130862785,572
,130862786,573
192,130862787,574
,130862788,575
,130862789,576
193,130862790,577
,130862791,578
,130862792,579
194,130862793,580
,130862794,581
,130862795,582
195,130862796,583
,130862797,584
,130862798,585
196,130862799,586
,130862800,587
,130862801,588
197,130862802,589
,130862803,590
,130862804,591
198,130862805,592
,130862806,593
,130862807,594
199,130862808,595
,130862809,596
,130862810,597
200,130862811,598
,130862812,599
,130862813,600
201,130862814,601
,130862815,602
,130862816,603
202,130862817,604
,130862818,605
,130862819,606
203,130862820,607
,130862821,608
,130862822,609
204,130862823,610
,130862824,611
,130862825,612
205,130862826,613
,130862827,614
,130862828,615
206,130862829,616
,130862830,617
,130862831,618
207,130862832,619
,130862833,620
,130862834,621
208,130862835,622
,130862836,623
,130862837,624
209,130862838,625
,130862839,626
,130862840,627
210,130862841,628
,130862842,629
,130862843,630
211,130862844,631
,130862845,632
,130862846,633
212,130862847,634
,130862848,635
,130862849,636
213,130862850,637
,130862851,638
,130862852,639
214,130862853,640
,130862854,641
,130862855,642
215,130862856,643
,130862857,644
,130862858,645
216,130862859,646
,130862860,647
,130862861,648
217,130862862,649
,130862863,650
,130862864,651
218,130862865,652
,130862866,653
,130862867,654
219,130862868,655
,130862869,656
,130862870,657
220,130862871,658
,130862872,659
,130862873,660
221,130862874,661
,130862875,662
,130862876,663
222,130862877,664
,130862878,665
,130862879,666
223,130862880,667
,130862881,668
,130862882,669
224,130862883,670
,130862884,671
,130862885,672
225,130862886,673
,130862887,674
,130862888,675
226,130862889,676
,130862890,677
,130862891,678
227,130862892,679
,130862893,680
,130862894,681
228,130862895,682
,130862896,683
,130862897,684
229,130862898,685
,130862899,686
,130862900,687
230,130862901,688
,130862902,689
,130862903,690
231,130862904,691
,130862905,692
,130862906,693
232,130862907,694
,130862908,695
,130862909,696
233,130862910,697
,130862911,698
,130862912,699
234,130862913,700
,130862914,701
,130862915,702
235,130862916,703
,130862917,704
,130862918,705
236,130862919,706
,130862920,707
,130862921,708
237,130862922,709
,130862923,710
,130862924,711
238,130862925,712
,130862926,713
,130862927,714
239,130862928,715
,130862929,716
,130862930,717
240,130862931,718
,130862932,719
,130862933,720
241,130862934,721
,130862935,722
,130862936,723
242,130862937,724
,130862938,725
,130862939,726
243,130862940,727
,130862941,728
,130862942,729
244,130862943,730
,130862944,731
,130862945,732
245,130862946,733
,130862947,734
,130862948,735
246,130862949,736
,130862950,737
,130862951,738
247,130862952,739
,130862953,740
,130862954,741
248,130862955,742
,130862956,743
,130862957,744
249,130862958,745
,130862959,746
,130862960,747
250,130862961,748
,130862962,749
,130862963,750
251,130862964,751
,130862965,752
,130862966,753
252,130862967,754
,130862968,755
,130862969,756
253,130862970,757
,130862971,758
,130862972,759
254,130862973,760
,130862974,761
,130862975,762
255,130862976,763
,130862977,764
,130862978,765
256,130862979,766
,130862980,767
,130862981,768
257,130862982,769
,130862983,770
,130862984,771
258,130862985,772
,130862986,773
,130862987,774
259,130862988,775
,130862989,776
,130862990,777
260,130862991,778
,130862992,779
,130862993,780
261,130862994,781
,130862995,782
,130862996,783
262,130862997,784
,130862998,785
,130862999,786
263,130863000,787
,130863001,788
,130863002,789
264,130863003,790
,130863004,791
,130863005,792
265,130863006,793
,130863007,794
,130863008,795
266,130863009,796
,130863010,797
,130863011,798
267,130863012,799
,130863013,800
,130863014,801
268,130863015,802
,130863016,803
,130863017,804
269,130863018,805
,130863019,806
,130863020,807
270,130863021,808
,130863022,809
,130863023,810
271,130863024,811
,130863025,812
,130863026,813
272,130863027,814
,130863028,815
,130863029,816
273,130863030,817
,130863031,818
,130863032,819
274,130863033,820
,130863034,821
,130863035,822
275,130872129,823
,130872130,824
,130872131,825
276,130872132,826
,130872133,827
,130872134,828
277,130872135,829
,130872136,830
,130872137,831
278,130872138,832
,130872139,833
,130872140,834
279,130872141,835
,130872142,836
,130872143,837
280,130872144,838
,130872145,839
,130872146,840
281,130872147,841
,130872148,842
,130872149,843
282,130872150,844
,130872151,845
,130872152,846
283,130872153,847
,130872154,848
,130872155,849
284,130872156,850
,130872157,851
,130872158,852
285,130872159,853
,130872160,854
,130872161,855
286,130872162,856
,130872163,857
,130872164,858
287,130872165,859
,130872166,860
,130872167,861
288,130872168,862
,130872169,863
,130872170,864
289,130872171,865
,130872172,866
,130872173,867
290,130872174,868
,130872175,869
,130872176,870
291,130872177,871
,130872178,872
,130872179,873
292,130872180,874
,130872181,875
,130872182,876
293,130872183,877
,130872184,878
,130872185,879
294,130872186,880
,130872187,881
,130872188,882
295,130872189,883
,130872190,884
,130872191,885
296,130872192,886
,130872193,887
,130872194,888
297,130872195,889
,130872196,890
,130872197,891
298,130872198,892
,130872199,893
,130872200,894
299,130872201,895
,130872202,896
,130872203,897
300,130872204,898
,130872205,899
,130872206,900
301,130872207,901
,130872208,902
,130872209,903
302,130872210,904
,130872211,905
,130872212,906
303,130872213,907
,130872860,908
,130872861,909
304,130872862,910
,130872863,911
,130872864,912
305,130872865,913
,130872866,914
,130872867,915
306,130872868,916
,130872869,917
,130872870,918
307,130872871,919
,130872872,920
,130872873,921
308,130872874,922
,130872875,923
,130872876,924
309,130872877,925
,130872878,926
,130872879,927
310,130872880,928
,130872881,929
,130872882,930
311,130872883,931
,130872884,932
,130872885,933
312,130872886,934
,130872887,935
,130872888,936
313,130872889,937
,130872890,938
,130872891,939
314,130872892,940
,130872893,941
,130872894,942
315,130872895,943
,130872896,944
,130872897,945
316,130872898,946
,130872899,947
,130872900,948
317,130872901,949
,130872902,950
,130872903,951
318,130872904,952
,130872905,953
,130872906,954
319,130872907,955
,130872908,956
,130872909,957
320,130872910,958
,130872911,959
,130872912,960
321,130872913,961
,130872914,962
,130872915,963
322,130872916,964
,130872917,965
,130872918,966
323,130872919,967
,130872920,968
,130872921,969
324,130872922,970
,130872923,971
,130872924,972
325,130872925,973
,130872926,974
,130872927,975
326,130872928,976
,130872929,977
,130872930,978
327,130872931,979
,130872932,980
,130872933,981
328,130872934,982
,130872935,983
,130872936,984
329,130872937,985
,130872938,986
,130872939,987
330,130872940,988
,130872941,989
,130872942,990
331,130872943,991
,130872944,992
,130872945,993
332,130872946,994
,130872947,995
,130872948,996
333,130872949,997
,130872950,998
,130872951,999
334,130872952,1000
,130872953,1001
,130872954,1002
335,130872955,1003
,130872956,1004
,130872957,1005
336,130872958,1006
,130872959,1007
,130872960,1008
337,130872961,1009
,130872962,1010
,130872963,1011
338,130872964,1012
,130872965,1013
,130872966,1014
339,130872967,1015
,130872968,1016
,130872969,1017
340,130872970,1018
,130872971,1019
,130872972,1020
341,130872973,1021
,130872974,1022
,130872975,1023
342,130872976,1024
,130872977,1025
,130872978,1026
343,130872979,1027
,130872980,1028
,130872981,1029
344,130872982,1030
,130872983,1031
,130872984,1032
345,130872985,1033
,130872986,1034
,130872987,1035
346,130872988,1036
,130872989,1037
,130872990,1038
347,130872991,1039
,130872992,1040
,130872993,1041
348,130872994,1042
,130872995,1043
,130872996,1044
349,130872997,1045
,130872998,1046
,130872999,1047
350,130873000,1048
,130873001,1049
,130873002,1050
351,130873003,1051
,130873004,1052
,130873005,1053
352,130873006,1054
,130873007,1055
,130873008,1056
353,130873009,1057
,130873010,1058
,130873011,1059
354,130873012,1060
,130873013,1061
,130873014,1062
355,130873015,1063
,130873016,1064
,130873017,1065
356,130873018,1066
,130873019,1067
,130873020,1068
357,130873021,1069
,130873022,1070
,130873023,1071
358,130873024,1072
,130873025,1073
,130873026,1074
359,130873027,1075
,130873028,1076
,130873029,1077
360,130873030,1078
,130873031,1079
,130873032,1080
361,130873033,1081
,130873034,1082
,130873035,1083
362,130873036,1084
,130873037,1085
,130874868,1086
363,130874869,1087
,130874870,1088
,130874871,1089
364,130874872,1090
,130874873,1091
,130874874,1092
365,130874875,1093
,130874876,1094
,130874877,1095
366,130874878,1096
,130874879,1097
,130874880,1098
367,130874881,1099
,130874882,1100
,130874883,1101
368,130874884,1102
,130874885,1103
,130874886,1104
369,130874887,1105
,130874888,1106
,130874889,1107
370,130874890,1108
,130874891,1109
,130874892,1110
371,130874893,1111
,130874894,1112
,130874895,1113
372,130874896,1114
,130874897,1115
,130874898,1116
373,130874899,1117
,130874900,1118
,130874901,1119
374,130874902,1120
,130874903,1121
,130874904,1122
375,130874905,1123
,130874906,1124
,130874907,1125
376,130874908,1126
,130874909,1127
,130874910,1128
377,130874911,1129
,130874912,1130
,130874913,1131
378,130874914,1132
,130874915,1133
,130874916,1134
379,130874917,1135
,130874918,1136
,130874919,1137
380,130874920,1138
,130874921,1139
,130874922,1140
381,130874923,1141
,130874924,1142
,130874925,1143
382,130874926,1144
,130874927,1145
,130874928,1146
383,130874929,1147
,130874930,1148
,130874931,1149
384,130874932,1150
,130874933,1151
,130874934,1152
385,130874935,1153
,130874936,1154
,130874937,1155
386,130874938,1156
,130874939,1157
,130874940,1158
387,130874941,1159
,130874942,1160
,130874943,1161
388,130874944,1162
,130874945,1163
,130874946,1164
389,130874947,1165
,130874948,1166
,130874949,1167
390,130874950,1168
,130874951,1169
,130874952,1170
391,130874953,1171
,130874954,1172
,130874955,1173
392,130874956,1174
,130874957,1175
,130874958,1176
393,130874959,1177
,130874960,1178
,130874961,1179
394,130874962,1180
,130874963,1181
,130874964,1182
395,130874965,1183
,130874966,1184
,130874967,1185
396,130874968,1186
,130874969,1187
,130874970,1188
397,130874971,1189
,130874972,1190
,130874973,1191
398,130874974,1192
,130874975,1193
,130874976,1194
399,130874977,1195
,130874978,1196
,130874979,1197
400,130874980,1198
,130874981,1199
,130874982,1200
401,130874983,1201
,130874984,1202
,130874985,1203
402,130874986,1204
,130874987,1205
,130874988,1206
403,130874989,1207
,130874990,1208
,130874991,1209
404,130874992,1210
,130874993,1211
,130874994,1212
405,130874995,1213
,130874996,1214
,130874997,1215
406,130874998,1216
,130874999,1217
,130875000,1218
407,130875001,1219
,130875002,1220
,130875003,1221
408,130875004,1222
,130875005,1223
,130875006,1224
409,130875007,1225
,130875008,1226
,130875009,1227
410,130875010,1228
,130875011,1229
,130875012,1230
411,130875013,1231
,130875014,1232
,130875015,1233
412,130875016,1234
,130875017,1235
,130875018,1236
413,130875019,1237
,130875020,1238
,130875021,1239
414,130875022,1240
,130875023,1241
,130875024,1242
415,130875025,1243
,130875026,1244
,130875027,1245
416,130875028,1246
,130875029,1247
,130875030,1248
417,130875031,1249
,130875032,1250
,130875033,1251
418,130875034,1252
,130875035,1253
,130875036,1254
419,130875037,1255
,130875038,1256
,130875039,1257
420,130875040,1258
,130875041,1259
,130875042,1260
421,130875043,1261
,130875044,1262
,130875045,1263
422,130875046,1264
,130875047,1265
,130875048,1266
423,130875049,1267
,130875050,1268
,130875051,1269
424,130875052,1270
,130878415,1271
,130878416,1272
425,130878417,1273
,130878418,1274
,130878419,1275
426,130878420,1276
,130878421,1277
,130878422,1278
427,130878423,1279
,130878424,1280
,130878425,1281
428,130878426,1282
,130878427,1283
,130878428,1284
429,130878429,1285
,130878430,1286
,130878431,1287
430,130878432,1288
,130878433,1289
,130878434,1290
431,130878435,1291
,130878436,1292
,130878437,1293
432,130878438,1294
,130878439,1295
,130878440,1296
433,130878441,1297
,130878442,1298
,130878443,1299
434,130878444,1300
,130878445,1301
,130878446,1302
435,130878447,1303
,130878448,1304
,130878449,1305
436,130878450,1306
,130878451,1307
,130878452,1308
437,130878453,1309
,130878454,1310
,130878455,1311
438,130878456,1312
,130878457,1313
,130878458,1314
439,130878459,1315
,130878460,1316
,130878461,1317
440,130878462,1318
,130878463,1319
,130878464,1320
441,130878465,1321
,130878466,1322
,130878467,1323
442,130878468,1324
,130878469,1325
,130878470,1326
443,130878471,1327
,130878472,1328
,130878473,1329
444,130878474,1330
,130878475,1331
,130878476,1332
445,130878477,1333
,130878478,1334
,130878479,1335
446,130878480,1336
,130878481,1337
,130878482,1338
447,130878483,1339
,130878484,1340
,130878485,1341
448,130878486,1342
,130878487,1343
,130878488,1344
449,130878489,1345
,130878490,1346
,130878491,1347
450,130878492,1348
,130878493,1349
,130878494,1350
451,130878495,1351
,130878496,1352
,130878497,1353
452,130878498,1354
,130878499,1355
,130878500,1356
453,130878501,1357
,130878502,1358
,130878503,1359
454,130878504,1360
,130878505,1361
,130878506,1362
455,130878507,1363
,130878508,1364
,130878509,1365
456,130878510,1366
,130878511,1367
,130878512,1368
457,130878513,1369
,130878514,1370
,130878515,1371
458,130878516,1372
,130878517,1373
,130878518,1374
459,130878519,1375
,130878520,1376
,130878521,1377
460,130878522,1378
,130878523,1379
,130878524,1380
461,130878525,1381
,130878526,1382
,130878527,1383
462,130878528,1384
,130878529,1385
,130878530,1386
463,130878531,1387
,130878532,1388
,130878533,1389
464,130878534,1390
,130878535,1391
,130878536,1392
465,130878537,1393
,130878538,1394
,130878539,1395
466,130878540,1396
,130878541,1397
,130878542,1398
467,130878543,1399
,130878544,1400
,130878545,1401
468,130878546,1402
,130878547,1403
,130878548,1404
469,130878549,1405
,130878550,1406
,130878551,1407
470,130878552,1408
,130878553,1409
,130878554,1410
471,130878555,1411
,130878556,1412
,130878557,1413
472,130878558,1414
,130878559,1415
,130878560,1416
473,130878561,1417
,130878562,1418
,130878563,1419
474,130878564,1420
,130878565,1421
,130878566,1422
475,130878567,1423
,130880068,1424
,130880069,1425
476,130880070,1426
,130880071,1427
,130880072,1428
477,130880073,1429
,130880074,1430
,130880075,1431
478,130880076,1432
,130880077,1433
,130880078,1434
479,130880079,1435
,130880080,1436
,130880081,1437
480,130880082,1438
,130880083,1439
,130880084,1440
481,130880085,1441
,130880086,1442
,130880087,1443
482,130880088,1444
,130880089,1445
,130880090,1446
483,130880091,1447
,130880092,1448
,130880093,1449
484,130880094,1450
,130880095,1451
,130880096,1452
485,130880097,1453
,130880098,1454
,130880099,1455
486,130880100,1456
,130880101,1457
,130880102,1458
487,130880103,1459
,130880104,1460
,130880105,1461
488,130880106,1462
,130880107,1463
,130880108,1464
489,130880109,1465
,130880110,1466
,130880111,1467
490,130880112,1468
,130880113,1469
,130880114,1470
491,130880115,1471
,130880116,1472
,130880117,1473
492,130880118,1474
,130880119,1475
,130880120,1476
493,130880121,1477
,130880122,1478
,130880123,1479
494,130880124,1480
,130880125,1481
,130880126,1482
495,130880127,1483
,130880128,1484
,130880129,1485
496,130880130,1486
,130880131,1487
,130880132,1488
497,130880133,1489
,130880134,1490
,130880135,1491
498,130880136,1492
,130880137,1493
,130880138,1494
499,130880139,1495
,130880140,1496
,130880141,1497
500,130880142,1498
,130880143,1499
,130880144,1500
501,130880145,1501
,130880146,1502
,130880147,1503
502,130880148,1504
,130880149,1505
,130880150,1506
503,130880151,1507
,130880152,1508
,130880153,1509
504,130880154,1510
,130880155,1511
,130880156,1512
505,130880157,1513
,130880500,1514
,130880501,1515
506,130880502,1516
,130880503,1517
,130880504,1518
507,130880505,1519
,130880506,1520
,130880507,1521
508,130880508,1522
,130880509,1523
,130880510,1524
509,130880511,1525
,130880512,1526
,130880513,1527
510,130880514,1528
,130880515,1529
,130880516,1530
511,130880517,1531
,130880518,1532
,130880519,1533
512,130880520,1534
,130880521,1535
,130880522,1536
513,130880523,1537
,130880524,1538
,130880525,1539
514,130880526,1540
,130880527,1541
,130880528,1542
515,130880529,1543
,130880530,1544
,130880531,1545
516,130880532,1546
,130880533,1547
,130880534,1548
517,130880535,1549
,130880536,1550
,130880537,1551
518,130880538,1552
,130880539,1553
,130880540,1554
519,130880541,1555
,130880542,1556
,130880543,1557
520,130880544,1558
,130880545,1559
,130880546,1560
521,130880547,1561
,130880548,1562
,130880549,1563
522,130880550,1564
,130880551,1565
,130880552,1566
523,130880553,1567
,130880554,1568
,130880555,1569
524,130880556,1570
,130880557,1571
,130880558,1572
525,130880559,1573
,130880560,1574
,130880561,1575
526,130880562,1576
,130880563,1577
,130880564,1578
527,130880565,1579
,130880566,1580
,130880567,1581
528,130880568,1582
,130880569,1583
,130880570,1584
529,130880571,1585
,130880572,1586
,130880573,1587
530,130880574,1588
,130880575,1589
,130880576,1590
531,130880577,1591
,130880578,1592
,130880579,1593
532,130880580,1594
,130880581,1595
,130880582,1596
533,130880583,1597
,130880584,1598
,130880585,1599
534,130880586,1600
,130880587,1601
,130880588,1602
535,130880589,1603
,130880590,1604
,130880591,1605
536,130880592,1606
,130880593,1607
,130880594,1608
537,130880595,1609
,130880596,1610
,130880597,1611
538,130880598,1612
,130880599,1613
,130880600,1614
539,130880601,1615
,130880602,1616
,130880603,1617
540,130880604,1618
,130880605,1619
,130880606,1620
541,130880607,1621
,130880608,1622
,130880609,1623
542,130880610,1624
,130880611,1625
,130880612,1626
543,130880613,1627
,130880614,1628
,130880615,1629
544,130880616,1630
,130880617,1631
,130880618,1632
545,130880619,1633
,130880620,1634
,130880621,1635
546,130880622,1636
,130880623,1637
,130880624,1638
547,130880625,1639
,130880626,1640
,130880627,1641
548,130880628,1642
,130880629,1643
,130880630,1644
549,130880631,1645
,130880632,1646
,130880633,1647
550,130880634,1648
,130880635,1649
,130880636,1650
551,130880637,1651
,130880638,1652
,130880639,1653
552,130880640,1654
,130880641,1655
,130880642,1656
553,130880643,1657
,130880644,1658
,130880645,1659
554,130880646,1660
,130880647,1661
,130880648,1662
555,130880649,1663
,130880650,1664
,130880651,1665
556,130880652,1666
,130880653,1667
,130880654,1668
557,130880655,1669
,130880656,1670
,130880657,1671
558,130880658,1672
,130880659,1673
,130880660,1674
559,130880661,1675
,130880662,1676
,130880663,1677
560,130880664,1678
,130883969,1679
,130883970,1680
561,130883971,1681
,130883972,1682
,130883973,1683
562,130883974,1684
,130883975,1685
,130883976,1686
563,130883977,1687
,130883978,1688
,130883979,1689
564,130883980,1690
,130883981,1691
,130883982,1692
565,130883983,1693
,130883984,1694
,130883985,1695
566,130883986,1696
,130883987,1697
,130883988,1698
567,130883989,1699
,130883990,1700
,130883991,1701
568,130883992,1702
,130883993,1703
,130883994,1704
569,130883995,1705
,130883996,1706
,130883997,1707
570,130883998,1708
,130883999,1709
,130884000,1710
571,130884001,1711
,130884002,1712
,130884003,1713
572,130884004,1714
,130884005,1715
,130884006,1716
573,130884007,1717
,130884008,1718
,130884009,1719
574,130884010,1720
,130884011,1721
,130884012,1722
575,130884013,1723
,130884014,1724
,130884015,1725
576,130884016,1726
,130884017,1727
,130884018,1728
577,130884019,1729
,130884020,1730
,130884021,1731
578,130884022,1732
,130884023,1733
,130884024,1734
579,130884025,1735
,130884026,1736
,130884027,1737
580,130884028,1738
,130884029,1739
,130884030,1740
581,130884031,1741
,130884032,1742
,130884033,1743
582,130884034,1744
,130884035,1745
,130884036,1746
583,130884037,1747
,130884038,1748
,130884039,1749
584,130884040,1750
,130884041,1751
,130884042,1752
585,130884043,1753
,130884044,1754
,130884045,1755
586,130884046,1756
,130884047,1757
,130884048,1758
587,130884049,1759
,130884050,1760
,130884051,1761
588,130884052,1762
,130884053,1763
,130884054,1764
589,130884055,1765
,130884056,1766
,130884057,1767
590,130884058,1768
,130884059,1769
,130884060,1770
591,130884061,1771
,130884062,1772
,130884063,1773
592,130884064,1774
,130884065,1775
,130884066,1776
593,130884067,1777
,130884068,1778
,130884069,1779
594,130884070,1780
,130884071,1781
,130884072,1782
595,130884073,1783
,130884074,1784
,130884075,1785
596,130884076,1786
,130884077,1787
,130884078,1788
597,130884079,1789
,130884080,1790
,130884081,1791
598,130884082,1792
,130884083,1793
,130884084,1794
599,130884085,1795
,130884086,1796
,130884087,1797
600,130884088,1798
,130884089,1799
,130884090,1800
601,130884091,1801
,130884092,1802
,130884093,1803
602,130884094,1804
,130884095,1805
,130884096,1806
603,130884097,1807
,130884098,1808
,130884099,1809
604,130884100,1810
,130884101,1811
,130884102,1812
605,130884103,1813
,130884104,1814
,130884105,1815
606,130884106,1816
,130884107,1817
,130884108,1818
607,130884109,1819
,130884110,1820
,130884111,1821
608,130884112,1822
,130884113,1823
,130884114,1824
609,130884115,1825
,130884116,1826
,130884117,1827
610,130884118,1828
,130884119,1829
,130884120,1830
611,130884121,1831
,130884122,1832
,130884123,1833
612,130884124,1834
,130884125,1835
,130884126,1836
613,130884127,1837
,130884128,1838
,130884129,1839
614,130884130,1840
,130884131,1841
,130884132,1842
615,130884133,1843
,130884134,1844
,130884135,1845
616,130884136,1846
,130884137,1847
,130884138,1848
617,130884139,1849
,130884140,1850
,130884141,1851
618,130884142,1852
,130884143,1853
,130884144,1854
619,130884145,1855
,130884146,1856
,130884147,1857
620,130884148,1858
,130884149,1859
,130884150,1860
621,130884151,1861
,130884152,1862
,130884153,1863
622,130884154,1864
,130884155,1865
,130884156,1866
623,130884157,1867
,130884158,1868
,130884159,1869
624,130884160,1870
,130884161,1871
,130884162,1872
625,130884163,1873
,130884164,1874
,130884165,1875
626,130884166,1876
,130884167,1877
,130884168,1878
627,130884169,1879
,130884170,1880
,130884171,1881
628,130884172,1882
,130884173,1883
,130884174,1884
629,130884175,1885
,130884176,1886
,130884177,1887
630,130884178,1888
,130884179,1889
,130884180,1890
631,130884181,1891
,130884182,1892
,130884183,1893
632,130884184,1894
,130884185,1895
,130884186,1896
633,130884187,1897
,130884188,1898
,130884189,1899
634,130884190,1900
,130884191,1901
,130884192,1902
635,130884193,1903
,130884194,1904
,130884195,1905
636,130884196,1906
,130884197,1907
,130884198,1908
637,130884199,1909
,130884200,1910
,130884201,1911
638,130884202,1912
,130884203,1913
,130884204,1914
639,130884205,1915
,130884206,1916
,130884207,1917
640,130884208,1918
,130884209,1919
,130884210,1920
641,130884211,1921
,130884212,1922
,130884213,1923
642,130884214,1924
,130884215,1925
,130884216,1926
643,130884217,1927
,130884218,1928
,130884219,1929
644,130884220,1930
,130884221,1931
,130884222,1932
645,130884223,1933
,130884224,1934
,130884225,1935
646,130884226,1936
,130884227,1937
,130884228,1938
647,130884229,1939
,130884230,1940
,130884231,1941
648,130884232,1942
,130884233,1943
,130884234,1944
649,130884235,1945
,130884236,1946
,130884237,1947
650,130884238,1948
,130884239,1949
,130884240,1950
651,130884241,1951
,130884242,1952
,130884243,1953
652,130884244,1954
,130884245,1955
,130884246,1956
653,130884247,1957
,130884248,1958
,130884249,1959
654,130884250,1960
,130884251,1961
,130884252,1962
655,130884253,1963
,130884254,1964
,130884255,1965
656,130884256,1966
,130884257,1967
,130884258,1968
657,130884259,1969
,130884260,1970
,130884261,1971
658,130884262,1972
,130884263,1973
,130884264,1974
659,130884265,1975
,130884266,1976
,130884267,1977
660,130884268,1978
,130884269,1979
,130884270,1980
661,130884271,1981
,130884272,1982
,130884273,1983
662,130884274,1984
,130884275,1985
,130884276,1986
663,130884277,1987
,130884278,1988
,130884279,1989
664,130884280,1990
,130884281,1991
,130884282,1992
665,130884283,1993
,130884284,1994
,130884285,1995
666,130884286,1996
,130884287,1997
,130884288,1998
667,130884289,1999
,130884290,2000
,130884291,2001
668,130884292,2002
,130884293,2003
,130884294,2004
669,130884295,2005
,130884296,2006
,130884297,2007
670,130884298,2008
,130884299,2009
,130884300,2010
671,130884301,2011
,130884302,2012
,130884303,2013
672,130884304,2014
,130884305,2015
,130884306,2016
673,130884307,2017
,130884308,2018
,130884309,2019
674,130884310,2020
,130884311,2021
,130884312,2022
675,130884313,2023
,130884314,2024
,130884315,2025
676,130884316,2026
,130884317,2027
,130884318,2028
677,130884319,2029
,130884320,2030
,130884321,2031
678,130884322,2032
,130884323,2033
,130884324,2034
679,130884325,2035
,130884326,2036
,130884327,2037
680,130884328,2038
,130884329,2039
,130884330,2040
681,130884331,2041
,130884332,2042
,130884333,2043
682,130884334,2044
,130884335,2045
,130884336,2046
683,130884337,2047
,130884338,2048
,130884339,2049
684,130884340,2050
,130884341,2051
,130884342,2052
685,130884343,2053
,130884344,2054
,130884345,2055
686,130884346,2056
,130884347,2057
,130884348,2058
687,130884349,2059
,130884350,2060
,130884351,2061
688,130884352,2062
,130884353,2063
,130884354,2064
689,130884355,2065
,130884356,2066
,130884357,2067
690,130884358,2068
,130884359,2069
,130884360,2070
691,130884361,2071
,130884362,2072
,130884363,2073
692,130884364,2074
,130884365,2075
,130884366,2076
693,130884367,2077
,130884368,2078
,130884369,2079
694,130884370,2080
,130884371,2081
,130884372,2082
695,130884373,2083
,130884374,2084
,130884375,2085
696,130884376,2086
,130884377,2087
,130884378,2088
697,130884379,2089
,130884380,2090
,130884381,2091
698,130884382,2092
,130884383,2093
,130884384,2094
699,130884385,2095
,130884386,2096
,130884387,2097
700,130884388,2098