"","mutant","experiment","Spike_in_freq","duration","netgr_obs","drug_effect_obs","conc","y_model","drug_effect","netgr_pred"
"1","T315I","M4",5000,"d0d3",NA,NA,0.8,0.816264823799214,0.00281967274583036,0.0521803272541696
"2","T315I","M5",1000,"d0d3",NA,NA,0.8,0.816264823799214,0.00281967274583036,0.0521803272541696
"3","T315I","M3",1000,"d0d3",0.0616556918320131,-0.00665569183201306,0.8,0.816264823799214,0.00281967274583036,0.0521803272541696
"4","T315I","Enu_4",1000,"d3d6",0.0537551502324575,0.00124484976754247,0.8,0.816264823799214,0.00281967274583036,0.0521803272541696
"5","T315I","M3",1000,"d3d6",0.0556532112719625,-0.000653211271962544,0.8,0.816264823799214,0.00281967274583036,0.0521803272541696
"6","T315I","M4",5000,"d3d6",0.0577607817388496,-0.0027607817388496,0.8,0.816264823799214,0.00281967274583036,0.0521803272541696
"7","T315I","Enu_4",1000,"d0d3",0.0580688018058896,-0.00306880180588959,0.8,0.816264823799214,0.00281967274583036,0.0521803272541696
"8","T315I","M7",1000,"d0d3",NA,NA,0.8,0.816264823799214,0.00281967274583036,0.0521803272541696
"9","T315I","M7",1000,"d3d6",0.0512023868232599,0.00379761317674012,0.8,0.816264823799214,0.00281967274583036,0.0521803272541696
"10","T315I","M7",1000,"d0d6",NA,NA,0.8,0.816264823799214,0.00281967274583036,0.0521803272541696
"11","T315I","M6",5000,"d0d3",0.0644298708294598,-0.00942987082945979,0.8,0.816264823799214,0.00281967274583036,0.0521803272541696
"12","T315I","Enu_3",1000,"d3d6",0.0648127500372221,-0.00981275003722213,0.8,0.816264823799214,0.00281967274583036,0.0521803272541696
"13","T315I","Enu_3",1000,"d0d6",NA,NA,0.8,0.816264823799214,0.00281967274583036,0.0521803272541696
"14","T315I","Enu_4",1000,"d0d6",0.0559119760191736,-0.00091197601917356,0.8,0.816264823799214,0.00281967274583036,0.0521803272541696
"15","T315I","M3",1000,"d0d6",0.0586544515519878,-0.00365445155198781,0.8,0.816264823799214,0.00281967274583036,0.0521803272541696
"16","T315I","M5",1000,"d3d6",0.0431633699185258,0.0118366300814742,0.8,0.816264823799214,0.00281967274583036,0.0521803272541696
"17","T315I","M6",5000,"d3d6",0.0564405227297085,-0.00144052272970849,0.8,0.816264823799214,0.00281967274583036,0.0521803272541696
"18","T315I","M6",5000,"d0d6",0.0604351967795841,-0.00543519677958414,0.8,0.816264823799214,0.00281967274583036,0.0521803272541696
"19","T315I","M4",5000,"d0d6",NA,NA,0.8,0.816264823799214,0.00281967274583036,0.0521803272541696
"20","T315I","M5",1000,"d0d6",NA,NA,0.8,0.816264823799214,0.00281967274583036,0.0521803272541696
"21","T315I","Enu_3",1000,"d0d3",NA,NA,0.8,0.816264823799214,0.00281967274583036,0.0521803272541696
"22","Y253H","M3",1000,"d0d3",0.0691322117935927,-0.0141322117935927,0.8,0.986688765575495,0.00018611976444765,0.0548138802355524
"23","Y253H","M4",5000,"d0d3",NA,NA,0.8,0.986688765575495,0.00018611976444765,0.0548138802355524
"24","Y253H","Enu_4",1000,"d0d3",0.050266512878395,0.00473348712160501,0.8,0.986688765575495,0.00018611976444765,0.0548138802355524
"25","Y253H","Enu_4",1000,"d3d6",0.0478060522228905,0.00719394777710947,0.8,0.986688765575495,0.00018611976444765,0.0548138802355524
"26","Y253H","M5",1000,"d0d3",NA,NA,0.8,0.986688765575495,0.00018611976444765,0.0548138802355524
"27","Y253H","Enu_3",1000,"d0d3",NA,NA,0.8,0.986688765575495,0.00018611976444765,0.0548138802355524
"28","Y253H","Enu_3",1000,"d3d6",0.0583947314978924,-0.00339473149789241,0.8,0.986688765575495,0.00018611976444765,0.0548138802355524
"29","Y253H","M3",1000,"d3d6",0.0566953578581641,-0.00169535785816408,0.8,0.986688765575495,0.00018611976444765,0.0548138802355524
"30","Y253H","M7",1000,"d0d6",NA,NA,0.8,0.986688765575495,0.00018611976444765,0.0548138802355524
"31","Y253H","M4",5000,"d3d6",0.0555527219221449,-0.000552721922144908,0.8,0.986688765575495,0.00018611976444765,0.0548138802355524
"32","Y253H","M6",5000,"d0d3",0.070689834124514,-0.015689834124514,0.8,0.986688765575495,0.00018611976444765,0.0548138802355524
"33","Y253H","M7",1000,"d3d6",0.0539402361362578,0.00105976386374222,0.8,0.986688765575495,0.00018611976444765,0.0548138802355524
"34","Y253H","Enu_4",1000,"d0d6",0.0490362825506428,0.00596371744935723,0.8,0.986688765575495,0.00018611976444765,0.0548138802355524
"35","Y253H","M6",5000,"d3d6",0.0577807399467394,-0.00278073994673943,0.8,0.986688765575495,0.00018611976444765,0.0548138802355524
"36","Y253H","M3",1000,"d0d6",0.0629137848258784,-0.00791378482587839,0.8,0.986688765575495,0.00018611976444765,0.0548138802355524
"37","Y253H","Enu_3",1000,"d0d6",NA,NA,0.8,0.986688765575495,0.00018611976444765,0.0548138802355524
"38","Y253H","M6",5000,"d0d6",0.0642352870356267,-0.00923528703562673,0.8,0.986688765575495,0.00018611976444765,0.0548138802355524
"39","Y253H","M5",1000,"d0d6",NA,NA,0.8,0.986688765575495,0.00018611976444765,0.0548138802355524
"40","Y253H","M5",1000,"d3d6",0.0426865554238963,0.0123134445761037,0.8,0.986688765575495,0.00018611976444765,0.0548138802355524
"41","Y253H","M7",1000,"d0d3",NA,NA,0.8,0.986688765575495,0.00018611976444765,0.0548138802355524
"42","Y253H","M4",5000,"d0d6",NA,NA,0.8,0.986688765575495,0.00018611976444765,0.0548138802355524
"43","E255V","M5",1000,"d0d3",NA,NA,0.8,0.999945386760849,7.58537923724257e-07,0.0549992414620763
"44","E255V","M4",5000,"d0d3",NA,NA,0.8,0.999945386760849,7.58537923724257e-07,0.0549992414620763
"45","E255V","M6",5000,"d0d3",0.0813387855024452,-0.0263387855024452,0.8,0.999945386760849,7.58537923724257e-07,0.0549992414620763
"46","E255V","M5",1000,"d3d6",0.0420585991056577,0.0129414008943423,0.8,0.999945386760849,7.58537923724257e-07,0.0549992414620763
"47","E255V","M7",1000,"d3d6",0.0521537397342698,0.00284626026573022,0.8,0.999945386760849,7.58537923724257e-07,0.0549992414620763
"48","E255V","M4",5000,"d3d6",0.0575613596791261,-0.00256135967912609,0.8,0.999945386760849,7.58537923724257e-07,0.0549992414620763
"49","E255V","M3",1000,"d0d6",0.0599495213000037,-0.00494952130000372,0.8,0.999945386760849,7.58537923724257e-07,0.0549992414620763
"50","E255V","M7",1000,"d0d3",NA,NA,0.8,0.999945386760849,7.58537923724257e-07,0.0549992414620763
"51","E255V","M3",1000,"d0d3",0.0626300306066603,-0.00763003060666034,0.8,0.999945386760849,7.58537923724257e-07,0.0549992414620763
"52","E255V","M7",1000,"d0d6",NA,NA,0.8,0.999945386760849,7.58537923724257e-07,0.0549992414620763
"53","E255V","M4",5000,"d0d6",NA,NA,0.8,0.999945386760849,7.58537923724257e-07,0.0549992414620763
"54","E255V","M6",5000,"d3d6",0.0565968051157205,-0.00159680511572053,0.8,0.999945386760849,7.58537923724257e-07,0.0549992414620763
"55","E255V","M3",1000,"d3d6",0.0572690119933471,-0.00226901199334712,0.8,0.999945386760849,7.58537923724257e-07,0.0549992414620763
"56","E255V","M6",5000,"d0d6",0.0689677953090829,-0.0139677953090829,0.8,0.999945386760849,7.58537923724257e-07,0.0549992414620763
"57","E255V","M5",1000,"d0d6",NA,NA,0.8,0.999945386760849,7.58537923724257e-07,0.0549992414620763
"58","M351T","M5",1000,"d0d3",NA,NA,0.8,0.226295906412906,0.0206376641071009,0.0343623358928991
"59","M351T","M4",5000,"d0d3",NA,NA,0.8,0.226295906412906,0.0206376641071009,0.0343623358928991
"60","M351T","M6",5000,"d0d3",0.0711151434288902,-0.0161151434288902,0.8,0.226295906412906,0.0206376641071009,0.0343623358928991
"61","M351T","M7",1000,"d0d3",NA,NA,0.8,0.226295906412906,0.0206376641071009,0.0343623358928991
"62","M351T","M7",1000,"d3d6",0.048565238848959,0.00643476115104097,0.8,0.226295906412906,0.0206376641071009,0.0343623358928991
"63","M351T","M4",5000,"d3d6",0.0517805755748803,0.00321942442511969,0.8,0.226295906412906,0.0206376641071009,0.0343623358928991
"64","M351T","M5",1000,"d3d6",0.0413809616989955,0.0136190383010045,0.8,0.226295906412906,0.0206376641071009,0.0343623358928991
"65","M351T","M3",1000,"d0d3",0.0509812388688562,0.00401876113114378,0.8,0.226295906412906,0.0206376641071009,0.0343623358928991
"66","M351T","M3",1000,"d3d6",0.0550596784448217,-5.967844482168e-05,0.8,0.226295906412906,0.0206376641071009,0.0343623358928991
"67","M351T","M3",1000,"d0d6",0.053020458656839,0.00197954134316105,0.8,0.226295906412906,0.0206376641071009,0.0343623358928991
"68","M351T","M6",5000,"d3d6",0.0504638392474484,0.00453616075255157,0.8,0.226295906412906,0.0206376641071009,0.0343623358928991
"69","M351T","M5",1000,"d0d6",NA,NA,0.8,0.226295906412906,0.0206376641071009,0.0343623358928991
"70","M351T","M6",5000,"d0d6",0.0607894913381693,-0.00578949133816933,0.8,0.226295906412906,0.0206376641071009,0.0343623358928991
"71","M351T","M7",1000,"d0d6",NA,NA,0.8,0.226295906412906,0.0206376641071009,0.0343623358928991
"72","M351T","M4",5000,"d0d6",NA,NA,0.8,0.226295906412906,0.0206376641071009,0.0343623358928991
"73","G250E","M3",1000,"d3d6",0.0517196077013197,0.00328039229868034,0.8,0.69200220586075,0.00511341855152089,0.0498865814484791
"74","G250E","M4",5000,"d0d3",NA,NA,0.8,0.69200220586075,0.00511341855152089,0.0498865814484791
"75","G250E","M5",1000,"d0d3",NA,NA,0.8,0.69200220586075,0.00511341855152089,0.0498865814484791
"76","G250E","M3",1000,"d0d3",0.058362136592558,-0.00336213659255802,0.8,0.69200220586075,0.00511341855152089,0.0498865814484791
"77","G250E","Enu_4",1000,"d3d6",0.0481939493933277,0.00680605060667228,0.8,0.69200220586075,0.00511341855152089,0.0498865814484791
"78","G250E","Enu_4",1000,"d0d6",0.0477103929745677,0.00728960702543231,0.8,0.69200220586075,0.00511341855152089,0.0498865814484791
"79","G250E","M3",1000,"d0d6",0.0550408721469388,-4.08721469388404e-05,0.8,0.69200220586075,0.00511341855152089,0.0498865814484791
"80","G250E","M4",5000,"d3d6",0.0501433491660108,0.00485665083398916,0.8,0.69200220586075,0.00511341855152089,0.0498865814484791
"81","G250E","M5",1000,"d3d6",0.0375950168128817,0.0174049831871183,0.8,0.69200220586075,0.00511341855152089,0.0498865814484791
"82","G250E","M6",5000,"d0d3",0.0781230706856515,-0.0231230706856515,0.8,0.69200220586075,0.00511341855152089,0.0498865814484791
"83","G250E","M7",1000,"d0d3",NA,NA,0.8,0.69200220586075,0.00511341855152089,0.0498865814484791
"84","G250E","M7",1000,"d3d6",0.0471097526960482,0.00789024730395178,0.8,0.69200220586075,0.00511341855152089,0.0498865814484791
"85","G250E","M7",1000,"d0d6",NA,NA,0.8,0.69200220586075,0.00511341855152089,0.0498865814484791
"86","G250E","M4",5000,"d0d6",NA,NA,0.8,0.69200220586075,0.00511341855152089,0.0498865814484791
"87","G250E","Enu_3",1000,"d0d3",NA,NA,0.8,0.69200220586075,0.00511341855152089,0.0498865814484791
"88","G250E","Enu_3",1000,"d3d6",0.0605235691423465,-0.0055235691423465,0.8,0.69200220586075,0.00511341855152089,0.0498865814484791
"89","G250E","Enu_4",1000,"d0d3",0.0472268365558077,0.00777316344419234,0.8,0.69200220586075,0.00511341855152089,0.0498865814484791
"90","G250E","Enu_3",1000,"d0d6",NA,NA,0.8,0.69200220586075,0.00511341855152089,0.0498865814484791
"91","G250E","M5",1000,"d0d6",NA,NA,0.8,0.69200220586075,0.00511341855152089,0.0498865814484791
"92","G250E","M6",5000,"d3d6",0.0511485233285775,0.00385147667142253,0.8,0.69200220586075,0.00511341855152089,0.0498865814484791
"93","G250E","M6",5000,"d0d6",0.0646357970071145,-0.0096357970071145,0.8,0.69200220586075,0.00511341855152089,0.0498865814484791
"94","H396P","M3",1000,"d0d3",0.0513796625167495,0.00362033748325052,0.8,0.863296198065183,0.00204163094035968,0.0529583690596403
"95","H396P","M7",1000,"d0d3",NA,NA,0.8,0.863296198065183,0.00204163094035968,0.0529583690596403
"96","H396P","M7",1000,"d3d6",0.0361782186753564,0.0188217813246436,0.8,0.863296198065183,0.00204163094035968,0.0529583690596403
"97","H396P","M7",1000,"d0d6",NA,NA,0.8,0.863296198065183,0.00204163094035968,0.0529583690596403
"98","H396P","M6",5000,"d0d3",0.0671943722893807,-0.0121943722893807,0.8,0.863296198065183,0.00204163094035968,0.0529583690596403
"99","H396P","Enu_4",1000,"d0d6",0.0334118473658627,0.0215881526341373,0.8,0.863296198065183,0.00204163094035968,0.0529583690596403
"100","H396P","M3",1000,"d3d6",0.0487243231157813,0.00627567688421873,0.8,0.863296198065183,0.00204163094035968,0.0529583690596403
"101","H396P","M4",5000,"d0d3",NA,NA,0.8,0.863296198065183,0.00204163094035968,0.0529583690596403
"102","H396P","Enu_4",1000,"d3d6",0.0324653619355813,0.0225346380644187,0.8,0.863296198065183,0.00204163094035968,0.0529583690596403
"103","H396P","M5",1000,"d0d3",NA,NA,0.8,0.863296198065183,0.00204163094035968,0.0529583690596403
"104","H396P","M6",5000,"d3d6",0.0407904899805769,0.0142095100194231,0.8,0.863296198065183,0.00204163094035968,0.0529583690596403
"105","H396P","M6",5000,"d0d6",0.0539924311349788,0.00100756886502119,0.8,0.863296198065183,0.00204163094035968,0.0529583690596403
"106","H396P","Enu_4",1000,"d0d3",0.034358332796144,0.020641667203856,0.8,0.863296198065183,0.00204163094035968,0.0529583690596403
"107","H396P","Enu_3",1000,"d0d3",NA,NA,0.8,0.863296198065183,0.00204163094035968,0.0529583690596403
"108","H396P","Enu_3",1000,"d3d6",0.0421812905742452,0.0128187094257548,0.8,0.863296198065183,0.00204163094035968,0.0529583690596403
"109","H396P","Enu_3",1000,"d0d6",NA,NA,0.8,0.863296198065183,0.00204163094035968,0.0529583690596403
"110","H396P","M3",1000,"d0d6",0.0500519928162654,0.00494800718373463,0.8,0.863296198065183,0.00204163094035968,0.0529583690596403
"111","H396P","M4",5000,"d3d6",0.0378978239950472,0.0171021760049528,0.8,0.863296198065183,0.00204163094035968,0.0529583690596403
"112","H396P","M4",5000,"d0d6",NA,NA,0.8,0.863296198065183,0.00204163094035968,0.0529583690596403
"113","H396P","M5",1000,"d3d6",0.0318396979860822,0.0231603020139178,0.8,0.863296198065183,0.00204163094035968,0.0529583690596403
"114","H396P","M5",1000,"d0d6",NA,NA,0.8,0.863296198065183,0.00204163094035968,0.0529583690596403
"115","L248V","M5",1000,"d0d3",NA,NA,0.8,0.492190092950689,0.00984569818506512,0.0451543018149349
"116","L248V","M6",5000,"d0d3",0.0642524140765957,-0.00925241407659567,0.8,0.492190092950689,0.00984569818506512,0.0451543018149349
"117","L248V","M7",1000,"d0d3",NA,NA,0.8,0.492190092950689,0.00984569818506512,0.0451543018149349
"118","L248V","M4",5000,"d0d3",NA,NA,0.8,0.492190092950689,0.00984569818506512,0.0451543018149349
"119","L248V","M3",1000,"d3d6",0.0396406266927503,0.0153593733072497,0.8,0.492190092950689,0.00984569818506512,0.0451543018149349
"120","L248V","M4",5000,"d3d6",0.0309686188981078,0.0240313811018922,0.8,0.492190092950689,0.00984569818506512,0.0451543018149349
"121","L248V","M5",1000,"d3d6",0.0281485278643909,0.0268514721356091,0.8,0.492190092950689,0.00984569818506512,0.0451543018149349
"122","L248V","M6",5000,"d3d6",0.0302288352512854,0.0247711647487146,0.8,0.492190092950689,0.00984569818506512,0.0451543018149349
"123","L248V","M7",1000,"d3d6",0.0269192923087508,0.0280807076912492,0.8,0.492190092950689,0.00984569818506512,0.0451543018149349
"124","L248V","M7",1000,"d0d6",NA,NA,0.8,0.492190092950689,0.00984569818506512,0.0451543018149349
"125","L248V","Enu_3",1000,"d0d3",NA,NA,0.8,0.492190092950689,0.00984569818506512,0.0451543018149349
"126","L248V","Enu_4",1000,"d0d3",0.0401630011874868,0.0148369988125132,0.8,0.492190092950689,0.00984569818506512,0.0451543018149349
"127","L248V","M3",1000,"d0d3",0.0458359814430316,0.00916401855696845,0.8,0.492190092950689,0.00984569818506512,0.0451543018149349
"128","L248V","Enu_4",1000,"d0d6",0.0368966108502446,0.0181033891497554,0.8,0.492190092950689,0.00984569818506512,0.0451543018149349
"129","L248V","M3",1000,"d0d6",0.0427383040678909,0.0122616959321091,0.8,0.492190092950689,0.00984569818506512,0.0451543018149349
"130","L248V","M4",5000,"d0d6",NA,NA,0.8,0.492190092950689,0.00984569818506512,0.0451543018149349
"131","L248V","M5",1000,"d0d6",NA,NA,0.8,0.492190092950689,0.00984569818506512,0.0451543018149349
"132","L248V","M6",5000,"d0d6",0.0472406246639405,0.00775937533605948,0.8,0.492190092950689,0.00984569818506512,0.0451543018149349
"133","L248V","Enu_3",1000,"d0d6",NA,NA,0.8,0.492190092950689,0.00984569818506512,0.0451543018149349
"134","L248V","Enu_3",1000,"d3d6",0.0471623689742514,0.00783763102574856,0.8,0.492190092950689,0.00984569818506512,0.0451543018149349
"135","L248V","Enu_4",1000,"d3d6",0.0336302205130024,0.0213697794869976,0.8,0.492190092950689,0.00984569818506512,0.0451543018149349
"136","H396R","M6",5000,"d0d3",0.0398941155880398,0.0151058844119602,0.8,0.3780267970636,0.0135109749190639,0.0414890250809361
"137","H396R","M5",1000,"d0d3",NA,NA,0.8,0.3780267970636,0.0135109749190639,0.0414890250809361
"138","H396R","M4",5000,"d3d6",0.0365771742828268,0.0184228257171732,0.8,0.3780267970636,0.0135109749190639,0.0414890250809361
"139","H396R","M7",1000,"d0d3",NA,NA,0.8,0.3780267970636,0.0135109749190639,0.0414890250809361
"140","H396R","M7",1000,"d3d6",0.0441999457380923,0.0108000542619077,0.8,0.3780267970636,0.0135109749190639,0.0414890250809361
"141","H396R","M4",5000,"d0d3",NA,NA,0.8,0.3780267970636,0.0135109749190639,0.0414890250809361
"142","H396R","M7",1000,"d0d6",NA,NA,0.8,0.3780267970636,0.0135109749190639,0.0414890250809361
"143","H396R","M5",1000,"d3d6",0.0323473649519127,0.0226526350480873,0.8,0.3780267970636,0.0135109749190639,0.0414890250809361
"144","H396R","M6",5000,"d3d6",0.0417233554390856,0.0132766445609144,0.8,0.3780267970636,0.0135109749190639,0.0414890250809361
"145","H396R","M6",5000,"d0d6",0.0408087355135627,0.0141912644864373,0.8,0.3780267970636,0.0135109749190639,0.0414890250809361
"146","H396R","M3",1000,"d3d6",0.0427198643829193,0.0122801356170807,0.8,0.3780267970636,0.0135109749190639,0.0414890250809361
"147","H396R","M3",1000,"d0d6",0.0400808961635351,0.0149191038364649,0.8,0.3780267970636,0.0135109749190639,0.0414890250809361
"148","H396R","M4",5000,"d0d6",NA,NA,0.8,0.3780267970636,0.0135109749190639,0.0414890250809361
"149","H396R","M3",1000,"d0d3",0.0374419279441509,0.0175580720558491,0.8,0.3780267970636,0.0135109749190639,0.0414890250809361
"150","H396R","M5",1000,"d0d6",NA,NA,0.8,0.3780267970636,0.0135109749190639,0.0414890250809361
"151","Y253F","M7",1000,"d3d6",0.0355397221781819,0.0194602778218181,0.8,0.640995317362109,0.00617684899021483,0.0488231510097852
"152","Y253F","M7",1000,"d0d6",NA,NA,0.8,0.640995317362109,0.00617684899021483,0.0488231510097852
"153","Y253F","M5",1000,"d0d3",NA,NA,0.8,0.640995317362109,0.00617684899021483,0.0488231510097852
"154","Y253F","M3",1000,"d0d3",0.032550335908946,0.022449664091054,0.8,0.640995317362109,0.00617684899021483,0.0488231510097852
"155","Y253F","M4",5000,"d0d3",NA,NA,0.8,0.640995317362109,0.00617684899021483,0.0488231510097852
"156","Y253F","M3",1000,"d3d6",0.0469383450557703,0.00806165494422971,0.8,0.640995317362109,0.00617684899021483,0.0488231510097852
"157","Y253F","M7",1000,"d0d3",NA,NA,0.8,0.640995317362109,0.00617684899021483,0.0488231510097852
"158","Y253F","M6",5000,"d3d6",0.0382051517146049,0.0167948482853951,0.8,0.640995317362109,0.00617684899021483,0.0488231510097852
"159","Y253F","M6",5000,"d0d6",0.0496634357193594,0.00533656428064063,0.8,0.640995317362109,0.00617684899021483,0.0488231510097852
"160","Y253F","M4",5000,"d0d6",NA,NA,0.8,0.640995317362109,0.00617684899021483,0.0488231510097852
"161","Y253F","M4",5000,"d3d6",0.0336183747514546,0.0213816252485454,0.8,0.640995317362109,0.00617684899021483,0.0488231510097852
"162","Y253F","M6",5000,"d0d3",0.0611217197241139,-0.00612171972411389,0.8,0.640995317362109,0.00617684899021483,0.0488231510097852
"163","Y253F","M5",1000,"d0d6",NA,NA,0.8,0.640995317362109,0.00617684899021483,0.0488231510097852
"164","Y253F","M3",1000,"d0d6",0.0397443404823581,0.0152556595176419,0.8,0.640995317362109,0.00617684899021483,0.0488231510097852
"165","Y253F","M5",1000,"d3d6",0.0299196444387935,0.0250803555612065,0.8,0.640995317362109,0.00617684899021483,0.0488231510097852
"166","Q252H","M4",5000,"d0d3",NA,NA,0.8,0.659330831172478,0.00578513681195724,0.0492148631880428
"167","Q252H","M3",1000,"d3d6",0.0350310392612771,0.0199689607387229,0.8,0.659330831172478,0.00578513681195724,0.0492148631880428
"168","Q252H","M3",1000,"d0d3",0.0353917597999288,0.0196082402000712,0.8,0.659330831172478,0.00578513681195724,0.0492148631880428
"169","Q252H","M7",1000,"d3d6",0.026188301691051,0.028811698308949,0.8,0.659330831172478,0.00578513681195724,0.0492148631880428
"170","Q252H","M5",1000,"d0d3",NA,NA,0.8,0.659330831172478,0.00578513681195724,0.0492148631880428
"171","Q252H","M6",5000,"d0d3",0.0380807945834078,0.0169192054165922,0.8,0.659330831172478,0.00578513681195724,0.0492148631880428
"172","Q252H","M7",1000,"d0d3",NA,NA,0.8,0.659330831172478,0.00578513681195724,0.0492148631880428
"173","Q252H","Enu_4",1000,"d3d6",NA,NA,0.8,0.659330831172478,0.00578513681195724,0.0492148631880428
"174","Q252H","M7",1000,"d0d6",NA,NA,0.8,0.659330831172478,0.00578513681195724,0.0492148631880428
"175","Q252H","M4",5000,"d3d6",0.0183321277910253,0.0366678722089747,0.8,0.659330831172478,0.00578513681195724,0.0492148631880428
"176","Q252H","Enu_4",1000,"d0d3",NA,NA,0.8,0.659330831172478,0.00578513681195724,0.0492148631880428
"177","Q252H","M6",5000,"d3d6",0.0222071460834166,0.0327928539165834,0.8,0.659330831172478,0.00578513681195724,0.0492148631880428
"178","Q252H","Enu_4",1000,"d0d6",NA,NA,0.8,0.659330831172478,0.00578513681195724,0.0492148631880428
"179","Q252H","M5",1000,"d3d6",0.0195654134351078,0.0354345865648922,0.8,0.659330831172478,0.00578513681195724,0.0492148631880428
"180","Q252H","M4",5000,"d0d6",NA,NA,0.8,0.659330831172478,0.00578513681195724,0.0492148631880428
"181","Q252H","M6",5000,"d0d6",0.0301439703334122,0.0248560296665878,0.8,0.659330831172478,0.00578513681195724,0.0492148631880428
"182","Q252H","M3",1000,"d0d6",0.035211399530603,0.019788600469397,0.8,0.659330831172478,0.00578513681195724,0.0492148631880428
"183","Q252H","M5",1000,"d0d6",NA,NA,0.8,0.659330831172478,0.00578513681195724,0.0492148631880428
"184","E255K","M5",1000,"d0d3",NA,NA,0.8,0.760926438925069,0.00379470263182885,0.0512052973681712
"185","E255K","M4",5000,"d0d3",NA,NA,0.8,0.760926438925069,0.00379470263182885,0.0512052973681712
"186","E255K","M6",5000,"d0d3",0.0452084170790659,0.00979158292093405,0.8,0.760926438925069,0.00379470263182885,0.0512052973681712
"187","E255K","M3",1000,"d0d3",0.0450944276782183,0.0099055723217817,0.8,0.760926438925069,0.00379470263182885,0.0512052973681712
"188","E255K","M4",5000,"d3d6",0.0310994307754623,0.0239005692245377,0.8,0.760926438925069,0.00379470263182885,0.0512052973681712
"189","E255K","M7",1000,"d0d6",NA,NA,0.8,0.760926438925069,0.00379470263182885,0.0512052973681712
"190","E255K","M5",1000,"d3d6",0.018454112899826,0.036545887100174,0.8,0.760926438925069,0.00379470263182885,0.0512052973681712
"191","E255K","M6",5000,"d3d6",0.0223612985762536,0.0326387014237464,0.8,0.760926438925069,0.00379470263182885,0.0512052973681712
"192","E255K","M7",1000,"d3d6",0.0273175236817737,0.0276824763182263,0.8,0.760926438925069,0.00379470263182885,0.0512052973681712
"193","E255K","M3",1000,"d0d6",0.0392877007731477,0.0157122992268523,0.8,0.760926438925069,0.00379470263182885,0.0512052973681712
"194","E255K","M6",5000,"d0d6",0.0337848578276598,0.0212151421723402,0.8,0.760926438925069,0.00379470263182885,0.0512052973681712
"195","E255K","M4",5000,"d0d6",NA,NA,0.8,0.760926438925069,0.00379470263182885,0.0512052973681712
"196","E255K","M3",1000,"d3d6",0.0334809738680772,0.0215190261319228,0.8,0.760926438925069,0.00379470263182885,0.0512052973681712
"197","E255K","M7",1000,"d0d3",NA,NA,0.8,0.760926438925069,0.00379470263182885,0.0512052973681712
"198","E255K","M5",1000,"d0d6",NA,NA,0.8,0.760926438925069,0.00379470263182885,0.0512052973681712
"199","F317L","Enu_4",1000,"d0d3",-0.00846362374972897,0.063463623749729,0.8,0.192507106352504,0.0228836418030386,0.0321163581969614
"200","F317L","M3",1000,"d0d3",0.0315381611218042,0.0234618388781958,0.8,0.192507106352504,0.0228836418030386,0.0321163581969614
"201","F317L","Enu_3",1000,"d0d3",NA,NA,0.8,0.192507106352504,0.0228836418030386,0.0321163581969614
"202","F317L","Enu_3",1000,"d3d6",NA,NA,0.8,0.192507106352504,0.0228836418030386,0.0321163581969614
"203","F317L","Enu_3",1000,"d0d6",NA,NA,0.8,0.192507106352504,0.0228836418030386,0.0321163581969614
"204","F317L","Enu_4",1000,"d3d6",NA,NA,0.8,0.192507106352504,0.0228836418030386,0.0321163581969614
"205","F317L","M3",1000,"d3d6",0.0308041892913613,0.0241958107086387,0.8,0.192507106352504,0.0228836418030386,0.0321163581969614
"206","F317L","M4",5000,"d0d3",NA,NA,0.8,0.192507106352504,0.0228836418030386,0.0321163581969614
"207","F317L","M5",1000,"d0d3",NA,NA,0.8,0.192507106352504,0.0228836418030386,0.0321163581969614
"208","F317L","M6",5000,"d0d3",0.0384925557400118,0.0165074442599882,0.8,0.192507106352504,0.0228836418030386,0.0321163581969614
"209","F317L","M7",1000,"d0d6",NA,NA,0.8,0.192507106352504,0.0228836418030386,0.0321163581969614
"210","F317L","M7",1000,"d3d6",0.0175466585203488,0.0374533414796512,0.8,0.192507106352504,0.0228836418030386,0.0321163581969614
"211","F317L","M3",1000,"d0d6",0.0311711752065828,0.0238288247934172,0.8,0.192507106352504,0.0228836418030386,0.0321163581969614
"212","F317L","M4",5000,"d3d6",0.0140740544933049,0.0409259455066951,0.8,0.192507106352504,0.0228836418030386,0.0321163581969614
"213","F317L","M5",1000,"d3d6",0.0157697540124068,0.0392302459875932,0.8,0.192507106352504,0.0228836418030386,0.0321163581969614
"214","F317L","Enu_4",1000,"d0d6",NA,NA,0.8,0.192507106352504,0.0228836418030386,0.0321163581969614
"215","F317L","M6",5000,"d0d6",0.0272712878822067,0.0277287121177933,0.8,0.192507106352504,0.0228836418030386,0.0321163581969614
"216","F317L","M7",1000,"d0d3",NA,NA,0.8,0.192507106352504,0.0228836418030386,0.0321163581969614
"217","F317L","M6",5000,"d3d6",0.0160500200244016,0.0389499799755984,0.8,0.192507106352504,0.0228836418030386,0.0321163581969614
"218","F317L","M5",1000,"d0d6",NA,NA,0.8,0.192507106352504,0.0228836418030386,0.0321163581969614
"219","F317L","M4",5000,"d0d6",NA,NA,0.8,0.192507106352504,0.0228836418030386,0.0321163581969614
"220","F359L","M3",1000,"d0d6",NA,NA,NA,NA,NA,NA
"221","F359L","M3",1000,"d3d6",NA,NA,NA,NA,NA,NA
"222","F359L","M3",1000,"d0d3",-0.0031374685958978,0.0581374685958978,NA,NA,NA,NA
"223","F359L","M4",5000,"d0d3",NA,NA,NA,NA,NA,NA
"224","F359L","M5",1000,"d0d3",NA,NA,NA,NA,NA,NA
"225","F359L","M6",5000,"d0d3",NA,NA,NA,NA,NA,NA
"226","F359L","M7",1000,"d0d3",NA,NA,NA,NA,NA,NA
"227","F359L","M7",1000,"d0d6",NA,NA,NA,NA,NA,NA
"228","F359L","M4",5000,"d3d6",NA,NA,NA,NA,NA,NA
"229","F359L","M5",1000,"d3d6",NA,NA,NA,NA,NA,NA
"230","F359L","M4",5000,"d0d6",NA,NA,NA,NA,NA,NA
"231","F359L","M6",5000,"d0d6",NA,NA,NA,NA,NA,NA
"232","F359L","M5",1000,"d0d6",NA,NA,NA,NA,NA,NA
"233","F359L","M7",1000,"d3d6",NA,NA,NA,NA,NA,NA
"234","F359L","M6",5000,"d3d6",NA,NA,NA,NA,NA,NA
"235","F359V","M3",1000,"d0d3",0.034874909856677,0.020125090143323,0.8,0.210522229037318,0.021641167087607,0.033358832912393
"236","F359V","Enu_3",1000,"d3d6",NA,NA,0.8,0.210522229037318,0.021641167087607,0.033358832912393
"237","F359V","M4",5000,"d0d3",NA,NA,0.8,0.210522229037318,0.021641167087607,0.033358832912393
"238","F359V","Enu_4",1000,"d0d3",0.000472901407290225,0.0545270985927098,0.8,0.210522229037318,0.021641167087607,0.033358832912393
"239","F359V","M6",5000,"d0d3",NA,NA,0.8,0.210522229037318,0.021641167087607,0.033358832912393
"240","F359V","Enu_4",1000,"d3d6",-0.00235009775758379,0.0573500977575838,0.8,0.210522229037318,0.021641167087607,0.033358832912393
"241","F359V","Enu_3",1000,"d0d3",NA,NA,0.8,0.210522229037318,0.021641167087607,0.033358832912393
"242","F359V","M5",1000,"d0d3",NA,NA,0.8,0.210522229037318,0.021641167087607,0.033358832912393
"243","F359V","M4",5000,"d3d6",0.0319261652555624,0.0230738347444376,0.8,0.210522229037318,0.021641167087607,0.033358832912393
"244","F359V","M7",1000,"d0d3",NA,NA,0.8,0.210522229037318,0.021641167087607,0.033358832912393
"245","F359V","M3",1000,"d3d6",0.028451268722294,0.026548731277706,0.8,0.210522229037318,0.021641167087607,0.033358832912393
"246","F359V","Enu_4",1000,"d0d6",-0.000938598175146783,0.0559385981751468,0.8,0.210522229037318,0.021641167087607,0.033358832912393
"247","F359V","M7",1000,"d0d6",NA,NA,0.8,0.210522229037318,0.021641167087607,0.033358832912393
"248","F359V","M5",1000,"d3d6",0.012149502478388,0.042850497521612,0.8,0.210522229037318,0.021641167087607,0.033358832912393
"249","F359V","Enu_3",1000,"d0d6",NA,NA,0.8,0.210522229037318,0.021641167087607,0.033358832912393
"250","F359V","M7",1000,"d3d6",0.0245087972988564,0.0304912027011436,0.8,0.210522229037318,0.021641167087607,0.033358832912393
"251","F359V","M6",5000,"d0d6",NA,NA,0.8,0.210522229037318,0.021641167087607,0.033358832912393
"252","F359V","M3",1000,"d0d6",0.0316630892894855,0.0233369107105145,0.8,0.210522229037318,0.021641167087607,0.033358832912393
"253","F359V","M6",5000,"d3d6",0.0297729630991121,0.0252270369008879,0.8,0.210522229037318,0.021641167087607,0.033358832912393
"254","F359V","M5",1000,"d0d6",NA,NA,0.8,0.210522229037318,0.021641167087607,0.033358832912393
"255","F359V","M4",5000,"d0d6",NA,NA,0.8,0.210522229037318,0.021641167087607,0.033358832912393
"256","F359I","M6",5000,"d0d3",0.0349286087440826,0.0200713912559174,0.8,0.179960361874747,0.0238197036687371,0.0311802963312629
"257","F359I","M5",1000,"d3d6",-0.00131177652732138,0.0563117765273214,0.8,0.179960361874747,0.0238197036687371,0.0311802963312629
"258","F359I","M7",1000,"d0d6",NA,NA,0.8,0.179960361874747,0.0238197036687371,0.0311802963312629
"259","F359I","M5",1000,"d0d3",NA,NA,0.8,0.179960361874747,0.0238197036687371,0.0311802963312629
"260","F359I","M4",5000,"d3d6",0.0185405373776214,0.0364594626223786,0.8,0.179960361874747,0.0238197036687371,0.0311802963312629
"261","F359I","M7",1000,"d0d3",NA,NA,0.8,0.179960361874747,0.0238197036687371,0.0311802963312629
"262","F359I","M7",1000,"d3d6",0.0133176750947091,0.0416823249052909,0.8,0.179960361874747,0.0238197036687371,0.0311802963312629
"263","F359I","M6",5000,"d0d6",0.0176230110273059,0.0373769889726941,0.8,0.179960361874747,0.0238197036687371,0.0311802963312629
"264","F359I","M4",5000,"d0d3",NA,NA,0.8,0.179960361874747,0.0238197036687371,0.0311802963312629
"265","F359I","M4",5000,"d0d6",NA,NA,0.8,0.179960361874747,0.0238197036687371,0.0311802963312629
"266","F359I","M6",5000,"d3d6",0.000317413310529148,0.0546825866894709,0.8,0.179960361874747,0.0238197036687371,0.0311802963312629
"267","F359I","M5",1000,"d0d6",NA,NA,0.8,0.179960361874747,0.0238197036687371,0.0311802963312629
"268","F359I","M3",1000,"d0d3",0.0229487230196449,0.0320512769803551,0.8,0.179960361874747,0.0238197036687371,0.0311802963312629
"269","F359I","M3",1000,"d0d6",0.025311340168043,0.029688659831957,0.8,0.179960361874747,0.0238197036687371,0.0311802963312629
"270","F359I","M3",1000,"d3d6",0.0276739573164411,0.0273260426835589,0.8,0.179960361874747,0.0238197036687371,0.0311802963312629
"271","E355G","M4",5000,"d0d3",NA,NA,0.8,0.23683817861953,0.0200052522456887,0.0349947477543113
"272","E355G","Enu_4",1000,"d0d3",0.0103334210952237,0.0446665789047763,0.8,0.23683817861953,0.0200052522456887,0.0349947477543113
"273","E355G","M3",1000,"d0d3",0.0185280300274317,0.0364719699725683,0.8,0.23683817861953,0.0200052522456887,0.0349947477543113
"274","E355G","Enu_3",1000,"d0d6",NA,NA,0.8,0.23683817861953,0.0200052522456887,0.0349947477543113
"275","E355G","M5",1000,"d0d3",NA,NA,0.8,0.23683817861953,0.0200052522456887,0.0349947477543113
"276","E355G","Enu_3",1000,"d3d6",NA,NA,0.8,0.23683817861953,0.0200052522456887,0.0349947477543113
"277","E355G","Enu_4",1000,"d3d6",NA,NA,0.8,0.23683817861953,0.0200052522456887,0.0349947477543113
"278","E355G","M7",1000,"d0d3",NA,NA,0.8,0.23683817861953,0.0200052522456887,0.0349947477543113
"279","E355G","M3",1000,"d3d6",0.0267902770166541,0.0282097229833459,0.8,0.23683817861953,0.0200052522456887,0.0349947477543113
"280","E355G","Enu_3",1000,"d0d3",NA,NA,0.8,0.23683817861953,0.0200052522456887,0.0349947477543113
"281","E355G","M6",5000,"d0d3",0.0138757912325283,0.0411242087674717,0.8,0.23683817861953,0.0200052522456887,0.0349947477543113
"282","E355G","M5",1000,"d3d6",0.00378404910423811,0.0512159508957619,0.8,0.23683817861953,0.0200052522456887,0.0349947477543113
"283","E355G","M7",1000,"d3d6",-0.00629905685449964,0.0612990568544996,0.8,0.23683817861953,0.0200052522456887,0.0349947477543113
"284","E355G","M4",5000,"d3d6",0.0128916576093964,0.0421083423906036,0.8,0.23683817861953,0.0200052522456887,0.0349947477543113
"285","E355G","M3",1000,"d0d6",0.0226591535220429,0.0323408464779571,0.8,0.23683817861953,0.0200052522456887,0.0349947477543113
"286","E355G","M6",5000,"d3d6",0.0118278860192327,0.0431721139807673,0.8,0.23683817861953,0.0200052522456887,0.0349947477543113
"287","E355G","Enu_4",1000,"d0d6",NA,NA,0.8,0.23683817861953,0.0200052522456887,0.0349947477543113
"288","E355G","M7",1000,"d0d6",NA,NA,0.8,0.23683817861953,0.0200052522456887,0.0349947477543113
"289","E355G","M4",5000,"d0d6",NA,NA,0.8,0.23683817861953,0.0200052522456887,0.0349947477543113
"290","E355G","M6",5000,"d0d6",0.0128518386258805,0.0421481613741195,0.8,0.23683817861953,0.0200052522456887,0.0349947477543113
"291","E355G","M5",1000,"d0d6",NA,NA,0.8,0.23683817861953,0.0200052522456887,0.0349947477543113
"292","E355A","M7",1000,"d0d3",NA,NA,0.8,0.108102474992904,0.0308982730444104,0.0241017269555896
"293","E355A","M6",5000,"d0d3",0.037364718698236,0.017635281301764,0.8,0.108102474992904,0.0308982730444104,0.0241017269555896
"294","E355A","M7",1000,"d0d6",NA,NA,0.8,0.108102474992904,0.0308982730444104,0.0241017269555896
"295","E355A","M5",1000,"d0d3",NA,NA,0.8,0.108102474992904,0.0308982730444104,0.0241017269555896
"296","E355A","M6",5000,"d3d6",NA,NA,0.8,0.108102474992904,0.0308982730444104,0.0241017269555896
"297","E355A","M6",5000,"d0d6",NA,NA,0.8,0.108102474992904,0.0308982730444104,0.0241017269555896
"298","E355A","M4",5000,"d0d3",NA,NA,0.8,0.108102474992904,0.0308982730444104,0.0241017269555896
"299","E355A","M5",1000,"d3d6",0.000184063148507012,0.054815936851493,0.8,0.108102474992904,0.0308982730444104,0.0241017269555896
"300","E355A","M7",1000,"d3d6",NA,NA,0.8,0.108102474992904,0.0308982730444104,0.0241017269555896
"301","E355A","M3",1000,"d0d3",0.0349377398118437,0.0200622601881563,0.8,0.108102474992904,0.0308982730444104,0.0241017269555896
"302","E355A","M4",5000,"d3d6",0.000739116852729229,0.0542608831472708,0.8,0.108102474992904,0.0308982730444104,0.0241017269555896
"303","E355A","M5",1000,"d0d6",NA,NA,0.8,0.108102474992904,0.0308982730444104,0.0241017269555896
"304","E355A","M3",1000,"d3d6",0.012731599110772,0.042268400889228,0.8,0.108102474992904,0.0308982730444104,0.0241017269555896
"305","E355A","M4",5000,"d0d6",NA,NA,0.8,0.108102474992904,0.0308982730444104,0.0241017269555896
"306","E355A","M3",1000,"d0d6",0.0238346694613078,0.0311653305386922,0.8,0.108102474992904,0.0308982730444104,0.0241017269555896
"307","E459K","M4",5000,"d3d6",0.0119926264309184,0.0430073735690816,0.8,0.0817565121450225,0.0347779140709871,0.0202220859290129
"308","E459K","M5",1000,"d0d3",NA,NA,0.8,0.0817565121450225,0.0347779140709871,0.0202220859290129
"309","E459K","M4",5000,"d0d3",NA,NA,0.8,0.0817565121450225,0.0347779140709871,0.0202220859290129
"310","E459K","M6",5000,"d3d6",-0.00721304443411948,0.0622130444341195,0.8,0.0817565121450225,0.0347779140709871,0.0202220859290129
"311","E459K","M6",5000,"d0d3",0.0430977566389742,0.0119022433610258,0.8,0.0817565121450225,0.0347779140709871,0.0202220859290129
"312","E459K","M5",1000,"d3d6",0.0154217487866259,0.0395782512133741,0.8,0.0817565121450225,0.0347779140709871,0.0202220859290129
"313","E459K","M7",1000,"d3d6",0.0244149447014492,0.0305850552985508,0.8,0.0817565121450225,0.0347779140709871,0.0202220859290129
"314","E459K","M3",1000,"d0d3",0.0232793848963411,0.031720615103659,0.8,0.0817565121450225,0.0347779140709871,0.0202220859290129
"315","E459K","M3",1000,"d0d6",0.0156006810343837,0.0393993189656163,0.8,0.0817565121450225,0.0347779140709871,0.0202220859290129
"316","E459K","M4",5000,"d0d6",NA,NA,0.8,0.0817565121450225,0.0347779140709871,0.0202220859290129
"317","E459K","M5",1000,"d0d6",NA,NA,0.8,0.0817565121450225,0.0347779140709871,0.0202220859290129
"318","E459K","M3",1000,"d3d6",0.00792197717242642,0.0470780228275736,0.8,0.0817565121450225,0.0347779140709871,0.0202220859290129
"319","E459K","M7",1000,"d0d6",NA,NA,0.8,0.0817565121450225,0.0347779140709871,0.0202220859290129
"320","E459K","M7",1000,"d0d3",NA,NA,0.8,0.0817565121450225,0.0347779140709871,0.0202220859290129
"321","E459K","M6",5000,"d0d6",0.0179423561024273,0.0370576438975727,0.8,0.0817565121450225,0.0347779140709871,0.0202220859290129
"322","Y320C","M3",1000,"d3d6",0.0441715968666497,0.0108284031333503,NA,NA,NA,NA
"323","Y320C","M3",1000,"d0d3",NA,NA,NA,NA,NA,NA
"324","Y320C","M4",5000,"d0d3",NA,NA,NA,NA,NA,NA
"325","Y320C","M5",1000,"d0d3",NA,NA,NA,NA,NA,NA
"326","Y320C","M6",5000,"d0d3",NA,NA,NA,NA,NA,NA
"327","Y320C","M3",1000,"d0d6",NA,NA,NA,NA,NA,NA
"328","Y320C","M4",5000,"d0d6",NA,NA,NA,NA,NA,NA
"329","Y320C","M4",5000,"d3d6",NA,NA,NA,NA,NA,NA
"330","Y320C","M5",1000,"d3d6",NA,NA,NA,NA,NA,NA
"331","Y320C","M6",5000,"d3d6",0.0294304233077991,0.0255695766922009,NA,NA,NA,NA
"332","Y320C","M7",1000,"d0d3",NA,NA,NA,NA,NA,NA
"333","Y320C","M6",5000,"d0d6",NA,NA,NA,NA,NA,NA
"334","Y320C","M7",1000,"d3d6",NA,NA,NA,NA,NA,NA
"335","Y320C","M7",1000,"d0d6",NA,NA,NA,NA,NA,NA
"336","Y320C","M5",1000,"d0d6",NA,NA,NA,NA,NA,NA
"337","D276G","Enu_4",1000,"d0d3",NA,NA,0.8,0.121652384406831,0.0292581612416018,0.0257418387583982
"338","D276G","Enu_4",1000,"d3d6",NA,NA,0.8,0.121652384406831,0.0292581612416018,0.0257418387583982
"339","D276G","M3",1000,"d0d3",0.0177152567264708,0.0372847432735292,0.8,0.121652384406831,0.0292581612416018,0.0257418387583982
"340","D276G","Enu_4",1000,"d0d6",NA,NA,0.8,0.121652384406831,0.0292581612416018,0.0257418387583982
"341","D276G","M3",1000,"d0d6",NA,NA,0.8,0.121652384406831,0.0292581612416018,0.0257418387583982
"342","D276G","M3",1000,"d3d6",NA,NA,0.8,0.121652384406831,0.0292581612416018,0.0257418387583982
"343","F311L","Enu_3",1000,"d0d6",NA,NA,NA,NA,NA,NA
"344","F311L","Enu_3",1000,"d3d6",NA,NA,NA,NA,NA,NA
"345","F311L","Enu_3",1000,"d0d3",NA,NA,NA,NA,NA,NA
"346","F311L","Enu_4",1000,"d0d3",0.020271028707246,0.034728971292754,NA,NA,NA,NA
"347","F311L","Enu_4",1000,"d0d6",0.0245015659378211,0.0304984340621789,NA,NA,NA,NA
"348","F311L","Enu_4",1000,"d3d6",0.0287321031683962,0.0262678968316038,NA,NA,NA,NA
"349","F359C","Enu_3",1000,"d0d3",NA,NA,0.8,0.468769234621851,0.0105228426205477,0.0444771573794523
"350","F359C","Enu_3",1000,"d3d6",NA,NA,0.8,0.468769234621851,0.0105228426205477,0.0444771573794523
"351","F359C","Enu_3",1000,"d0d6",NA,NA,0.8,0.468769234621851,0.0105228426205477,0.0444771573794523
"352","F359C","Enu_4",1000,"d0d6",NA,NA,0.8,0.468769234621851,0.0105228426205477,0.0444771573794523
"353","F359C","Enu_4",1000,"d3d6",NA,NA,0.8,0.468769234621851,0.0105228426205477,0.0444771573794523
"354","F359C","Enu_4",1000,"d0d3",0.00307914873430467,0.0519208512656953,0.8,0.468769234621851,0.0105228426205477,0.0444771573794523
"355","A397P","Enu_4",1000,"d0d3",0.0106373480309168,0.0443626519690832,NA,NA,NA,NA
"356","A397P","Enu_4",1000,"d3d6",NA,NA,NA,NA,NA,NA
"357","A397P","Enu_3",1000,"d0d6",NA,NA,NA,NA,NA,NA
"358","A397P","Enu_3",1000,"d0d3",NA,NA,NA,NA,NA,NA
"359","A397P","Enu_4",1000,"d0d6",NA,NA,NA,NA,NA,NA
"360","A397P","Enu_3",1000,"d3d6",NA,NA,NA,NA,NA,NA
