"mutant","experiment","netgr_model_m3","correction_status","netgr_obs"
"D276G","M3",NA,"netgr_obs",NA
"E255K","M6",0.0334809738680772,"netgr_obs",0.0223612985762536
"E255K","M4",0.0334809738680772,"netgr_obs",0.0310994307754623
"E255K","M3",0.0334809738680772,"netgr_obs",0.0334809738680772
"E255K","M7",0.0334809738680772,"netgr_obs",0.0273175236817737
"E255K","M5",0.0334809738680772,"netgr_obs",0.018454112899826
"E255V","M6",0.0549,"netgr_obs",0.0549
"E255V","M4",0.0549,"netgr_obs",0.0549
"E255V","M7",0.0549,"netgr_obs",0.0521537397342698
"E255V","M5",0.0549,"netgr_obs",0.0420585991056577
"E255V","M3",0.0549,"netgr_obs",0.0549
"E355A","M6",0.012731599110772,"netgr_obs",NA
"E355A","M4",0.012731599110772,"netgr_obs",0.000739116852729229
"E355A","M7",0.012731599110772,"netgr_obs",NA
"E355A","M5",0.012731599110772,"netgr_obs",0.000184063148507012
"E355A","M3",0.012731599110772,"netgr_obs",0.012731599110772
"E355G","M6",0.0267902770166541,"netgr_obs",0.0118278860192327
"E355G","M4",0.0267902770166541,"netgr_obs",0.0128916576093964
"E355G","M7",0.0267902770166541,"netgr_obs",-0.00629905685449964
"E355G","M5",0.0267902770166541,"netgr_obs",0.00378404910423811
"E355G","M3",0.0267902770166541,"netgr_obs",0.0267902770166541
"E459K","M6",0.00792197717242642,"netgr_obs",-0.00721304443411948
"E459K","M4",0.00792197717242642,"netgr_obs",0.0119926264309184
"E459K","M7",0.00792197717242642,"netgr_obs",0.0244149447014492
"E459K","M5",0.00792197717242642,"netgr_obs",0.0154217487866259
"E459K","M3",0.00792197717242642,"netgr_obs",0.00792197717242642
"F317L","M6",0.0308041892913613,"netgr_obs",0.0160500200244016
"F317L","M5",0.0308041892913613,"netgr_obs",0.0157697540124068
"F317L","M3",0.0308041892913613,"netgr_obs",0.0308041892913613
"F317L","M4",0.0308041892913613,"netgr_obs",0.0140740544933049
"F317L","M7",0.0308041892913613,"netgr_obs",0.0175466585203488
"F359I","M6",0.0276739573164411,"netgr_obs",0.000317413310529148
"F359I","M4",0.0276739573164411,"netgr_obs",0.0185405373776214
"F359I","M7",0.0276739573164411,"netgr_obs",0.0133176750947091
"F359I","M5",0.0276739573164411,"netgr_obs",-0.00131177652732138
"F359I","M3",0.0276739573164411,"netgr_obs",0.0276739573164411
"F359L","M7",NA,"netgr_obs",NA
"F359L","M5",NA,"netgr_obs",NA
"F359L","M3",NA,"netgr_obs",NA
"F359L","M4",NA,"netgr_obs",NA
"F359L","M6",NA,"netgr_obs",NA
"F359V","M6",0.028451268722294,"netgr_obs",0.0297729630991121
"F359V","M4",0.028451268722294,"netgr_obs",0.0319261652555624
"F359V","M7",0.028451268722294,"netgr_obs",0.0245087972988564
"F359V","M5",0.028451268722294,"netgr_obs",0.012149502478388
"F359V","M3",0.028451268722294,"netgr_obs",0.028451268722294
"G250E","M6",0.0517196077013197,"netgr_obs",0.0511485233285775
"G250E","M4",0.0517196077013197,"netgr_obs",0.0501433491660108
"G250E","M7",0.0517196077013197,"netgr_obs",0.0471097526960482
"G250E","M5",0.0517196077013197,"netgr_obs",0.0375950168128817
"G250E","M3",0.0517196077013197,"netgr_obs",0.0517196077013197
"H396P","M6",0.0487243231157813,"netgr_obs",0.0407904899805769
"H396P","M4",0.0487243231157813,"netgr_obs",0.0378978239950472
"H396P","M7",0.0487243231157813,"netgr_obs",0.0361782186753564
"H396P","M5",0.0487243231157813,"netgr_obs",0.0318396979860822
"H396P","M3",0.0487243231157813,"netgr_obs",0.0487243231157813
"H396R","M6",0.0427198643829193,"netgr_obs",0.0417233554390856
"H396R","M5",0.0427198643829193,"netgr_obs",0.0323473649519127
"H396R","M3",0.0427198643829193,"netgr_obs",0.0427198643829193
"H396R","M4",0.0427198643829193,"netgr_obs",0.0365771742828268
"H396R","M7",0.0427198643829193,"netgr_obs",0.0441999457380923
"L248V","M3",0.0396406266927503,"netgr_obs",0.0396406266927503
"L248V","M4",0.0396406266927503,"netgr_obs",0.0309686188981078
"L248V","M6",0.0396406266927503,"netgr_obs",0.0302288352512854
"L248V","M7",0.0396406266927503,"netgr_obs",0.0269192923087508
"L248V","M5",0.0396406266927503,"netgr_obs",0.0281485278643909
"M351T","M6",0.0549,"netgr_obs",0.0504638392474484
"M351T","M4",0.0549,"netgr_obs",0.0517805755748803
"M351T","M7",0.0549,"netgr_obs",0.048565238848959
"M351T","M5",0.0549,"netgr_obs",0.0413809616989955
"M351T","M3",0.0549,"netgr_obs",0.0549
"Q252H","M4",0.0350310392612771,"netgr_obs",0.0183321277910253
"Q252H","M7",0.0350310392612771,"netgr_obs",0.026188301691051
"Q252H","M6",0.0350310392612771,"netgr_obs",0.0222071460834166
"Q252H","M5",0.0350310392612771,"netgr_obs",0.0195654134351078
"Q252H","M3",0.0350310392612771,"netgr_obs",0.0350310392612771
"T315I","M6",0.0549,"netgr_obs",0.0549
"T315I","M4",0.0549,"netgr_obs",0.0549
"T315I","M7",0.0549,"netgr_obs",0.0512023868232599
"T315I","M5",0.0549,"netgr_obs",0.0431633699185258
"T315I","M3",0.0549,"netgr_obs",0.0549
"Y253F","M7",0.0469383450557703,"netgr_obs",0.0355397221781819
"Y253F","M5",0.0469383450557703,"netgr_obs",0.0299196444387935
"Y253F","M6",0.0469383450557703,"netgr_obs",0.0382051517146049
"Y253F","M4",0.0469383450557703,"netgr_obs",0.0336183747514546
"Y253F","M3",0.0469383450557703,"netgr_obs",0.0469383450557703
"Y253H","M6",0.0549,"netgr_obs",0.0549
"Y253H","M4",0.0549,"netgr_obs",0.0549
"Y253H","M7",0.0549,"netgr_obs",0.0539402361362578
"Y253H","M5",0.0549,"netgr_obs",0.0426865554238963
"Y253H","M3",0.0549,"netgr_obs",0.0549
"Y320C","M6",0.0441715968666497,"netgr_obs",0.0294304233077991
"Y320C","M4",0.0441715968666497,"netgr_obs",NA
"Y320C","M7",0.0441715968666497,"netgr_obs",NA
"Y320C","M5",0.0441715968666497,"netgr_obs",NA
"Y320C","M3",0.0441715968666497,"netgr_obs",0.0441715968666497
"D276G","M3",NA,"netgr_obs_corrected",NA
"E255K","M6",0.0334809738680772,"netgr_obs_corrected",0.0334821529902935
"E255K","M4",0.0334809738680772,"netgr_obs_corrected",0.0334821529902935
"E255K","M3",0.0334809738680772,"netgr_obs_corrected",0.0334821529902935
"E255K","M7",0.0334809738680772,"netgr_obs_corrected",0.0334821529902935
"E255K","M5",0.0334809738680772,"netgr_obs_corrected",0.0334821529902935
"E255V","M6",0.0549,"netgr_obs_corrected",0.0549608216159874
"E255V","M4",0.0549,"netgr_obs_corrected",0.054919144076046
"E255V","M7",0.0549,"netgr_obs_corrected",0.0532650379045073
"E255V","M5",0.0549,"netgr_obs_corrected",0.0499097654063957
"E255V","M3",0.0549,"netgr_obs_corrected",0.0549000107397646
"E355A","M6",0.012731599110772,"netgr_obs_corrected",NA
"E355A","M4",0.012731599110772,"netgr_obs_corrected",0.00363391198704253
"E355A","M7",0.012731599110772,"netgr_obs_corrected",NA
"E355A","M5",0.012731599110772,"netgr_obs_corrected",0.0168416031451567
"E355A","M3",0.012731599110772,"netgr_obs_corrected",0.0127330248220674
"E355G","M6",0.0267902770166541,"netgr_obs_corrected",0.0239383087862152
"E355G","M4",0.0267902770166541,"netgr_obs_corrected",0.0156943835007531
"E355G","M7",0.0267902770166541,"netgr_obs_corrected",0.00102831565713393
"E355G","M5",0.0267902770166541,"netgr_obs_corrected",0.0202552065450698
"E355G","M3",0.0267902770166541,"netgr_obs_corrected",0.0267915776928883
"E459K","M6",0.00792197717242642,"netgr_obs_corrected",0.00558863994387153
"E459K","M4",0.00792197717242642,"netgr_obs_corrected",0.0148052194603315
"E459K","M7",0.00792197717242642,"netgr_obs_corrected",0.0308123938823214
"E459K","M5",0.00792197717242642,"netgr_obs_corrected",0.0308682145616005
"E459K","M3",0.00792197717242642,"netgr_obs_corrected",0.00792342377596562
"F317L","M6",0.0308041892913613,"netgr_obs_corrected",0.0278430202824216
"F317L","M5",0.0308041892913613,"netgr_obs_corrected",0.0311721164338608
"F317L","M3",0.0308041892913613,"netgr_obs_corrected",0.0308054241510115
"F317L","M4",0.0308041892913613,"netgr_obs_corrected",0.0168628036876452
"F317L","M7",0.0308041892913613,"netgr_obs_corrected",0.0243438937485622
"F359I","M6",0.0276739573164411,"netgr_obs_corrected",0.0129466012642659
"F359I","M4",0.0276739573164411,"netgr_obs_corrected",0.0212645079196295
"F359I","M7",0.0276739573164411,"netgr_obs_corrected",0.0202823485777945
"F359I","M5",0.0276739573164411,"netgr_obs_corrected",0.0154106634681585
"F359I","M3",0.0276739573164411,"netgr_obs_corrected",0.0276752450898014
"F359L","M7",NA,"netgr_obs_corrected",NA
"F359L","M5",NA,"netgr_obs_corrected",NA
"F359L","M3",NA,"netgr_obs_corrected",NA
"F359L","M4",NA,"netgr_obs_corrected",NA
"F359L","M6",NA,"netgr_obs_corrected",NA
"F359V","M6",0.028451268722294,"netgr_obs_corrected",0.0396813643262148
"F359V","M4",0.028451268722294,"netgr_obs_corrected",0.0342741926204164
"F359V","M7",0.028451268722294,"netgr_obs_corrected",0.0308993992036329
"F359V","M5",0.028451268722294,"netgr_obs_corrected",0.0279662992872056
"F359V","M3",0.028451268722294,"netgr_obs_corrected",0.0284525444470067
"G250E","M6",0.0517196077013197,"netgr_obs_corrected",0.0533650072938186
"G250E","M4",0.0517196077013197,"netgr_obs_corrected",0.0509534079308939
"G250E","M7",0.0517196077013197,"netgr_obs_corrected",0.0498635724127776
"G250E","M5",0.0517196077013197,"netgr_obs_corrected",0.0474719484304985
"G250E","M3",0.0517196077013197,"netgr_obs_corrected",0.0517199226278083
"H396P","M6",0.0487243231157813,"netgr_obs_corrected",0.0476584789083317
"H396P","M4",0.0487243231157813,"netgr_obs_corrected",0.0399274099337308
"H396P","M7",0.0487243231157813,"netgr_obs_corrected",0.041290927460376
"H396P","M5",0.0487243231157813,"netgr_obs_corrected",0.043820280073973
"H396P","M3",0.0487243231157813,"netgr_obs_corrected",0.048724867363678
"H396R","M6",0.0427198643829193,"netgr_obs_corrected",0.0482491826077504
"H396R","M5",0.0427198643829193,"netgr_obs_corrected",0.04416422690822
"H396R","M3",0.0427198643829193,"netgr_obs_corrected",0.0427207430701424
"H396R","M4",0.0427198643829193,"netgr_obs_corrected",0.0386887149263672
"H396R","M7",0.0427198643829193,"netgr_obs_corrected",0.047727571383475
"L248V","M3",0.0396406266927503,"netgr_obs_corrected",0.0396416283462769
"L248V","M4",0.0396406266927503,"netgr_obs_corrected",0.0333566516489124
"L248V","M6",0.0396406266927503,"netgr_obs_corrected",0.0400438685489805
"L248V","M7",0.0396406266927503,"netgr_obs_corrected",0.0331185679598199
"L248V","M5",0.0396406266927503,"netgr_obs_corrected",0.0412019139728398
"M351T","M6",0.0549,"netgr_obs_corrected",0.0530468385449182
"M351T","M4",0.0549,"netgr_obs_corrected",0.0523435457800349
"M351T","M7",0.0549,"netgr_obs_corrected",0.0508859475715727
"M351T","M5",0.0549,"netgr_obs_corrected",0.0495626039566252
"M351T","M3",0.0549,"netgr_obs_corrected",0.0549000107397646
"Q252H","M4",0.0350310392612771,"netgr_obs_corrected",0.0210595988630925
"Q252H","M7",0.0350310392612771,"netgr_obs_corrected",0.032448856608579
"Q252H","M6",0.0350310392612771,"netgr_obs_corrected",0.0333478466763236
"Q252H","M5",0.0350310392612771,"netgr_obs_corrected",0.0344194898904057
"Q252H","M3",0.0350310392612771,"netgr_obs_corrected",0.0350321808412126
"T315I","M6",0.0549,"netgr_obs_corrected",0.0549608216159874
"T315I","M4",0.0549,"netgr_obs_corrected",0.054919144076046
"T315I","M7",0.0549,"netgr_obs_corrected",0.0526546097601672
"T315I","M5",0.0549,"netgr_obs_corrected",0.0504580338907507
"T315I","M3",0.0549,"netgr_obs_corrected",0.0549000107397646
"Y253F","M7",0.0469383450557703,"netgr_obs_corrected",0.0407492795417506
"Y253F","M5",0.0469383450557703,"netgr_obs_corrected",0.0424834711982713
"Y253F","M6",0.0469383450557703,"netgr_obs_corrected",0.0459469566554047
"Y253F","M4",0.0469383450557703,"netgr_obs_corrected",0.035888922760075
"Y253F","M3",0.0469383450557703,"netgr_obs_corrected",0.0469390042758462
"Y253H","M6",0.0549,"netgr_obs_corrected",0.0549608216159874
"Y253H","M4",0.0549,"netgr_obs_corrected",0.054919144076046
"Y253H","M7",0.0549,"netgr_obs_corrected",0.0543702563853695
"Y253H","M5",0.0549,"netgr_obs_corrected",0.0502240978909572
"Y253H","M3",0.0549,"netgr_obs_corrected",0.0549000107397646
"Y320C","M6",0.0441715968666497,"netgr_obs_corrected",0.039407390168895
"Y320C","M4",0.0441715968666497,"netgr_obs_corrected",NA
"Y320C","M7",0.0441715968666497,"netgr_obs_corrected",NA
"Y320C","M5",0.0441715968666497,"netgr_obs_corrected",NA
"Y320C","M3",0.0441715968666497,"netgr_obs_corrected",0.0441724074181268
